{
  "type": "FeatureCollection",
  "metadata": {
    "generated_by": "tools/import_spreadsheet_locations.py",
    "governance_status": "needs_manual_review_before_final_rally_use",
    "input_files": 21,
    "xlsx_files_read": 20,
    "unsupported_files": [
      "Daftar_Lokasi_Bersih__unik_.xlt"
    ],
    "empty_or_non_location_sheets": 6,
    "rows_seen": 4107,
    "rows_imported_before_dedupe": 4010,
    "outside_bali_or_missing_coordinate": 97,
    "unique_places": 1734
  },
  "features": [
    {
      "type": "Feature",
      "properties": {
        "name": "3 Public Elementary School Pecatu Bali",
        "category": "sekolah_dasar",
        "region": "Badung Regency",
        "confidence": 0.84,
        "source_file": "LZIT5G8W.xlsx",
        "address": "538V+RV7, Jl. Raya Uluwatu Pecatu, Pecatu, Kec. Kuta Sel., Kabupaten Badung, Bali"
      },
      "geometry": {
        "type": "Point",
        "coordinates": [
          115.0946715,
          -8.8329581
        ]
      }
    },
    {
      "type": "Feature",
      "properties": {
        "name": "AnaBunda Midwifery care",
        "category": "kantor_pemerintah",
        "region": "Badung Regency",
        "confidence": 0.87,
        "source_file": "20F8ADAH.xlsx, QP4FQ600.xlsx",
        "address": "Jalan melati, Banjar Bindu, Mekar Bhuwana, Kec. Abiansemal, Kabupaten Badung, Bali 80352"
      },
      "geometry": {
        "type": "Point",
        "coordinates": [
          115.2310187,
          -8.548294
        ]
      }
    },
    {
      "type": "Feature",
      "properties": {
        "name": "BALAI BANJAR BATULANTANG",
        "category": "balai_masyarakat",
        "region": "Badung Regency",
        "confidence": 0.9,
        "source_file": "F5265UR2.xlsx",
        "address": "J6W8+CJF, Jl. Pura Kancing Gumi, Sulangai, Kec. Petang, Kabupaten Badung, Bali 80353"
      },
      "geometry": {
        "type": "Point",
        "coordinates": [
          115.2165619,
          -8.3539439
        ]
      }
    },
    {
      "type": "Feature",
      "properties": {
        "name": "BALAI BANJAR DAMA",
        "category": "balai_masyarakat",
        "region": "Badung Regency",
        "confidence": 0.84,
        "source_file": "4ZDU3D7D.xlsx, F5265UR2.xlsx, S33E300D.xlsx",
        "address": "95G8+36V, Jl. Raya Padonan, Tibubeneng, Kec. Kuta Utara, Kabupaten Badung, Bali 80361"
      },
      "geometry": {
        "type": "Point",
        "coordinates": [
          115.1656456,
          -8.6247285
        ]
      }
    },
    {
      "type": "Feature",
      "properties": {
        "name": "BALAI BANJAR KAJA KANGIN",
        "category": "balai_masyarakat",
        "region": "Badung Regency",
        "confidence": 0.84,
        "source_file": "S33E300D.xlsx",
        "address": "Br. Kaja Kangin Gg. Sandat IV No.2, Cemagi, Kec. Mengwi, Kabupaten Badung, Bali 80351"
      },
      "geometry": {
        "type": "Point",
        "coordinates": [
          115.1179653,
          -8.6241749
        ]
      }
    },
    {
      "type": "Feature",
      "properties": {
        "name": "BALAI BANJAR MUNGGU",
        "category": "balai_masyarakat",
        "region": "Badung Regency",
        "confidence": 0.84,
        "source_file": "20F8ADAH.xlsx, S33E300D.xlsx",
        "address": "F54F+RX5, Gg. Nuri III, Gulingan, Kec. Mengwi, Kabupaten Badung, Bali 80351"
      },
      "geometry": {
        "type": "Point",
        "coordinates": [
          115.1749731,
          -8.542993
        ]
      }
    },
    {
      "type": "Feature",
      "properties": {
        "name": "BALAI BANJAR TANGGAYUDA",
        "category": "kantor_pemerintah",
        "region": "Badung Regency",
        "confidence": 0.84,
        "source_file": "20F8ADAH.xlsx",
        "address": "G62P+2PQ, Jl. Tanggayuda, Bongkasa, Kec. Abiansemal, Kabupaten Badung, Bali 80352"
      },
      "geometry": {
        "type": "Point",
        "coordinates": [
          115.2368487,
          -8.4999171
        ]
      }
    },
    {
      "type": "Feature",
      "properties": {
        "name": "BALAI BANJAR TEGUAN",
        "category": "balai_masyarakat",
        "region": "Badung Regency",
        "confidence": 0.87,
        "source_file": "20F8ADAH.xlsx, GQ3D8NMP.xlsx, QP4FQ600.xlsx",
        "address": "Jl. Jempiring No.38, Punggul, Kec. Abiansemal, Kabupaten Badung, Bali 80352"
      },
      "geometry": {
        "type": "Point",
        "coordinates": [
          115.2212435,
          -8.495729
        ]
      }
    },
    {
      "type": "Feature",
      "properties": {
        "name": "BALAI BANJAR WANAKELING",
        "category": "balai_masyarakat",
        "region": "Badung Regency",
        "confidence": 0.87,
        "source_file": "4ZDU3D7D.xlsx, D7RSP2LU.xlsx, GQ3D8NMP.xlsx, MKMOSR5C.xlsx, S33E300D.xlsx",
        "address": "J6W3+4P3, BANJAR WANAKELING, Sulangai, Kec. Petang, Kabupaten Badung, Bali"
      },
      "geometry": {
        "type": "Point",
        "coordinates": [
          115.204302,
          -8.3547427
        ]
      }
    },
    {
      "type": "Feature",
      "properties": {
        "name": "BANJAR PENGUBENGAN KAUH, KEROBOKAN KELOD",
        "category": "balai_masyarakat",
        "region": "Badung Regency",
        "confidence": 0.87,
        "source_file": "4ZDU3D7D.xlsx, F5265UR2.xlsx",
        "address": "85J9+WQQ, Jl. Pengubengan Kauh, Kerobokan Kelod, Kec. Kuta Utara, Kabupaten Badung, Bali 80361"
      },
      "geometry": {
        "type": "Point",
        "coordinates": [
          115.169476,
          -8.6676617
        ]
      }
    },
    {
      "type": "Feature",
      "properties": {
        "name": "BR TENGAH BUDUK",
        "category": "balai_pertemuan_desa",
        "region": "Badung Regency",
        "confidence": 0.87,
        "source_file": "S33E300D.xlsx",
        "address": "95V7+V3C, Buduk, Kec. Mengwi, Kabupaten Badung, Bali 80351"
      },
      "geometry": {
        "type": "Point",
        "coordinates": [
          115.162654,
          -8.6053212
        ]
      }
    },
    {
      "type": "Feature",
      "properties": {
        "name": "Badan Pendapatan Daerah Kabupaten Badung",
        "category": "kantor_pelayanan_pajak",
        "region": "Badung Regency",
        "confidence": 0.87,
        "source_file": "RZVRQ2SY.xlsx",
        "address": "Jl. Raya Lukluk - Sempidi, Lukluk, Kec. Mengwi, Kabupaten Badung, Bali 80351"
      },
      "geometry": {
        "type": "Point",
        "coordinates": [
          115.1791244,
          -8.6052232
        ]
      }
    },
    {
      "type": "Feature",
      "properties": {
        "name": "Badung Regent Office",
        "category": "kantor_pemda",
        "region": "Badung Regency",
        "confidence": 0.9,
        "source_file": "QP4FQ600.xlsx, RZVRQ2SY.xlsx, S33E300D.xlsx",
        "address": "95XH+8H7, Jl. Raya Sempidi, Sempidi, Kec. Mengwi, Kabupaten Badung, Bali 80351"
      },
      "geometry": {
        "type": "Point",
        "coordinates": [
          115.178935,
          -8.601708
        ]
      }
    },
    {
      "type": "Feature",
      "properties": {
        "name": "Bagian Perencanaan dan Keuangan Setda Kabupaten Badung",
        "category": "kantor_pemerintah",
        "region": "Badung Regency",
        "confidence": 0.84,
        "source_file": "QP4FQ600.xlsx, S33E300D.xlsx",
        "address": "95XH+5FW Mangupraja Mandal, Pusat Pemerintahan, Jl. Raya Sempidi Badung, Sempidi, Kec. Mengwi, Kabupaten Badung, Bali 80351"
      },
      "geometry": {
        "type": "Point",
        "coordinates": [
          115.1787134,
          -8.602014
        ]
      }
    },
    {
      "type": "Feature",
      "properties": {
        "name": "Balai Banjar Adat Aseman Dan Ratih",
        "category": "balai_masyarakat",
        "region": "Badung Regency",
        "confidence": 0.9,
        "source_file": "4ZDU3D7D.xlsx, 20F8ADAH.xlsx, D7RSP2LU.xlsx, F5265UR2.xlsx, QP4FQ600.xlsx, S33E300D.xlsx",
        "address": "C6GQ+95V, Jl. Raya Angantaka, Sedang, Kec. Abiansemal, Kabupaten Badung, Bali 80352"
      },
      "geometry": {
        "type": "Point",
        "coordinates": [
          115.2379322,
          -8.5740103
        ]
      }
    },
    {
      "type": "Feature",
      "properties": {
        "name": "Balai Banjar Adat Belok",
        "category": "pusat_spiritis",
        "region": "Badung Regency",
        "confidence": 0.87,
        "source_file": "4ZDU3D7D.xlsx, 20F8ADAH.xlsx, D7RSP2LU.xlsx, F5265UR2.xlsx, GQ3D8NMP.xlsx, MKMOSR5C.xlsx, QP4FQ600.xlsx, S33E300D.xlsx",
        "address": "P67V+G3W, Belok/Sidan, Kec. Petang, Kabupaten Badung, Bali 80353"
      },
      "geometry": {
        "type": "Point",
        "coordinates": [
          115.2426955,
          -8.2861254
        ]
      }
    },
    {
      "type": "Feature",
      "properties": {
        "name": "Balai Banjar Adat Celuk",
        "category": "balai_masyarakat",
        "region": "Badung Regency",
        "confidence": 0.9,
        "source_file": "4ZDU3D7D.xlsx, 20F8ADAH.xlsx, D7RSP2LU.xlsx, F5265UR2.xlsx, GQ3D8NMP.xlsx, QP4FQ600.xlsx, S33E300D.xlsx",
        "address": "Jl. Raya Padang Luwih No.145, Dalung, Kec. Kuta Utara, Kabupaten Badung, Bali 80361"
      },
      "geometry": {
        "type": "Point",
        "coordinates": [
          115.174269,
          -8.6264686
        ]
      }
    },
    {
      "type": "Feature",
      "properties": {
        "name": "Balai Banjar Adat Gegadon",
        "category": "balai_pertemuan_desa",
        "region": "Badung Regency",
        "confidence": 0.9,
        "source_file": "S33E300D.xlsx",
        "address": "C5CC+4H2, Jl. Siulan, Kapal, Kec. Mengwi, Kabupaten Badung, Bali 80351"
      },
      "geometry": {
        "type": "Point",
        "coordinates": [
          115.1713825,
          -8.5797422
        ]
      }
    },
    {
      "type": "Feature",
      "properties": {
        "name": "Balai Banjar Adat Kedampal",
        "category": "balai_masyarakat",
        "region": "Badung Regency",
        "confidence": 0.9,
        "source_file": "4ZDU3D7D.xlsx, 20F8ADAH.xlsx, D7RSP2LU.xlsx, GQ3D8NMP.xlsx, MKMOSR5C.xlsx, QP4FQ600.xlsx",
        "address": "Jl. Puputan Badung, Dauh Yeh Cani, Kec. Abiansemal, Kabupaten Badung, Bali 80352"
      },
      "geometry": {
        "type": "Point",
        "coordinates": [
          115.2035902,
          -8.5214951
        ]
      }
    },
    {
      "type": "Feature",
      "properties": {
        "name": "Balai Banjar Adat Muncan, Desa Adat Kapal",
        "category": "balai_masyarakat",
        "region": "Badung Regency",
        "confidence": 0.9,
        "source_file": "4ZDU3D7D.xlsx, 20F8ADAH.xlsx, D7RSP2LU.xlsx, F5265UR2.xlsx, QP4FQ600.xlsx, S33E300D.xlsx",
        "address": "C5FH+438, Kapal, Kec. Mengwi, Kabupaten Badung, Bali 80351"
      },
      "geometry": {
        "type": "Point",
        "coordinates": [
          115.1777173,
          -8.5772004
        ]
      }
    },
    {
      "type": "Feature",
      "properties": {
        "name": "Balai Banjar Adat Tatag Seminyak",
        "category": "balai_masyarakat",
        "region": "Badung Regency",
        "confidence": 0.9,
        "source_file": "4ZDU3D7D.xlsx, 20F8ADAH.xlsx, D7RSP2LU.xlsx, F5265UR2.xlsx, GQ3D8NMP.xlsx, MKMOSR5C.xlsx, QP4FQ600.xlsx",
        "address": "Jl. Yudistira No.71, Seminyak, Kec. Kuta, Kabupaten Badung, Bali 80361"
      },
      "geometry": {
        "type": "Point",
        "coordinates": [
          115.1766097,
          -8.6918419
        ]
      }
    },
    {
      "type": "Feature",
      "properties": {
        "name": "Balai Banjar Adat Tohpati",
        "category": "pura",
        "region": "Badung Regency",
        "confidence": 0.84,
        "source_file": "20F8ADAH.xlsx",
        "address": "F6GH+35W Tohpati, Banjar Ambengan, Bongkasa, Abiansemal, Badung Regency, Bali 80571"
      },
      "geometry": {
        "type": "Point",
        "coordinates": [
          115.2279669,
          -8.5247576
        ]
      }
    },
    {
      "type": "Feature",
      "properties": {
        "name": "Balai Banjar Agung Mambal",
        "category": "balai_masyarakat",
        "region": "Badung Regency",
        "confidence": 0.9,
        "source_file": "4ZDU3D7D.xlsx, 20F8ADAH.xlsx, D7RSP2LU.xlsx, GQ3D8NMP.xlsx, QP4FQ600.xlsx, S33E300D.xlsx",
        "address": "C6X9+J8P, Mambal, Kec. Abiansemal, Kabupaten Badung, Bali 80352"
      },
      "geometry": {
        "type": "Point",
        "coordinates": [
          115.2183203,
          -8.5509154
        ]
      }
    },
    {
      "type": "Feature",
      "properties": {
        "name": "Balai Banjar Alas War Lukluk",
        "category": "balai_masyarakat",
        "region": "Badung Regency",
        "confidence": 0.9,
        "source_file": "4ZDU3D7D.xlsx, 20F8ADAH.xlsx, D7RSP2LU.xlsx, F5265UR2.xlsx, QP4FQ600.xlsx, S33E300D.xlsx",
        "address": "Gg. Taman Suranadi, Br. Perang Alas Lukluk, Desa Lukluk, Kec. Mengwi, Jl. Laksmana No.43, Lukluk, Kec. Mengwi, Kabupaten Badung, Bali 80351"
      },
      "geometry": {
        "type": "Point",
        "coordinates": [
          115.1944186,
          -8.5773923
        ]
      }
    },
    {
      "type": "Feature",
      "properties": {
        "name": "Balai Banjar Angantiga",
        "category": "balai_masyarakat",
        "region": "Badung Regency",
        "confidence": 0.87,
        "source_file": "GQ3D8NMP.xlsx, MKMOSR5C.xlsx",
        "address": "J6HF+3GW, Jl. Raya Pura Pucak Mangu, Petang, Kec. Petang, Kabupaten Badung, Bali 80353"
      },
      "geometry": {
        "type": "Point",
        "coordinates": [
          115.2238218,
          -8.3722563
        ]
      }
    },
    {
      "type": "Feature",
      "properties": {
        "name": "Balai Banjar Anyar",
        "category": "balai_masyarakat",
        "region": "Badung Regency",
        "confidence": 0.87,
        "source_file": "20F8ADAH.xlsx, GQ3D8NMP.xlsx, QP4FQ600.xlsx",
        "address": "G5CR+J23, Jl. Pandu III, Sembung, Kec. Mengwi, Kabupaten Badung, Bali 80351"
      },
      "geometry": {
        "type": "Point",
        "coordinates": [
          115.19004,
          -8.4784952
        ]
      }
    },
    {
      "type": "Feature",
      "properties": {
        "name": "Balai Banjar Auman",
        "category": "organisasi_pelayanan_sosial",
        "region": "Badung Regency",
        "confidence": 0.87,
        "source_file": "4ZDU3D7D.xlsx, D7RSP2LU.xlsx, F5265UR2.xlsx, GQ3D8NMP.xlsx, MKMOSR5C.xlsx, S33E300D.xlsx",
        "address": "M6J7+V5J, Pelaga, Kec. Petang, Kabupaten Badung, Bali 80353"
      },
      "geometry": {
        "type": "Point",
        "coordinates": [
          115.2128804,
          -8.3177823
        ]
      }
    },
    {
      "type": "Feature",
      "properties": {
        "name": "Balai Banjar Badung",
        "category": "balai_masyarakat",
        "region": "Badung Regency",
        "confidence": 0.87,
        "source_file": "4ZDU3D7D.xlsx, 20F8ADAH.xlsx, D7RSP2LU.xlsx, F5265UR2.xlsx, QP4FQ600.xlsx, S33E300D.xlsx",
        "address": "Jl. Raya No.Sibanggede1, Sibang Gede, Kec. Abiansemal, Kabupaten Badung, Bali 80352"
      },
      "geometry": {
        "type": "Point",
        "coordinates": [
          115.2164524,
          -8.5819243
        ]
      }
    },
    {
      "type": "Feature",
      "properties": {
        "name": "Balai Banjar Badung, Desa Ayunan, Kec. Abiansemal",
        "category": "balai_masyarakat",
        "region": "Badung Regency",
        "confidence": 0.87,
        "source_file": "20F8ADAH.xlsx, QP4FQ600.xlsx",
        "address": "F5RX+5VW, Ayunan, Abiansemal, Badung Regency, Bali 80352"
      },
      "geometry": {
        "type": "Point",
        "coordinates": [
          115.1996886,
          -8.5095229
        ]
      }
    },
    {
      "type": "Feature",
      "properties": {
        "name": "Balai Banjar Bebengan",
        "category": "balai_masyarakat",
        "region": "Badung Regency",
        "confidence": 0.9,
        "source_file": "4ZDU3D7D.xlsx, D7RSP2LU.xlsx, F5265UR2.xlsx, S33E300D.xlsx",
        "address": "C545+44G, Jl. Ngurah Beng, Abianbase, Kec. Mengwi, Kabupaten Badung, Bali 80351"
      },
      "geometry": {
        "type": "Point",
        "coordinates": [
          115.157819,
          -8.5946781
        ]
      }
    },
    {
      "type": "Feature",
      "properties": {
        "name": "Balai Banjar Bedil",
        "category": "balai_masyarakat",
        "region": "Badung Regency",
        "confidence": 0.9,
        "source_file": "20F8ADAH.xlsx, F5265UR2.xlsx, QP4FQ600.xlsx",
        "address": "Jl. Bedil No.22, Baha, Kec. Mengwi, Kabupaten Badung, Bali 80351, Indonesia"
      },
      "geometry": {
        "type": "Point",
        "coordinates": [
          115.1872962,
          -8.5157076
        ]
      }
    },
    {
      "type": "Feature",
      "properties": {
        "name": "Balai Banjar Belang Sembung",
        "category": "balai_masyarakat",
        "region": "Badung Regency",
        "confidence": 0.84,
        "source_file": "20F8ADAH.xlsx, QP4FQ600.xlsx",
        "address": "G5CM+C4R, Sembung, Mengwi, Badung Regency, Bali"
      },
      "geometry": {
        "type": "Point",
        "coordinates": [
          115.1827646,
          -8.4788859
        ]
      }
    },
    {
      "type": "Feature",
      "properties": {
        "name": "Balai Banjar Belawan Abiansemal",
        "category": "balai_masyarakat",
        "region": "Badung Regency",
        "confidence": 0.87,
        "source_file": "20F8ADAH.xlsx, QP4FQ600.xlsx",
        "address": "Jl. Arja No.23, Dauh Yeh Cani, Kec. Abiansemal, Kabupaten Badung, Bali 80352"
      },
      "geometry": {
        "type": "Point",
        "coordinates": [
          115.203554,
          -8.5318817
        ]
      }
    },
    {
      "type": "Feature",
      "properties": {
        "name": "Balai Banjar Belulang",
        "category": "gedung_pertemuan",
        "region": "Badung Regency",
        "confidence": 0.9,
        "source_file": "4ZDU3D7D.xlsx, 20F8ADAH.xlsx, D7RSP2LU.xlsx, GQ3D8NMP.xlsx, MKMOSR5C.xlsx, QP4FQ600.xlsx, S33E300D.xlsx",
        "address": "Jl. Gadung - Belulang No.4, Kapal, Kec. Mengwi, Kabupaten Badung, Bali 80351"
      },
      "geometry": {
        "type": "Point",
        "coordinates": [
          115.1752936,
          -8.5830511
        ]
      }
    },
    {
      "type": "Feature",
      "properties": {
        "name": "Balai Banjar Benehkawan",
        "category": "balai_masyarakat",
        "region": "Badung Regency",
        "confidence": 0.9,
        "source_file": "20F8ADAH.xlsx, GQ3D8NMP.xlsx, QP4FQ600.xlsx",
        "address": "Jl. Kenyeri No.53, Blahkiuh, Kec. Abiansemal, Kabupaten Badung, Bali 80352"
      },
      "geometry": {
        "type": "Point",
        "coordinates": [
          115.2064364,
          -8.5168969
        ]
      }
    },
    {
      "type": "Feature",
      "properties": {
        "name": "Balai Banjar Berawa",
        "category": "balai_pertemuan_desa",
        "region": "Badung Regency",
        "confidence": 0.87,
        "source_file": "20F8ADAH.xlsx, QP4FQ600.xlsx",
        "address": "84PQ+HWP Banjar Berawa, Jl. Pantai Berawa, Tibubeneng, Kec. Kuta Utara, Kabupaten Badung, Bali"
      },
      "geometry": {
        "type": "Point",
        "coordinates": [
          115.1398231,
          -8.6635419
        ]
      }
    },
    {
      "type": "Feature",
      "properties": {
        "name": "Balai Banjar Bhineka Asri",
        "category": "balai_pertemuan_desa",
        "region": "Badung Regency",
        "confidence": 0.87,
        "source_file": "4ZDU3D7D.xlsx, D7RSP2LU.xlsx, F5265UR2.xlsx, GQ3D8NMP.xlsx, MKMOSR5C.xlsx, S33E300D.xlsx",
        "address": "Jl. Bhinneka Asri, Kerobokan Kaja, Kec. Kuta Utara, Kabupaten Badung, Bali 80361"
      },
      "geometry": {
        "type": "Point",
        "coordinates": [
          115.1686996,
          -8.6354746
        ]
      }
    },
    {
      "type": "Feature",
      "properties": {
        "name": "Balai Banjar Bukian",
        "category": "event_venue",
        "region": "Badung Regency",
        "confidence": 0.9,
        "source_file": "4ZDU3D7D.xlsx, D7RSP2LU.xlsx, GQ3D8NMP.xlsx",
        "address": "Balai Banjar Bukian, Pelaga, Kec. Petang, Kabupaten Badung, Bali 80353"
      },
      "geometry": {
        "type": "Point",
        "coordinates": [
          115.2300489,
          -8.3066642
        ]
      }
    },
    {
      "type": "Feature",
      "properties": {
        "name": "Balai Banjar Bumi Jimbaran Asri",
        "category": "festival_hall",
        "region": "Badung Regency",
        "confidence": 0.9,
        "source_file": "4ZDU3D7D.xlsx, D7RSP2LU.xlsx",
        "address": "55V8+VJ3, Jimbaran, Kec. Kuta Sel., Kabupaten Badung, Bali 80361"
      },
      "geometry": {
        "type": "Point",
        "coordinates": [
          115.1665384,
          -8.8053732
        ]
      }
    },
    {
      "type": "Feature",
      "properties": {
        "name": "Balai Banjar Bumi Kertha",
        "category": "community_center",
        "region": "Badung Regency",
        "confidence": 0.9,
        "source_file": "4ZDU3D7D.xlsx, 20F8ADAH.xlsx, D7RSP2LU.xlsx, F5265UR2.xlsx, S33E300D.xlsx",
        "address": "9588+6J6, Kerobokan Kaja, Kec. Kuta Utara, Kabupaten Badung, Bali 80361"
      },
      "geometry": {
        "type": "Point",
        "coordinates": [
          115.1665278,
          -8.6344716
        ]
      }
    },
    {
      "type": "Feature",
      "properties": {
        "name": "Balai Banjar Busana Kelod",
        "category": "balai_masyarakat",
        "region": "Badung Regency",
        "confidence": 0.84,
        "source_file": "4ZDU3D7D.xlsx, 20F8ADAH.xlsx, D7RSP2LU.xlsx, F5265UR2.xlsx, GQ3D8NMP.xlsx, MKMOSR5C.xlsx, QP4FQ600.xlsx, S33E300D.xlsx",
        "address": "F5FR+V3W Br busana kelod, Baha, Kec. Mengwi, Kabupaten Badung, Bali 80351"
      },
      "geometry": {
        "type": "Point",
        "coordinates": [
          115.1901926,
          -8.5252735
        ]
      }
    },
    {
      "type": "Feature",
      "properties": {
        "name": "Balai Banjar Celuk Kapal",
        "category": "balai_masyarakat",
        "region": "Badung Regency",
        "confidence": 0.84,
        "source_file": "20F8ADAH.xlsx, QP4FQ600.xlsx, S33E300D.xlsx",
        "address": "C5MH+22P, Br. Celuk, Kapal, Kec. Mengwi, Kabupaten Badung, Bali"
      },
      "geometry": {
        "type": "Point",
        "coordinates": [
          115.1775685,
          -8.5674086
        ]
      }
    },
    {
      "type": "Feature",
      "properties": {
        "name": "Balai Banjar Cemenggon",
        "category": "balai_masyarakat",
        "region": "Badung Regency",
        "confidence": 0.9,
        "source_file": "20F8ADAH.xlsx, QP4FQ600.xlsx",
        "address": "F653+R46, Banjar Cemenggon, Penarungan, Mengwi, Badung Regency, Bali 80352"
      },
      "geometry": {
        "type": "Point",
        "coordinates": [
          115.2027728,
          -8.5404503
        ]
      }
    },
    {
      "type": "Feature",
      "properties": {
        "name": "Balai Banjar Cica",
        "category": "balai_masyarakat",
        "region": "Badung Regency",
        "confidence": 0.87,
        "source_file": "QP4FQ600.xlsx, S33E300D.xlsx",
        "address": "C56C+79M, Abianbase, Kec. Mengwi, Kabupaten Badung, Bali"
      },
      "geometry": {
        "type": "Point",
        "coordinates": [
          115.1709203,
          -8.5892842
        ]
      }
    },
    {
      "type": "Feature",
      "properties": {
        "name": "Balai Banjar Datengan",
        "category": "local_government_office",
        "region": "Badung Regency",
        "confidence": 0.9,
        "source_file": "20F8ADAH.xlsx, GQ3D8NMP.xlsx, QP4FQ600.xlsx",
        "address": "94QV+38M, Jl. Raya Tumbakbayuh I, Tumbak Bayuh, Kec. Mengwi, Kabupaten Badung, Bali 80351"
      },
      "geometry": {
        "type": "Point",
        "coordinates": [
          115.1432873,
          -8.6122928
        ]
      }
    },
    {
      "type": "Feature",
      "properties": {
        "name": "Balai Banjar Delod Pempatan",
        "category": "balai_masyarakat",
        "region": "Badung Regency",
        "confidence": 0.87,
        "source_file": "4ZDU3D7D.xlsx, 20F8ADAH.xlsx, D7RSP2LU.xlsx, F5265UR2.xlsx, QP4FQ600.xlsx, S33E300D.xlsx",
        "address": "Jl. Raya Munggu-Kapal Jl. Raya Tangeb No.61, Abianbase, Kec. Mengwi, Kabupaten Badung, Bali 80351"
      },
      "geometry": {
        "type": "Point",
        "coordinates": [
          115.1647033,
          -8.589521
        ]
      }
    },
    {
      "type": "Feature",
      "properties": {
        "name": "Balai Banjar Delod Yeh, Kekeran",
        "category": "balai_masyarakat",
        "region": "Badung Regency",
        "confidence": 0.9,
        "source_file": "4ZDU3D7D.xlsx, D7RSP2LU.xlsx, F5265UR2.xlsx, S33E300D.xlsx",
        "address": "C566+W3W, Jl. Tirta Gangga, Kekeran, Kec. Mengwi, Kabupaten Badung, Bali 80351"
      },
      "geometry": {
        "type": "Point",
        "coordinates": [
          115.1602142,
          -8.5876301
        ]
      }
    },
    {
      "type": "Feature",
      "properties": {
        "name": "Balai Banjar Dirgahayu Gerih",
        "category": "tempat_acara",
        "region": "Badung Regency",
        "confidence": 0.87,
        "source_file": "20F8ADAH.xlsx, GQ3D8NMP.xlsx, QP4FQ600.xlsx",
        "address": "C6W6+786, Jl. Raya Gerih, Abiansemal, Kec. Abiansemal, Kabupaten Badung, Bali 80352"
      },
      "geometry": {
        "type": "Point",
        "coordinates": [
          115.2107725,
          -8.5543469
        ]
      }
    },
    {
      "type": "Feature",
      "properties": {
        "name": "Balai Banjar Gadon",
        "category": "balai_masyarakat",
        "region": "Badung Regency",
        "confidence": 0.9,
        "source_file": "4ZDU3D7D.xlsx, D7RSP2LU.xlsx, F5265UR2.xlsx, S33E300D.xlsx",
        "address": "954C+P77, Jl. Raya Gadon, Kerobokan Kaja, Kec. Kuta Utara, Kabupaten Badung, Bali 80361"
      },
      "geometry": {
        "type": "Point",
        "coordinates": [
          115.1706688,
          -8.6432035
        ]
      }
    },
    {
      "type": "Feature",
      "properties": {
        "name": "Balai Banjar Gumasih Mambal Kajanan",
        "category": "balai_masyarakat",
        "region": "Badung Regency",
        "confidence": 0.9,
        "source_file": "20F8ADAH.xlsx, GQ3D8NMP.xlsx, MKMOSR5C.xlsx, QP4FQ600.xlsx",
        "address": "Jl. Raya Mambal Abiansemal No.82, Mambal, Kec. Abiansemal, Kabupaten Badung, Bali 80352"
      },
      "geometry": {
        "type": "Point",
        "coordinates": [
          115.2187638,
          -8.5471831
        ]
      }
    },
    {
      "type": "Feature",
      "properties": {
        "name": "Balai Banjar Gunung Buduk",
        "category": "balai_masyarakat",
        "region": "Badung Regency",
        "confidence": 0.87,
        "source_file": "4ZDU3D7D.xlsx, D7RSP2LU.xlsx, F5265UR2.xlsx, S33E300D.xlsx",
        "address": "95M3+X8R, Jl. Veteran, Buduk, Kec. Mengwi, Kabupaten Badung, Bali 80351"
      },
      "geometry": {
        "type": "Point",
        "coordinates": [
          115.1532502,
          -8.6150051
        ]
      }
    },
    {
      "type": "Feature",
      "properties": {
        "name": "Balai Banjar Gunung Pande",
        "category": "balai_masyarakat",
        "region": "Badung Regency",
        "confidence": 0.9,
        "source_file": "4ZDU3D7D.xlsx, D7RSP2LU.xlsx, F5265UR2.xlsx, S33E300D.xlsx",
        "address": "94PW+HVW, Jl. Gn. Sari, Tumbak Bayuh, Kec. Mengwi, Kabupaten Badung, Bali 80351"
      },
      "geometry": {
        "type": "Point",
        "coordinates": [
          115.1472049,
          -8.613524
        ]
      }
    },
    {
      "type": "Feature",
      "properties": {
        "name": "Balai Banjar Gunung Sari",
        "category": "balai_masyarakat",
        "region": "Badung Regency",
        "confidence": 0.87,
        "source_file": "QP4FQ600.xlsx, S33E300D.xlsx",
        "address": "Jl. Astina Pura No.8, Mengwitani, Kec. Mengwi, Kabupaten Badung, Bali 80351"
      },
      "geometry": {
        "type": "Point",
        "coordinates": [
          115.1685264,
          -8.5645054
        ]
      }
    },
    {
      "type": "Feature",
      "properties": {
        "name": "Balai Banjar Jempeng",
        "category": "community_center",
        "region": "Badung Regency",
        "confidence": 0.9,
        "source_file": "20F8ADAH.xlsx, GQ3D8NMP.xlsx, QP4FQ600.xlsx",
        "address": "G6QJ+8GH, Jl. Jempeng, Taman, Kec. Abiansemal, Kabupaten Badung, Bali 80352"
      },
      "geometry": {
        "type": "Point",
        "coordinates": [
          115.2313597,
          -8.4616805
        ]
      }
    },
    {
      "type": "Feature",
      "properties": {
        "name": "Balai Banjar Jempinis",
        "category": "community_center",
        "region": "Badung Regency",
        "confidence": 0.9,
        "source_file": "4ZDU3D7D.xlsx, D7RSP2LU.xlsx, S33E300D.xlsx",
        "address": "No., Jl. Dalem Gede No.3, Pererenan, Kec. Mengwi, Kabupaten Badung, Bali 80351"
      },
      "geometry": {
        "type": "Point",
        "coordinates": [
          115.1329859,
          -8.6361998
        ]
      }
    },
    {
      "type": "Feature",
      "properties": {
        "name": "Balai Banjar Jerowan",
        "category": "community_center",
        "region": "Badung Regency",
        "confidence": 0.9,
        "source_file": "S33E300D.xlsx",
        "address": "94MV+9HP, Jl. Raya Tumbakbayuh, Tumbak Bayuh, Kec. Mengwi, Kabupaten Badung, Bali 80351"
      },
      "geometry": {
        "type": "Point",
        "coordinates": [
          115.1441072,
          -8.6160944
        ]
      }
    },
    {
      "type": "Feature",
      "properties": {
        "name": "Balai Banjar Juwet",
        "category": "tempat_acara",
        "region": "Badung Regency",
        "confidence": 0.9,
        "source_file": "4ZDU3D7D.xlsx, 20F8ADAH.xlsx, D7RSP2LU.xlsx, F5265UR2.xlsx, QP4FQ600.xlsx",
        "address": "Jl. Legong No.13, Br, Juwet, Abiansemal, Kec. Abiansemal, Kabupaten Badung, Bali 80352"
      },
      "geometry": {
        "type": "Point",
        "coordinates": [
          115.2160447,
          -8.5223302
        ]
      }
    },
    {
      "type": "Feature",
      "properties": {
        "name": "Balai Banjar Kangkang Desa Pererenan",
        "category": "balai_masyarakat",
        "region": "Badung Regency",
        "confidence": 0.9,
        "source_file": "4ZDU3D7D.xlsx, D7RSP2LU.xlsx, F5265UR2.xlsx, S33E300D.xlsx",
        "address": "Jl. Raya Canggu No.2, Pererenan, Kec. Mengwi, Kabupaten Badung, Bali 80351"
      },
      "geometry": {
        "type": "Point",
        "coordinates": [
          115.1342085,
          -8.6317829
        ]
      }
    },
    {
      "type": "Feature",
      "properties": {
        "name": "Balai Banjar Karang Dalem I",
        "category": "balai_pertemuan_desa",
        "region": "Badung Regency",
        "confidence": 0.9,
        "source_file": "4ZDU3D7D.xlsx, 20F8ADAH.xlsx, D7RSP2LU.xlsx, F5265UR2.xlsx, GQ3D8NMP.xlsx, MKMOSR5C.xlsx, QP4FQ600.xlsx, S33E300D.xlsx",
        "address": "Jl. Dewi Saraswati, Banjar Karang Dalem I, Bongkasa Pertiwi, Kec. Abiansemal, Kabupaten Badung, Bali 80352"
      },
      "geometry": {
        "type": "Point",
        "coordinates": [
          115.238191,
          -8.464976
        ]
      }
    },
    {
      "type": "Feature",
      "properties": {
        "name": "Balai Banjar Karang Suwung, Sading",
        "category": "balai_masyarakat",
        "region": "Badung Regency",
        "confidence": 0.84,
        "source_file": "4ZDU3D7D.xlsx, D7RSP2LU.xlsx, F5265UR2.xlsx, QP4FQ600.xlsx, S33E300D.xlsx",
        "address": "95WV+PH9, Gg. Batur Sari, Sading, Kec. Mengwi, Kabupaten Badung, Bali 80115"
      },
      "geometry": {
        "type": "Point",
        "coordinates": [
          115.1938803,
          -8.6033337
        ]
      }
    },
    {
      "type": "Feature",
      "properties": {
        "name": "Balai Banjar Kauh Getasan",
        "category": "community_center",
        "region": "Badung Regency",
        "confidence": 0.84,
        "source_file": "20F8ADAH.xlsx, GQ3D8NMP.xlsx, MKMOSR5C.xlsx, QP4FQ600.xlsx",
        "address": "H67F+G9V, Jl. I.GST. NGR Rai, Getasan, Kec. Petang, Kabupaten Badung, Bali 80353"
      },
      "geometry": {
        "type": "Point",
        "coordinates": [
          115.2234124,
          -8.4361397
        ]
      }
    },
    {
      "type": "Feature",
      "properties": {
        "name": "Balai Banjar Kedua",
        "category": "balai_masyarakat",
        "region": "Badung Regency",
        "confidence": 0.84,
        "source_file": "20F8ADAH.xlsx, QP4FQ600.xlsx",
        "address": "F5HP+65R, Jl. Margapati, Baha, Kec. Mengwi, Kabupaten Badung, Bali 80351"
      },
      "geometry": {
        "type": "Point",
        "coordinates": [
          115.1853807,
          -8.5218961
        ]
      }
    },
    {
      "type": "Feature",
      "properties": {
        "name": "Balai Banjar Kekeran",
        "category": "community_center",
        "region": "Badung Regency",
        "confidence": 0.87,
        "source_file": "4ZDU3D7D.xlsx, 20F8ADAH.xlsx, D7RSP2LU.xlsx, F5265UR2.xlsx, QP4FQ600.xlsx, S33E300D.xlsx",
        "address": "C6CQ+VJ3, Jl. Raya Angantaka, Angantaka, Kec. Abiansemal, Kabupaten Badung, Bali 80352"
      },
      "geometry": {
        "type": "Point",
        "coordinates": [
          115.239036,
          -8.577855
        ]
      }
    },
    {
      "type": "Feature",
      "properties": {
        "name": "Balai Banjar Kelan Abian",
        "category": "balai_masyarakat",
        "region": "Badung Regency",
        "confidence": 0.9,
        "source_file": "4ZDU3D7D.xlsx, D7RSP2LU.xlsx",
        "address": "65VG+GV9, Jl. Raya Uluwatu, Tuban, Kec. Kuta, Kabupaten Badung, Bali 80361"
      },
      "geometry": {
        "type": "Point",
        "coordinates": [
          115.17724,
          -8.7562188
        ]
      }
    },
    {
      "type": "Feature",
      "properties": {
        "name": "Balai Banjar Kelan Desa",
        "category": "balai_masyarakat",
        "region": "Badung Regency",
        "confidence": 0.9,
        "source_file": "4ZDU3D7D.xlsx, 20F8ADAH.xlsx, D7RSP2LU.xlsx, F5265UR2.xlsx",
        "address": "Jl. Raya Uluwatu No.89, Tuban, Kec. Kuta, Kabupaten Badung, Bali 80361"
      },
      "geometry": {
        "type": "Point",
        "coordinates": [
          115.1786088,
          -8.7506436
        ]
      }
    },
    {
      "type": "Feature",
      "properties": {
        "name": "Balai Banjar Kelepekan",
        "category": "community_center",
        "region": "Badung Regency",
        "confidence": 0.87,
        "source_file": "4ZDU3D7D.xlsx, D7RSP2LU.xlsx, F5265UR2.xlsx, S33E300D.xlsx",
        "address": "94GR+69W Br. Kelepekan, Tumbak Bayuh, Kec. Mengwi, Kabupaten Badung, Bali 80351"
      },
      "geometry": {
        "type": "Point",
        "coordinates": [
          115.1409506,
          -8.6243916
        ]
      }
    },
    {
      "type": "Feature",
      "properties": {
        "name": "Balai Banjar Kelod Kauh Beringkit",
        "category": "community_center",
        "region": "Badung Regency",
        "confidence": 0.84,
        "source_file": "20F8ADAH.xlsx, QP4FQ600.xlsx",
        "address": "Jl. Si Putu Jodog, Mengwitani, Kec. Mengwi, Kabupaten Badung, Bali 80351"
      },
      "geometry": {
        "type": "Point",
        "coordinates": [
          115.1729192,
          -8.5671716
        ]
      }
    },
    {
      "type": "Feature",
      "properties": {
        "name": "Balai Banjar Kiadan",
        "category": "balai_pertemuan_desa",
        "region": "Badung Regency",
        "confidence": 0.9,
        "source_file": "4ZDU3D7D.xlsx, D7RSP2LU.xlsx, F5265UR2.xlsx, GQ3D8NMP.xlsx, MKMOSR5C.xlsx, S33E300D.xlsx",
        "address": "M6W9+JVH, Pelaga, Kec. Petang, Kabupaten Badung, Bali 80353"
      },
      "geometry": {
        "type": "Point",
        "coordinates": [
          115.2197338,
          -8.3034401
        ]
      }
    },
    {
      "type": "Feature",
      "properties": {
        "name": "Balai Banjar Kuwum",
        "category": "balai_masyarakat",
        "region": "Badung Regency",
        "confidence": 0.9,
        "source_file": "4ZDU3D7D.xlsx, 20F8ADAH.xlsx, D7RSP2LU.xlsx, F5265UR2.xlsx, GQ3D8NMP.xlsx, MKMOSR5C.xlsx, QP4FQ600.xlsx, S33E300D.xlsx",
        "address": "Jl. Raya Denpasar No.41, Kuwum, Kec. Mengwi, Kabupaten Badung, Bali 80351"
      },
      "geometry": {
        "type": "Point",
        "coordinates": [
          115.1892633,
          -8.4514251
        ]
      }
    },
    {
      "type": "Feature",
      "properties": {
        "name": "Balai Banjar Kwanji Dalung, Badung",
        "category": "balai_masyarakat",
        "region": "Badung Regency",
        "confidence": 0.87,
        "source_file": "4ZDU3D7D.xlsx, 20F8ADAH.xlsx, D7RSP2LU.xlsx, F5265UR2.xlsx, QP4FQ600.xlsx, S33E300D.xlsx",
        "address": "Jl. Panji No.43, Dalung, Kec. Kuta Utara, Kabupaten Badung, Bali 80117"
      },
      "geometry": {
        "type": "Point",
        "coordinates": [
          115.1795818,
          -8.6140405
        ]
      }
    },
    {
      "type": "Feature",
      "properties": {
        "name": "Balai Banjar Lebah Sari Desa Mambal",
        "category": "balai_masyarakat",
        "region": "Badung Regency",
        "confidence": 0.9,
        "source_file": "4ZDU3D7D.xlsx, 20F8ADAH.xlsx, D7RSP2LU.xlsx, GQ3D8NMP.xlsx, QP4FQ600.xlsx, S33E300D.xlsx",
        "address": "Jl. Raya No.18, Mambal, Kec. Abiansemal, Kabupaten Badung, Bali 80352"
      },
      "geometry": {
        "type": "Point",
        "coordinates": [
          115.2190157,
          -8.5555428
        ]
      }
    },
    {
      "type": "Feature",
      "properties": {
        "name": "Balai Banjar Madya Sari",
        "category": "balai_masyarakat",
        "region": "Badung Regency",
        "confidence": 0.9,
        "source_file": "4ZDU3D7D.xlsx, 20F8ADAH.xlsx, D7RSP2LU.xlsx, F5265UR2.xlsx, QP4FQ600.xlsx, S33E300D.xlsx",
        "address": "Jl. Arjuna No.8, Sading, Kec. Mengwi, Kabupaten Badung, Bali 80115"
      },
      "geometry": {
        "type": "Point",
        "coordinates": [
          115.2003275,
          -8.6012915
        ]
      }
    },
    {
      "type": "Feature",
      "properties": {
        "name": "Balai Banjar Mekarsari",
        "category": "balai_masyarakat",
        "region": "Badung Regency",
        "confidence": 0.87,
        "source_file": "20F8ADAH.xlsx, GQ3D8NMP.xlsx, MKMOSR5C.xlsx, QP4FQ600.xlsx",
        "address": "G6XC+FGP, Jl. I.GST. NGR Rai, Carangsari, Kec. Petang, Kabupaten Badung, Bali 80353"
      },
      "geometry": {
        "type": "Point",
        "coordinates": [
          115.2213285,
          -8.451296
        ]
      }
    },
    {
      "type": "Feature",
      "properties": {
        "name": "Balai Banjar Menak Beringkit",
        "category": "balai_masyarakat",
        "region": "Badung Regency",
        "confidence": 0.87,
        "source_file": "D7RSP2LU.xlsx, QP4FQ600.xlsx",
        "address": "Asian Highway No.2, Mengwitani, Mengwi, Badung Regency, Bali 80351"
      },
      "geometry": {
        "type": "Point",
        "coordinates": [
          115.1735549,
          -8.5651681
        ]
      }
    },
    {
      "type": "Feature",
      "properties": {
        "name": "Balai Banjar Mengening Desa Cemagi",
        "category": "village_hall",
        "region": "Badung Regency",
        "confidence": 0.9,
        "source_file": "S33E300D.xlsx",
        "address": "9495+4H8, Cemagi, Kec. Mengwi, Kabupaten Badung, Bali 80351"
      },
      "geometry": {
        "type": "Point",
        "coordinates": [
          115.1089451,
          -8.6322202
        ]
      }
    },
    {
      "type": "Feature",
      "properties": {
        "name": "Balai Banjar Munggu - Mengwi",
        "category": "community_center",
        "region": "Badung Regency",
        "confidence": 0.84,
        "source_file": "20F8ADAH.xlsx, QP4FQ600.xlsx",
        "address": "F558+MJP, Jl. Danau Buyan, Mengwi, Kec. Mengwi, Kabupaten Badung, Bali 80351"
      },
      "geometry": {
        "type": "Point",
        "coordinates": [
          115.1665406,
          -8.5405587
        ]
      }
    },
    {
      "type": "Feature",
      "properties": {
        "name": "Balai Banjar Nuansa Utama Selatan",
        "category": "tempat_religius",
        "region": "Badung Regency",
        "confidence": 0.84,
        "source_file": "4ZDU3D7D.xlsx, D7RSP2LU.xlsx, GQ3D8NMP.xlsx, MKMOSR5C.xlsx",
        "address": "55XM+GWV, Benoa, Kec. Kuta Sel., Kabupaten Badung, Bali 80361"
      },
      "geometry": {
        "type": "Point",
        "coordinates": [
          115.184796,
          -8.8011328
        ]
      }
    },
    {
      "type": "Feature",
      "properties": {
        "name": "Balai Banjar Pacung Sangeh",
        "category": "tempat_acara",
        "region": "Badung Regency",
        "confidence": 0.87,
        "source_file": "20F8ADAH.xlsx, GQ3D8NMP.xlsx, QP4FQ600.xlsx",
        "address": "G6M5+9WP, Sangeh, Abiansemal, Badung Regency, Bali 80352"
      },
      "geometry": {
        "type": "Point",
        "coordinates": [
          115.209819,
          -8.4665461
        ]
      }
    },
    {
      "type": "Feature",
      "properties": {
        "name": "Balai Banjar Padang Lestari",
        "category": "balai_masyarakat",
        "region": "Badung Regency",
        "confidence": 0.87,
        "source_file": "4ZDU3D7D.xlsx, D7RSP2LU.xlsx, F5265UR2.xlsx, S33E300D.xlsx",
        "address": "85RH+6RH, Kerobokan Kaja, Kec. Kuta Utara, Kabupaten Badung, Bali 80117"
      },
      "geometry": {
        "type": "Point",
        "coordinates": [
          115.1796119,
          -8.6594404
        ]
      }
    },
    {
      "type": "Feature",
      "properties": {
        "name": "Balai Banjar Padang Sumbu Kaja",
        "category": "balai_masyarakat",
        "region": "Badung Regency",
        "confidence": 0.9,
        "source_file": "4ZDU3D7D.xlsx, D7RSP2LU.xlsx, F5265UR2.xlsx",
        "address": "85CH+8F6, Jalan Gunung Soputan, Banjar Padang Sumbu Kaja, Kerobokan, Kuta Utara, Padangsambian Klod, Kec. Denpasar Bar., Kabupaten Badung, Bali 80117"
      },
      "geometry": {
        "type": "Point",
        "coordinates": [
          115.178638,
          -8.6792135
        ]
      }
    },
    {
      "type": "Feature",
      "properties": {
        "name": "Balai Banjar Padang Tawang Canggu",
        "category": "balai_pertemuan_desa",
        "region": "Badung Regency",
        "confidence": 0.9,
        "source_file": "S33E300D.xlsx",
        "address": "Jl. Padang Tawang No.27, Canggu, Kec. Kuta Utara, Kabupaten Badung, Bali 80351"
      },
      "geometry": {
        "type": "Point",
        "coordinates": [
          115.1549615,
          -8.6194007
        ]
      }
    },
    {
      "type": "Feature",
      "properties": {
        "name": "Balai Banjar Pande, Desa Abiansemal",
        "category": "kantor_pemerintah",
        "region": "Badung Regency",
        "confidence": 0.87,
        "source_file": "20F8ADAH.xlsx, QP4FQ600.xlsx",
        "address": "Jl. Raya Abiansemal No.21, Abiansemal, Kec. Abiansemal, Kabupaten Badung, Bali 80352"
      },
      "geometry": {
        "type": "Point",
        "coordinates": [
          115.2122806,
          -8.5253594
        ]
      }
    },
    {
      "type": "Feature",
      "properties": {
        "name": "Balai Banjar Pangsan",
        "category": "tempat_acara",
        "region": "Badung Regency",
        "confidence": 0.9,
        "source_file": "4ZDU3D7D.xlsx, D7RSP2LU.xlsx, GQ3D8NMP.xlsx, MKMOSR5C.xlsx",
        "address": "H6JF+X24, Pangsan, Kec. Petang, Kabupaten Badung, Bali 80353"
      },
      "geometry": {
        "type": "Point",
        "coordinates": [
          115.2225727,
          -8.4176047
        ]
      }
    },
    {
      "type": "Feature",
      "properties": {
        "name": "Balai Banjar Pasekan",
        "category": "community_center",
        "region": "Badung Regency",
        "confidence": 0.87,
        "source_file": "20F8ADAH.xlsx, GQ3D8NMP.xlsx, QP4FQ600.xlsx",
        "address": "G5HJ+87Q, Jl. Yudistira, Sembung, Kec. Mengwi, Kabupaten Badung, Bali 80351"
      },
      "geometry": {
        "type": "Point",
        "coordinates": [
          115.1801021,
          -8.4713738
        ]
      }
    },
    {
      "type": "Feature",
      "properties": {
        "name": "Balai Banjar Pemamoran",
        "category": "balai_masyarakat",
        "region": "Badung Regency",
        "confidence": 0.9,
        "source_file": "4ZDU3D7D.xlsx, D7RSP2LU.xlsx, F5265UR2.xlsx, S33E300D.xlsx",
        "address": "Jl. Mataram No.7, Kuta, Kec. Kuta, Kabupaten Badung, Bali 80361"
      },
      "geometry": {
        "type": "Point",
        "coordinates": [
          115.1767112,
          -8.7213218
        ]
      }
    },
    {
      "type": "Feature",
      "properties": {
        "name": "Balai Banjar Pemaron Delodan",
        "category": "kantor_pemerintah",
        "region": "Badung Regency",
        "confidence": 0.84,
        "source_file": "S33E300D.xlsx",
        "address": "Jl. Raya Munggu-Kapal No.24, Munggu, Kec. Mengwi, Kabupaten Badung, Bali 80351"
      },
      "geometry": {
        "type": "Point",
        "coordinates": [
          115.1313475,
          -8.6131808
        ]
      }
    },
    {
      "type": "Feature",
      "properties": {
        "name": "Balai Banjar Pempatan",
        "category": "community_center",
        "region": "Badung Regency",
        "confidence": 0.9,
        "source_file": "S33E300D.xlsx",
        "address": "94JV+F7W, Jl. Raya Tumbakbayuh No.22, Tumbak Bayuh, Kec. Mengwi, Kabupaten Badung, Bali 80351"
      },
      "geometry": {
        "type": "Point",
        "coordinates": [
          115.1431504,
          -8.6188259
        ]
      }
    },
    {
      "type": "Feature",
      "properties": {
        "name": "Balai Banjar Pendem, Desa Adat Padang Luwih Dalung Kuta Utara Badung",
        "category": "community_center",
        "region": "Badung Regency",
        "confidence": 0.84,
        "source_file": "4ZDU3D7D.xlsx, D7RSP2LU.xlsx, F5265UR2.xlsx, S33E300D.xlsx",
        "address": "95JG+35P, Jl. Raya Padang Luwih, Dalung, Kec. Kuta Utara, Kabupaten Badung, Bali"
      },
      "geometry": {
        "type": "Point",
        "coordinates": [
          115.1754532,
          -8.6197952
        ]
      }
    },
    {
      "type": "Feature",
      "properties": {
        "name": "Balai Banjar Pengadangan",
        "category": "balai_masyarakat",
        "region": "Badung Regency",
        "confidence": 0.87,
        "source_file": "20F8ADAH.xlsx, QP4FQ600.xlsx",
        "address": "C5QH+X97, Jl. Ceruring, Mengwitani, Kec. Mengwi, Kabupaten Badung, Bali 80351"
      },
      "geometry": {
        "type": "Point",
        "coordinates": [
          115.178431,
          -8.560089
        ]
      }
    },
    {
      "type": "Feature",
      "properties": {
        "name": "Balai Banjar Pengembungan",
        "category": "balai_masyarakat",
        "region": "Badung Regency",
        "confidence": 0.87,
        "source_file": "20F8ADAH.xlsx, GQ3D8NMP.xlsx, MKMOSR5C.xlsx, QP4FQ600.xlsx",
        "address": "F6VJ+X6H, Bongkasa, Kec. Abiansemal, Kabupaten Badung, Bali 80352"
      },
      "geometry": {
        "type": "Point",
        "coordinates": [
          115.2305971,
          -8.5050563
        ]
      }
    },
    {
      "type": "Feature",
      "properties": {
        "name": "Balai Banjar Pengilian",
        "category": "balai_pertemuan_desa",
        "region": "Badung Regency",
        "confidence": 0.84,
        "source_file": "4ZDU3D7D.xlsx, 20F8ADAH.xlsx, D7RSP2LU.xlsx, F5265UR2.xlsx, MKMOSR5C.xlsx, QP4FQ600.xlsx, S33E300D.xlsx",
        "address": "Jl. Betaka No.22, Dalung, Kec. Kuta Utara, Kabupaten Badung, Bali 80361"
      },
      "geometry": {
        "type": "Point",
        "coordinates": [
          115.1612496,
          -8.6230606
        ]
      }
    },
    {
      "type": "Feature",
      "properties": {
        "name": "Balai Banjar Penyarikan",
        "category": "balai_masyarakat",
        "region": "Badung Regency",
        "confidence": 0.9,
        "source_file": "4ZDU3D7D.xlsx, D7RSP2LU.xlsx",
        "address": "Jl. Srikandi No.15, Benoa, Kec. Kuta Sel., Kabupaten Badung, Bali 80361"
      },
      "geometry": {
        "type": "Point",
        "coordinates": [
          115.2229538,
          -8.8015261
        ]
      }
    },
    {
      "type": "Feature",
      "properties": {
        "name": "Balai Banjar Perang Lukluk",
        "category": "balai_masyarakat",
        "region": "Badung Regency",
        "confidence": 0.9,
        "source_file": "4ZDU3D7D.xlsx, 20F8ADAH.xlsx, D7RSP2LU.xlsx, QP4FQ600.xlsx, S33E300D.xlsx",
        "address": "Jl. Laksmana No.1, Lukluk, Kec. Mengwi, Kabupaten Badung, Bali 80351"
      },
      "geometry": {
        "type": "Point",
        "coordinates": [
          115.19249,
          -8.5834772
        ]
      }
    },
    {
      "type": "Feature",
      "properties": {
        "name": "Balai Banjar Perumahan Cempaka Mas",
        "category": "balai_masyarakat",
        "region": "Badung Regency",
        "confidence": 0.9,
        "source_file": "4ZDU3D7D.xlsx, 20F8ADAH.xlsx, D7RSP2LU.xlsx, F5265UR2.xlsx, QP4FQ600.xlsx, S33E300D.xlsx",
        "address": "95P8+XMF, Unnamed Road, Dalung, Kec. Kuta Utara, Kabupaten Badung, Bali 80351"
      },
      "geometry": {
        "type": "Point",
        "coordinates": [
          115.1666873,
          -8.6125695
        ]
      }
    },
    {
      "type": "Feature",
      "properties": {
        "name": "Balai Banjar Purwakerta Gerih",
        "category": "tempat_acara",
        "region": "Badung Regency",
        "confidence": 0.87,
        "source_file": "20F8ADAH.xlsx, QP4FQ600.xlsx",
        "address": "C6R5+GP4, Abiansemal, Badung Regency, Bali 80352"
      },
      "geometry": {
        "type": "Point",
        "coordinates": [
          115.2093429,
          -8.5587432
        ]
      }
    },
    {
      "type": "Feature",
      "properties": {
        "name": "Balai Banjar Puseh",
        "category": "community_center",
        "region": "Badung Regency",
        "confidence": 0.9,
        "source_file": "4ZDU3D7D.xlsx, 20F8ADAH.xlsx, D7RSP2LU.xlsx, F5265UR2.xlsx, QP4FQ600.xlsx, S33E300D.xlsx",
        "address": "C55X+HPM, Sading, Kec. Mengwi, Kabupaten Badung, Bali 80352"
      },
      "geometry": {
        "type": "Point",
        "coordinates": [
          115.1992917,
          -8.5910453
        ]
      }
    },
    {
      "type": "Feature",
      "properties": {
        "name": "Balai Banjar Samuan Kangin",
        "category": "balai_masyarakat",
        "region": "Badung Regency",
        "confidence": 0.9,
        "source_file": "20F8ADAH.xlsx, GQ3D8NMP.xlsx, MKMOSR5C.xlsx, QP4FQ600.xlsx",
        "address": "G6RC+MGJ, Jl. Tukad Ayung IV, Carangsari, Kec. Petang, Kabupaten Badung, Bali 80352"
      },
      "geometry": {
        "type": "Point",
        "coordinates": [
          115.221265,
          -8.4582846
        ]
      }
    },
    {
      "type": "Feature",
      "properties": {
        "name": "Balai Banjar Sangut",
        "category": "balai_masyarakat",
        "region": "Badung Regency",
        "confidence": 0.9,
        "source_file": "4ZDU3D7D.xlsx, 20F8ADAH.xlsx, D7RSP2LU.xlsx, F5265UR2.xlsx, GQ3D8NMP.xlsx, MKMOSR5C.xlsx, QP4FQ600.xlsx, S33E300D.xlsx",
        "address": "Jl. Mangut No.19, Carangsari, Kec. Petang, Kabupaten Badung, Bali 80353"
      },
      "geometry": {
        "type": "Point",
        "coordinates": [
          115.2282337,
          -8.4478494
        ]
      }
    },
    {
      "type": "Feature",
      "properties": {
        "name": "Balai Banjar Sedahan",
        "category": "balai_masyarakat",
        "region": "Badung Regency",
        "confidence": 0.9,
        "source_file": "4ZDU3D7D.xlsx, 20F8ADAH.xlsx, D7RSP2LU.xlsx, QP4FQ600.xlsx, S33E300D.xlsx",
        "address": "Jl. Nusa Indah No.11, Gulingan, Kec. Mengwi, Kabupaten Badung, Bali 80351"
      },
      "geometry": {
        "type": "Point",
        "coordinates": [
          115.1733936,
          -8.5454942
        ]
      }
    },
    {
      "type": "Feature",
      "properties": {
        "name": "Balai Banjar Sedahan",
        "category": "balai_masyarakat",
        "region": "Badung Regency",
        "confidence": 0.9,
        "source_file": "4ZDU3D7D.xlsx, D7RSP2LU.xlsx, F5265UR2.xlsx, S33E300D.xlsx",
        "address": "94HG+7FH, Jl. Raya Munggu, Munggu, Kec. Mengwi, Kabupaten Badung, Bali 80351"
      },
      "geometry": {
        "type": "Point",
        "coordinates": [
          115.12622,
          -8.6218183
        ]
      }
    },
    {
      "type": "Feature",
      "properties": {
        "name": "Balai Banjar Sedang",
        "category": "balai_masyarakat",
        "region": "Badung Regency",
        "confidence": 0.9,
        "source_file": "4ZDU3D7D.xlsx, 20F8ADAH.xlsx, D7RSP2LU.xlsx, F5265UR2.xlsx, GQ3D8NMP.xlsx, MKMOSR5C.xlsx, QP4FQ600.xlsx",
        "address": "C6HQ+73X, Sedang, Kec. Abiansemal, Kabupaten Badung, Bali 80352"
      },
      "geometry": {
        "type": "Point",
        "coordinates": [
          115.2377404,
          -8.5717646
        ]
      }
    },
    {
      "type": "Feature",
      "properties": {
        "name": "Balai Banjar Selat Beringkit",
        "category": "balai_masyarakat",
        "region": "Badung Regency",
        "confidence": 0.9,
        "source_file": "4ZDU3D7D.xlsx, D7RSP2LU.xlsx, QP4FQ600.xlsx, S33E300D.xlsx",
        "address": "C5PG+4GG, Jl. Gulingan, Mengwitani, Kec. Mengwi, Kabupaten Badung, Bali 80351"
      },
      "geometry": {
        "type": "Point",
        "coordinates": [
          115.1763142,
          -8.5646944
        ]
      }
    },
    {
      "type": "Feature",
      "properties": {
        "name": "Balai Banjar Sengguan-Pasekan Sading",
        "category": "community_center",
        "region": "Badung Regency",
        "confidence": 0.9,
        "source_file": "4ZDU3D7D.xlsx, 20F8ADAH.xlsx, D7RSP2LU.xlsx, F5265UR2.xlsx, QP4FQ600.xlsx, S33E300D.xlsx",
        "address": "Jl. Pendawa, Sading, Kec. Mengwi, Kabupaten Badung, Bali 80352"
      },
      "geometry": {
        "type": "Point",
        "coordinates": [
          115.1975603,
          -8.5962448
        ]
      }
    },
    {
      "type": "Feature",
      "properties": {
        "name": "Balai Banjar Sigaran",
        "category": "balai_masyarakat",
        "region": "Badung Regency",
        "confidence": 0.9,
        "source_file": "4ZDU3D7D.xlsx, 20F8ADAH.xlsx, D7RSP2LU.xlsx, F5265UR2.xlsx, QP4FQ600.xlsx",
        "address": "C6HQ+5RR, Sedang, Kec. Abiansemal, Kabupaten Badung, Bali 80352"
      },
      "geometry": {
        "type": "Point",
        "coordinates": [
          115.2395274,
          -8.5720052
        ]
      }
    },
    {
      "type": "Feature",
      "properties": {
        "name": "Balai Banjar Silayukti",
        "category": "pusat_kegiatan_warga",
        "region": "Badung Regency",
        "confidence": 0.84,
        "source_file": "4ZDU3D7D.xlsx, 20F8ADAH.xlsx, D7RSP2LU.xlsx, F5265UR2.xlsx, MKMOSR5C.xlsx, QP4FQ600.xlsx, S33E300D.xlsx",
        "address": "9539+84V, Kerobokan, Kec. Kuta Utara, Kabupaten Badung, Bali 80361"
      },
      "geometry": {
        "type": "Point",
        "coordinates": [
          115.1678096,
          -8.6466308
        ]
      }
    },
    {
      "type": "Feature",
      "properties": {
        "name": "Balai Banjar Sukajati",
        "category": "balai_masyarakat",
        "region": "Badung Regency",
        "confidence": 0.87,
        "source_file": "20F8ADAH.xlsx, GQ3D8NMP.xlsx, MKMOSR5C.xlsx, QP4FQ600.xlsx",
        "address": "G6FF+9MG, Jl. Lap. Berburu, Taman, Kec. Abiansemal, Kabupaten Badung, Bali 80352"
      },
      "geometry": {
        "type": "Point",
        "coordinates": [
          115.2242134,
          -8.4765682
        ]
      }
    },
    {
      "type": "Feature",
      "properties": {
        "name": "Balai Banjar Sulangai",
        "category": "balai_masyarakat",
        "region": "Badung Regency",
        "confidence": 0.87,
        "source_file": "4ZDU3D7D.xlsx, D7RSP2LU.xlsx, GQ3D8NMP.xlsx, MKMOSR5C.xlsx, S33E300D.xlsx",
        "address": "J6X4+H95, Sulangai, Kec. Petang, Kabupaten Badung, Bali 80353"
      },
      "geometry": {
        "type": "Point",
        "coordinates": [
          115.2059888,
          -8.3511077
        ]
      }
    },
    {
      "type": "Feature",
      "properties": {
        "name": "Balai Banjar Surya Bhuana",
        "category": "community_center",
        "region": "Badung Regency",
        "confidence": 0.87,
        "source_file": "4ZDU3D7D.xlsx, D7RSP2LU.xlsx, F5265UR2.xlsx, S33E300D.xlsx",
        "address": "958C+JJC, Jl. Surya Buana, Kerobokan Kaja, Kec. Kuta Utara, Kabupaten Badung, Bali 80361"
      },
      "geometry": {
        "type": "Point",
        "coordinates": [
          115.1715228,
          -8.63344
        ]
      }
    },
    {
      "type": "Feature",
      "properties": {
        "name": "Balai Banjar Tandeg .",
        "category": "balai_masyarakat",
        "region": "Badung Regency",
        "confidence": 0.9,
        "source_file": "4ZDU3D7D.xlsx, D7RSP2LU.xlsx, F5265UR2.xlsx, S33E300D.xlsx",
        "address": "9543+459, Jl. Pantai Berawa, Tibubeneng, Kec. Kuta Utara, Kabupaten Badung, Bali 80361"
      },
      "geometry": {
        "type": "Point",
        "coordinates": [
          115.152989,
          -8.6447069
        ]
      }
    },
    {
      "type": "Feature",
      "properties": {
        "name": "Balai Banjar Tebejero",
        "category": "community_center",
        "region": "Badung Regency",
        "confidence": 0.9,
        "source_file": "20F8ADAH.xlsx, GQ3D8NMP.xlsx, MKMOSR5C.xlsx, QP4FQ600.xlsx",
        "address": "G69J+GRH, Jl. Kenyeri, Taman, Kec. Abiansemal, Kabupaten Badung, Bali 80352"
      },
      "geometry": {
        "type": "Point",
        "coordinates": [
          115.2321045,
          -8.4811789
        ]
      }
    },
    {
      "type": "Feature",
      "properties": {
        "name": "Balai Banjar Tegal",
        "category": "balai_masyarakat",
        "region": "Badung Regency",
        "confidence": 0.87,
        "source_file": "4ZDU3D7D.xlsx, 20F8ADAH.xlsx, D7RSP2LU.xlsx, F5265UR2.xlsx, GQ3D8NMP.xlsx, MKMOSR5C.xlsx, QP4FQ600.xlsx, S33E300D.xlsx",
        "address": "Jl. Tegal Sari No.7, Jimbaran, Kec. Kuta Sel., Kabupaten Badung, Bali 80361"
      },
      "geometry": {
        "type": "Point",
        "coordinates": [
          115.1764614,
          -8.7707919
        ]
      }
    },
    {
      "type": "Feature",
      "properties": {
        "name": "Balai Banjar Tegal Permai, Perumahan Dalung Permai",
        "category": "balai_masyarakat",
        "region": "Badung Regency",
        "confidence": 0.84,
        "source_file": "4ZDU3D7D.xlsx, D7RSP2LU.xlsx, F5265UR2.xlsx, QP4FQ600.xlsx, S33E300D.xlsx",
        "address": "Kerobokan Kaja, Kec. Kuta Utara, Kabupaten Badung, Bali"
      },
      "geometry": {
        "type": "Point",
        "coordinates": [
          115.1709345,
          -8.6306886
        ]
      }
    },
    {
      "type": "Feature",
      "properties": {
        "name": "Balai Banjar Tegalnarungan",
        "category": "organisasi_keagamaan",
        "region": "Badung Regency",
        "confidence": 0.87,
        "source_file": "4ZDU3D7D.xlsx, D7RSP2LU.xlsx, GQ3D8NMP.xlsx, MKMOSR5C.xlsx, S33E300D.xlsx",
        "address": "G53Q+Q7G, Jl. Surapati, Sobangan, Kec. Mengwi, Kabupaten Badung, Bali 80351"
      },
      "geometry": {
        "type": "Point",
        "coordinates": [
          115.1882063,
          -8.4955646
        ]
      }
    },
    {
      "type": "Feature",
      "properties": {
        "name": "Balai Banjar Telugtug",
        "category": "balai_masyarakat",
        "region": "Badung Regency",
        "confidence": 0.9,
        "source_file": "20F8ADAH.xlsx, GQ3D8NMP.xlsx, MKMOSR5C.xlsx, QP4FQ600.xlsx",
        "address": "H65C+R8Q, Carangsari, Petang, Badung Regency, Bali 80353"
      },
      "geometry": {
        "type": "Point",
        "coordinates": [
          115.2208633,
          -8.4404005
        ]
      }
    },
    {
      "type": "Feature",
      "properties": {
        "name": "Balai Banjar Tiying Tutul Tumbakbayuh",
        "category": "balai_masyarakat",
        "region": "Badung Regency",
        "confidence": 0.9,
        "source_file": "4ZDU3D7D.xlsx, D7RSP2LU.xlsx, S33E300D.xlsx",
        "address": "949R+PQF tiying tutul, C Jl. Bumi Damai Indah No.11, Tumbak Bayuh, Kec. Mengwi, Kabupaten Badung, Bali 80351"
      },
      "geometry": {
        "type": "Point",
        "coordinates": [
          115.1432412,
          -8.6271727
        ]
      }
    },
    {
      "type": "Feature",
      "properties": {
        "name": "Balai Banjar Trijata Desa Mambal",
        "category": "community_center",
        "region": "Badung Regency",
        "confidence": 0.9,
        "source_file": "4ZDU3D7D.xlsx, 20F8ADAH.xlsx, D7RSP2LU.xlsx, QP4FQ600.xlsx",
        "address": "Jl. Raya Mambal Abiansemal No.35, Mambal, Kec. Abiansemal, Kabupaten Badung, Bali 80352"
      },
      "geometry": {
        "type": "Point",
        "coordinates": [
          115.2197033,
          -8.5506488
        ]
      }
    },
    {
      "type": "Feature",
      "properties": {
        "name": "Balai Banjar Tuka",
        "category": "balai_pertemuan_desa",
        "region": "Badung Regency",
        "confidence": 0.87,
        "source_file": "20F8ADAH.xlsx, D7RSP2LU.xlsx, QP4FQ600.xlsx, S33E300D.xlsx",
        "address": "95M6+HCP, Dalung, Kuta Utara, Badung Regency, Bali 80351"
      },
      "geometry": {
        "type": "Point",
        "coordinates": [
          115.1610684,
          -8.6160354
        ]
      }
    },
    {
      "type": "Feature",
      "properties": {
        "name": "Balai Banjar Uma Kapal",
        "category": "balai_masyarakat",
        "region": "Badung Regency",
        "confidence": 0.87,
        "source_file": "4ZDU3D7D.xlsx, 20F8ADAH.xlsx, QP4FQ600.xlsx",
        "address": "Jl. Jepun No.15, Kapal, Kec. Mengwi, Kabupaten Badung, Bali 80351"
      },
      "geometry": {
        "type": "Point",
        "coordinates": [
          115.1805719,
          -8.5667621
        ]
      }
    },
    {
      "type": "Feature",
      "properties": {
        "name": "Balai Banjar Uma Sari",
        "category": "balai_masyarakat",
        "region": "Badung Regency",
        "confidence": 0.84,
        "source_file": "4ZDU3D7D.xlsx, D7RSP2LU.xlsx, F5265UR2.xlsx",
        "address": "85F4+CJG, Jl. Petitenget, Kerobokan Kelod, Kec. Kuta Utara, Kabupaten Badung, Bali"
      },
      "geometry": {
        "type": "Point",
        "coordinates": [
          115.1565887,
          -8.6764341
        ]
      }
    },
    {
      "type": "Feature",
      "properties": {
        "name": "Balai Banjar Undagi Desa Mambal",
        "category": "balai_masyarakat",
        "region": "Badung Regency",
        "confidence": 0.87,
        "source_file": "4ZDU3D7D.xlsx, 20F8ADAH.xlsx, D7RSP2LU.xlsx, QP4FQ600.xlsx, S33E300D.xlsx",
        "address": "C6V8+GPX, Mambal, Kec. Abiansemal, Kabupaten Badung, Bali 80352"
      },
      "geometry": {
        "type": "Point",
        "coordinates": [
          115.2168509,
          -8.5561403
        ]
      }
    },
    {
      "type": "Feature",
      "properties": {
        "name": "Balai Banjar munduk damping",
        "category": "balai_masyarakat",
        "region": "Badung Regency",
        "confidence": 0.9,
        "source_file": "GQ3D8NMP.xlsx, MKMOSR5C.xlsx",
        "address": "J6H4+RMX, Jl. Lipah, Petang, Kec. Petang, Kabupaten Badung, Bali 82191"
      },
      "geometry": {
        "type": "Point",
        "coordinates": [
          115.2067445,
          -8.3703895
        ]
      }
    },
    {
      "type": "Feature",
      "properties": {
        "name": "Balai Serba Guna Banjar Cabe, Darmasaba, Abiansemal, Badung",
        "category": "balai_masyarakat",
        "region": "Badung Regency",
        "confidence": 0.87,
        "source_file": "4ZDU3D7D.xlsx, 20F8ADAH.xlsx, D7RSP2LU.xlsx, QP4FQ600.xlsx",
        "address": "Jl. Yudistira No.26-22, Darmasaba, Kec. Abiansemal, Kabupaten Badung, Bali 80238"
      },
      "geometry": {
        "type": "Point",
        "coordinates": [
          115.2227171,
          -8.5954362
        ]
      }
    },
    {
      "type": "Feature",
      "properties": {
        "name": "Balai Serbaguna Banjar Tegeh",
        "category": "balai_masyarakat",
        "region": "Badung Regency",
        "confidence": 0.87,
        "source_file": "4ZDU3D7D.xlsx, D7RSP2LU.xlsx, F5265UR2.xlsx, S33E300D.xlsx",
        "address": "Jl. Made Bulet No.39, Dalung, Kec. Kuta Utara, Kabupaten Badung, Bali 80361"
      },
      "geometry": {
        "type": "Point",
        "coordinates": [
          115.1722859,
          -8.6147023
        ]
      }
    },
    {
      "type": "Feature",
      "properties": {
        "name": "Balai banjar badung tengah",
        "category": "balai_masyarakat",
        "region": "Badung Regency",
        "confidence": 0.87,
        "source_file": "20F8ADAH.xlsx, F5265UR2.xlsx, QP4FQ600.xlsx",
        "address": "F5VX+5VC, Jl. Rajawali, Ayunan, Kec. Abiansemal, Kabupaten Badung, Bali 80352"
      },
      "geometry": {
        "type": "Point",
        "coordinates": [
          115.1996404,
          -8.5070609
        ]
      }
    },
    {
      "type": "Feature",
      "properties": {
        "name": "Balai banjar sandakan kangin",
        "category": "balai_masyarakat",
        "region": "Badung Regency",
        "confidence": 0.9,
        "source_file": "GQ3D8NMP.xlsx, MKMOSR5C.xlsx",
        "address": "J6VH+8MM, Balai banjar sandakan kangin, Sulangai, Kec. Petang, Kabupaten Badung, Bali 80353"
      },
      "geometry": {
        "type": "Point",
        "coordinates": [
          115.2291832,
          -8.3566636
        ]
      }
    },
    {
      "type": "Feature",
      "properties": {
        "name": "Balai banjar tengah SOBANGAN",
        "category": "balai_masyarakat",
        "region": "Badung Regency",
        "confidence": 0.87,
        "source_file": "4ZDU3D7D.xlsx, 20F8ADAH.xlsx, D7RSP2LU.xlsx, F5265UR2.xlsx, GQ3D8NMP.xlsx, MKMOSR5C.xlsx, QP4FQ600.xlsx, S33E300D.xlsx",
        "address": "G52V+CWF, Banjar tengah, Sobangan, Kec. Mengwi, Kabupaten Badung, Bali"
      },
      "geometry": {
        "type": "Point",
        "coordinates": [
          115.1948107,
          -8.4989369
        ]
      }
    },
    {
      "type": "Feature",
      "properties": {
        "name": "Bale Adat Banjar Legian Kaja",
        "category": "community_center",
        "region": "Badung Regency",
        "confidence": 0.87,
        "source_file": "4ZDU3D7D.xlsx",
        "address": "Legian, Kec. Kuta, Kabupaten Badung, Bali 80361"
      },
      "geometry": {
        "type": "Point",
        "coordinates": [
          115.1753198,
          -8.7023041
        ]
      }
    },
    {
      "type": "Feature",
      "properties": {
        "name": "Bale Banjar - Balinese Cultural Hub",
        "category": "bars",
        "region": "Badung Regency",
        "confidence": 0.87,
        "source_file": "4ZDU3D7D.xlsx, 20F8ADAH.xlsx, D7RSP2LU.xlsx, F5265UR2.xlsx, QP4FQ600.xlsx, S33E300D.xlsx",
        "address": "AYODYA RESORT BALI, Jl. Pantai Mengiat Jl. Raya Nusa Dua Selatan, Benoa, Kec. Kuta Sel., Kabupaten Badung, Bali 80363"
      },
      "geometry": {
        "type": "Point",
        "coordinates": [
          115.2281056,
          -8.8084526
        ]
      }
    },
    {
      "type": "Feature",
      "properties": {
        "name": "Bale Banjar Campuan Asri",
        "category": "balai_masyarakat",
        "region": "Badung Regency",
        "confidence": 0.9,
        "source_file": "S33E300D.xlsx",
        "address": "Jl. Campuan Asri IV G No.112, Dalung, Kec. Kuta Utara, Kabupaten Badung, Bali 80361"
      },
      "geometry": {
        "type": "Point",
        "coordinates": [
          115.1689931,
          -8.626933
        ]
      }
    },
    {
      "type": "Feature",
      "properties": {
        "name": "Bale Banjar Celuk Desa Adat Kapal",
        "category": "lembaga_agama",
        "region": "Badung Regency",
        "confidence": 0.84,
        "source_file": "4ZDU3D7D.xlsx, D7RSP2LU.xlsx, F5265UR2.xlsx, QP4FQ600.xlsx",
        "address": "Kapal, Kec. Mengwi, Kabupaten Badung, Bali"
      },
      "geometry": {
        "type": "Point",
        "coordinates": [
          115.1783543,
          -8.5675713
        ]
      }
    },
    {
      "type": "Feature",
      "properties": {
        "name": "Bale Banjar Desa Adat Lambing",
        "category": "village_hall",
        "region": "Badung Regency",
        "confidence": 0.84,
        "source_file": "20F8ADAH.xlsx",
        "address": "C6XH+P3X, Mekar Bhuwana, Abiansemal, Badung Regency, Bali"
      },
      "geometry": {
        "type": "Point",
        "coordinates": [
          115.2277214,
          -8.5506432
        ]
      }
    },
    {
      "type": "Feature",
      "properties": {
        "name": "Bale Banjar Desa Adat Semana",
        "category": "balai_pertemuan_desa",
        "region": "Badung Regency",
        "confidence": 0.9,
        "source_file": "20F8ADAH.xlsx, QP4FQ600.xlsx",
        "address": "Jl. Raya Semana No.26, Mambal, Kec. Abiansemal, Kabupaten Badung, Bali 80352"
      },
      "geometry": {
        "type": "Point",
        "coordinates": [
          115.2283464,
          -8.5307368
        ]
      }
    },
    {
      "type": "Feature",
      "properties": {
        "name": "Bale Banjar Gunung Sari",
        "category": "balai_masyarakat",
        "region": "Badung Regency",
        "confidence": 0.9,
        "source_file": "S33E300D.xlsx",
        "address": "95JP+P7X, Jalan Tukad Buana, Sempidi, Mengwi, Padangsambian Kaja, Kec. Denpasar Bar., Kabupaten Badung, Bali 80116"
      },
      "geometry": {
        "type": "Point",
        "coordinates": [
          115.185723,
          -8.6181307
        ]
      }
    },
    {
      "type": "Feature",
      "properties": {
        "name": "Bale Banjar Peliatan",
        "category": "balai_masyarakat",
        "region": "Badung Regency",
        "confidence": 0.9,
        "source_file": "4ZDU3D7D.xlsx",
        "address": "85V6+QW6, Jl. Raya Semer No.12, Kerobokan, Kec. Kuta Utara, Kabupaten Badung, Bali 80361"
      },
      "geometry": {
        "type": "Point",
        "coordinates": [
          115.1622611,
          -8.6544779
        ]
      }
    },
    {
      "type": "Feature",
      "properties": {
        "name": "Bale Banjar Tampak Kerep",
        "category": "balai_masyarakat",
        "region": "Badung Regency",
        "confidence": 0.9,
        "source_file": "S33E300D.xlsx",
        "address": "Jl. Raya Buduk No.25, Buduk, Kec. Mengwi, Kabupaten Badung, Bali 80351"
      },
      "geometry": {
        "type": "Point",
        "coordinates": [
          115.167186,
          -8.6072379
        ]
      }
    },
    {
      "type": "Feature",
      "properties": {
        "name": "Banjar Adat Dangin Peken",
        "category": "balai_masyarakat",
        "region": "Badung Regency",
        "confidence": 0.9,
        "source_file": "20F8ADAH.xlsx, QP4FQ600.xlsx",
        "address": "F56X+3WX, Jl. Raya Puspa Resti, Penarungan, Kec. Mengwi, Kabupaten Badung, Bali 80352"
      },
      "geometry": {
        "type": "Point",
        "coordinates": [
          115.1998489,
          -8.5397528
        ]
      }
    },
    {
      "type": "Feature",
      "properties": {
        "name": "Banjar Anyar Kaja",
        "category": "balai_masyarakat",
        "region": "Badung Regency",
        "confidence": 0.9,
        "source_file": "4ZDU3D7D.xlsx, D7RSP2LU.xlsx, F5265UR2.xlsx, S33E300D.xlsx",
        "address": "Jl. Raya Canggu No.168, Kerobokan, Kec. Kuta Utara, Kabupaten Badung, Bali 80361"
      },
      "geometry": {
        "type": "Point",
        "coordinates": [
          115.1620974,
          -8.6455792
        ]
      }
    },
    {
      "type": "Feature",
      "properties": {
        "name": "Banjar Aseman Kawan",
        "category": "balai_masyarakat",
        "region": "Badung Regency",
        "confidence": 0.9,
        "source_file": "S33E300D.xlsx",
        "address": "9554+847, Jl. Raya Padonan No.16, Tibubeneng, Kec. Kuta Utara, Kabupaten Badung, Bali 80361"
      },
      "geometry": {
        "type": "Point",
        "coordinates": [
          115.1564003,
          -8.6402444
        ]
      }
    },
    {
      "type": "Feature",
      "properties": {
        "name": "Banjar Babakan",
        "category": "balai_masyarakat",
        "region": "Badung Regency",
        "confidence": 0.9,
        "source_file": "4ZDU3D7D.xlsx, D7RSP2LU.xlsx, F5265UR2.xlsx, S33E300D.xlsx",
        "address": "956C+4J3, Jl. Wy Gebyag, Kerobokan Kaja, Kec. Kuta Utara, Kabupaten Badung, Bali 80361"
      },
      "geometry": {
        "type": "Point",
        "coordinates": [
          115.1715495,
          -8.6397428
        ]
      }
    },
    {
      "type": "Feature",
      "properties": {
        "name": "Banjar Bhuana Graha",
        "category": "balai_masyarakat",
        "region": "Badung Regency",
        "confidence": 0.87,
        "source_file": "S33E300D.xlsx",
        "address": "Jl. Bhuana Graha I, Kerobokan Kaja, Kec. Kuta Utara, Kabupaten Badung, Bali 80361"
      },
      "geometry": {
        "type": "Point",
        "coordinates": [
          115.1667068,
          -8.6316517
        ]
      }
    },
    {
      "type": "Feature",
      "properties": {
        "name": "Banjar Blungbang",
        "category": "balai_masyarakat",
        "region": "Badung Regency",
        "confidence": 0.87,
        "source_file": "20F8ADAH.xlsx, QP4FQ600.xlsx",
        "address": "F54X+349, Penarungan, Mengwi, Badung Regency, Bali 80352"
      },
      "geometry": {
        "type": "Point",
        "coordinates": [
          115.1978666,
          -8.5448452
        ]
      }
    },
    {
      "type": "Feature",
      "properties": {
        "name": "Banjar Cabe",
        "category": "balai_masyarakat",
        "region": "Badung Regency",
        "confidence": 0.9,
        "source_file": "QP4FQ600.xlsx",
        "address": "C649+2HM, Jl. Antasura, Darmasaba, Kec. Abiansemal, Kabupaten Badung, Bali 80352"
      },
      "geometry": {
        "type": "Point",
        "coordinates": [
          115.2189178,
          -8.5949163
        ]
      }
    },
    {
      "type": "Feature",
      "properties": {
        "name": "Banjar Canggu Permai",
        "category": "balai_masyarakat",
        "region": "Badung Regency",
        "confidence": 0.9,
        "source_file": "4ZDU3D7D.xlsx, S33E300D.xlsx",
        "address": "Jl. Canggu Permai IV No.2, Tibubeneng, Kec. Kuta Utara, Kabupaten Badung, Bali 80361"
      },
      "geometry": {
        "type": "Point",
        "coordinates": [
          115.1468484,
          -8.6494119
        ]
      }
    },
    {
      "type": "Feature",
      "properties": {
        "name": "Banjar Dangin Yeh",
        "category": "community_center",
        "region": "Badung Regency",
        "confidence": 0.9,
        "source_file": "S33E300D.xlsx",
        "address": "C53G+XM9, br, Jl. Dangin Yeh, Abianbase, Kec. Mengwi, Kabupaten Badung, Bali 80351"
      },
      "geometry": {
        "type": "Point",
        "coordinates": [
          115.17674,
          -8.5950911
        ]
      }
    },
    {
      "type": "Feature",
      "properties": {
        "name": "Banjar Darmasaba, Desa Darmasaba (\u1b29\u1b1c\u1b44\u1b1a\u1b03 \u1b24\u1b03\u1b2b\u1b32\u1b29\u1b5f)",
        "category": "balai_masyarakat",
        "region": "Badung Regency",
        "confidence": 0.9,
        "source_file": "QP4FQ600.xlsx",
        "address": "Jl. Raya Darmasaba No.11a, Darmasaba, Kec. Abiansemal, Kabupaten Badung, Bali 80238"
      },
      "geometry": {
        "type": "Point",
        "coordinates": [
          115.215566,
          -8.5867247
        ]
      }
    },
    {
      "type": "Feature",
      "properties": {
        "name": "Banjar Dauh Peken",
        "category": "balai_masyarakat",
        "region": "Badung Regency",
        "confidence": 0.9,
        "source_file": "QP4FQ600.xlsx",
        "address": "F56W+6QW, Jl. Br.Tengah Gulingan No.49, Penarungan, Kec. Mengwi, Kabupaten Badung, Bali 80352"
      },
      "geometry": {
        "type": "Point",
        "coordinates": [
          115.1963704,
          -8.5414807
        ]
      }
    },
    {
      "type": "Feature",
      "properties": {
        "name": "Banjar Delod Pasar , Desa Belahkiuh",
        "category": "balai_masyarakat",
        "region": "Badung Regency",
        "confidence": 0.9,
        "source_file": "QP4FQ600.xlsx",
        "address": "F6P5+7X5, No., Jl. Ciung Wanara, Blahkiuh, Kec. Abiansemal, Kabupaten Badung, Bali 80352"
      },
      "geometry": {
        "type": "Point",
        "coordinates": [
          115.2099933,
          -8.514369
        ]
      }
    },
    {
      "type": "Feature",
      "properties": {
        "name": "Banjar Delod Pempatan",
        "category": "tempat_ibadah",
        "region": "Badung Regency",
        "confidence": 0.87,
        "source_file": "4ZDU3D7D.xlsx, D7RSP2LU.xlsx, QP4FQ600.xlsx, S33E300D.xlsx",
        "address": "C55P+7J6, Jl. Raya Sempidi, Lukluk, Kec. Mengwi, Kabupaten Badung, Bali 80351"
      },
      "geometry": {
        "type": "Point",
        "coordinates": [
          115.1865306,
          -8.5918335
        ]
      }
    },
    {
      "type": "Feature",
      "properties": {
        "name": "Banjar Delod Perempatan Barat",
        "category": "perhentian_bus",
        "region": "Badung Regency",
        "confidence": 0.84,
        "source_file": "JQLVN4D2.xlsx",
        "address": "Lukluk, Kec. Mengwi, Kabupaten Badung, Bali"
      },
      "geometry": {
        "type": "Point",
        "coordinates": [
          115.18662,
          -8.59186
        ]
      }
    },
    {
      "type": "Feature",
      "properties": {
        "name": "Banjar Delod Perempatan Timur",
        "category": "perhentian_bus",
        "region": "Badung Regency",
        "confidence": 0.84,
        "source_file": "JQLVN4D2.xlsx",
        "address": "Lukluk, Kec. Mengwi, Kabupaten Badung, Bali"
      },
      "geometry": {
        "type": "Point",
        "coordinates": [
          115.18673,
          -8.59196
        ]
      }
    },
    {
      "type": "Feature",
      "properties": {
        "name": "Banjar Desa Lebak & Banjar Adat Lebak",
        "category": "balai_masyarakat",
        "region": "Badung Regency",
        "confidence": 0.9,
        "source_file": "4ZDU3D7D.xlsx, D7RSP2LU.xlsx, QP4FQ600.xlsx, S33E300D.xlsx",
        "address": "95QC+5JC, Jl. I. Gst Ngr Gentuh, Dalung, Kec. Kuta Utara, Kabupaten Badung, Bali 80351"
      },
      "geometry": {
        "type": "Point",
        "coordinates": [
          115.17152,
          -8.61206
        ]
      }
    },
    {
      "type": "Feature",
      "properties": {
        "name": "Banjar Gaji",
        "category": "community_center",
        "region": "Badung Regency",
        "confidence": 0.9,
        "source_file": "S33E300D.xlsx",
        "address": "Jl. Raya Padang Luwih No.19, Dalung, Kec. Kuta Utara, Kabupaten Badung, Bali 80361"
      },
      "geometry": {
        "type": "Point",
        "coordinates": [
          115.1761159,
          -8.6147841
        ]
      }
    },
    {
      "type": "Feature",
      "properties": {
        "name": "Banjar Gede",
        "category": "balai_masyarakat",
        "region": "Badung Regency",
        "confidence": 0.9,
        "source_file": "4ZDU3D7D.xlsx, S33E300D.xlsx",
        "address": "Jl. Raya Kerobokan No.66, Kerobokan, Kec. Kuta Utara, Kabupaten Badung, Bali 80361"
      },
      "geometry": {
        "type": "Point",
        "coordinates": [
          115.1715694,
          -8.6462822
        ]
      }
    },
    {
      "type": "Feature",
      "properties": {
        "name": "Banjar Jambe Kerobokan",
        "category": "museums",
        "region": "Badung Regency",
        "confidence": 0.9,
        "source_file": "4ZDU3D7D.xlsx, 20F8ADAH.xlsx, D7RSP2LU.xlsx, F5265UR2.xlsx, QP4FQ600.xlsx",
        "address": "954C+VXC, Jl. Raya Kerobokan, Kerobokan Kaja, Kec. Kuta Utara, Kabupaten Badung, Bali 80361"
      },
      "geometry": {
        "type": "Point",
        "coordinates": [
          115.1724046,
          -8.6428125
        ]
      }
    },
    {
      "type": "Feature",
      "properties": {
        "name": "Banjar Kwanji Kelod",
        "category": "community_center",
        "region": "Badung Regency",
        "confidence": 0.9,
        "source_file": "S33E300D.xlsx",
        "address": "Jl. Dalung No.60, Sempidi, Kec. Mengwi, Kabupaten Badung, Bali 80116"
      },
      "geometry": {
        "type": "Point",
        "coordinates": [
          115.1827817,
          -8.6129797
        ]
      }
    },
    {
      "type": "Feature",
      "properties": {
        "name": "Banjar Padang",
        "category": "balai_masyarakat",
        "region": "Badung Regency",
        "confidence": 0.9,
        "source_file": "4ZDU3D7D.xlsx",
        "address": "85W8+M3Q, Kerobokan, Kec. Kuta Utara, Kabupaten Badung, Bali 80361"
      },
      "geometry": {
        "type": "Point",
        "coordinates": [
          115.165223,
          -8.653294
        ]
      }
    },
    {
      "type": "Feature",
      "properties": {
        "name": "Banjar Pande Mas Kuta",
        "category": "community_center",
        "region": "Badung Regency",
        "confidence": 0.9,
        "source_file": "4ZDU3D7D.xlsx",
        "address": "Jl. Pantai Kuta No.18, Kuta, Kec. Kuta, Kabupaten Badung, Bali 80361"
      },
      "geometry": {
        "type": "Point",
        "coordinates": [
          115.1748058,
          -8.7223379
        ]
      }
    },
    {
      "type": "Feature",
      "properties": {
        "name": "Banjar Pane , Sibanggede",
        "category": "balai_masyarakat",
        "region": "Badung Regency",
        "confidence": 0.9,
        "source_file": "QP4FQ600.xlsx",
        "address": "Jl. Campuan I Gg. Sandat IX No.2, Sibang Gede, Kec. Abiansemal, Kabupaten Badung, Bali 80352"
      },
      "geometry": {
        "type": "Point",
        "coordinates": [
          115.2152615,
          -8.5820718
        ]
      }
    },
    {
      "type": "Feature",
      "properties": {
        "name": "Banjar Pasek Jagapati",
        "category": "balai_masyarakat",
        "region": "Badung Regency",
        "confidence": 0.87,
        "source_file": "QP4FQ600.xlsx",
        "address": "C63R+VHV, Jl. Pasek I, Jagapati, Kec. Abiansemal, Kabupaten Badung, Bali 80352"
      },
      "geometry": {
        "type": "Point",
        "coordinates": [
          115.2414241,
          -8.5952592
        ]
      }
    },
    {
      "type": "Feature",
      "properties": {
        "name": "Banjar Pendem",
        "category": "balai_masyarakat",
        "region": "Badung Regency",
        "confidence": 0.87,
        "source_file": "S33E300D.xlsx",
        "address": "Jl. Raya Padang Luwih No.78, Dalung, Kec. Kuta Utara, Kabupaten Badung, Bali 80361"
      },
      "geometry": {
        "type": "Point",
        "coordinates": [
          115.1754522,
          -8.6198081
        ]
      }
    },
    {
      "type": "Feature",
      "properties": {
        "name": "Banjar Penenjoan, Desa Darmasaba (\u1b29\u1b1c\u1b44\u1b1a\u1b03 \u1b27\u1b42\u1b26\u1b3e\u1b1c\u1b44\u1b1a\u1b40\u1b2f\u1b26\u1b44\u1b5f)",
        "category": "balai_masyarakat",
        "region": "Badung Regency",
        "confidence": 0.9,
        "source_file": "QP4FQ600.xlsx",
        "address": "C676+8WW, Jl. Raya Darmasaba, Lukluk, Kec. Mengwi, Kabupaten Badung, Bali 80351"
      },
      "geometry": {
        "type": "Point",
        "coordinates": [
          115.2123131,
          -8.5866392
        ]
      }
    },
    {
      "type": "Feature",
      "properties": {
        "name": "Banjar Penyarikan",
        "category": "balai_masyarakat",
        "region": "Badung Regency",
        "confidence": 0.9,
        "source_file": "S33E300D.xlsx",
        "address": "Jl. I Gst. Ngurah Rai No.31, Kekeran, Kec. Mengwi, Kabupaten Badung, Bali 80351"
      },
      "geometry": {
        "type": "Point",
        "coordinates": [
          115.1625781,
          -8.5828976
        ]
      }
    },
    {
      "type": "Feature",
      "properties": {
        "name": "Banjar Pering Kuta",
        "category": "balai_masyarakat",
        "region": "Badung Regency",
        "confidence": 0.9,
        "source_file": "4ZDU3D7D.xlsx",
        "address": "75HG+95X, Jl. Raya Legian, Kuta, Kec. Kuta, Kabupaten Badung, Bali 80361"
      },
      "geometry": {
        "type": "Point",
        "coordinates": [
          115.1754817,
          -8.7215204
        ]
      }
    },
    {
      "type": "Feature",
      "properties": {
        "name": "Banjar Pikah",
        "category": "balai_masyarakat",
        "region": "Badung Regency",
        "confidence": 0.9,
        "source_file": "20F8ADAH.xlsx, QP4FQ600.xlsx",
        "address": "Jl. Puputan Badung No.25-24, Blahkiuh, Kec. Abiansemal, Kabupaten Badung, Bali 80352"
      },
      "geometry": {
        "type": "Point",
        "coordinates": [
          115.2036114,
          -8.5184507
        ]
      }
    },
    {
      "type": "Feature",
      "properties": {
        "name": "Banjar Sebita",
        "category": "community_center",
        "region": "Badung Regency",
        "confidence": 0.87,
        "source_file": "S33E300D.xlsx",
        "address": "Jl. Raya Sempidi No.12, Sempidi, Kec. Mengwi, Kabupaten Badung, Bali 80116"
      },
      "geometry": {
        "type": "Point",
        "coordinates": [
          115.1864858,
          -8.6077752
        ]
      }
    },
    {
      "type": "Feature",
      "properties": {
        "name": "Banjar Seminyak",
        "category": "balai_masyarakat",
        "region": "Badung Regency",
        "confidence": 0.9,
        "source_file": "4ZDU3D7D.xlsx, D7RSP2LU.xlsx, F5265UR2.xlsx",
        "address": "8559+74C, Jl. Raya Seminyak, Seminyak, Kec. Kuta, Kabupaten Badung, Bali 80361"
      },
      "geometry": {
        "type": "Point",
        "coordinates": [
          115.1677723,
          -8.6918219
        ]
      }
    },
    {
      "type": "Feature",
      "properties": {
        "name": "Banjar Sengguan Desa Buduk",
        "category": "balai_masyarakat",
        "region": "Badung Regency",
        "confidence": 0.87,
        "source_file": "S33E300D.xlsx",
        "address": "Jl. Kahyangan No.5, Buduk, Kec. Mengwi, Kabupaten Badung, Bali 80351"
      },
      "geometry": {
        "type": "Point",
        "coordinates": [
          115.1602203,
          -8.6051719
        ]
      }
    },
    {
      "type": "Feature",
      "properties": {
        "name": "Banjar Srijati Sibanggede",
        "category": "balai_masyarakat",
        "region": "Badung Regency",
        "confidence": 0.9,
        "source_file": "20F8ADAH.xlsx, QP4FQ600.xlsx",
        "address": "Unnamed Road, Sibang Gede, Kec. Abiansemal, Kabupaten Badung, Bali 80352"
      },
      "geometry": {
        "type": "Point",
        "coordinates": [
          115.219879,
          -8.5844939
        ]
      }
    },
    {
      "type": "Feature",
      "properties": {
        "name": "Banjar Suka Duka Pande Sempidi",
        "category": "balai_masyarakat",
        "region": "Badung Regency",
        "confidence": 0.9,
        "source_file": "S33E300D.xlsx",
        "address": "Jl. Raya Sempidi No.86, Sempidi, Kec. Mengwi, Kabupaten Badung, Bali 80116"
      },
      "geometry": {
        "type": "Point",
        "coordinates": [
          115.18596,
          -8.60315
        ]
      }
    },
    {
      "type": "Feature",
      "properties": {
        "name": "Banjar Taman, Desa Darmasaba",
        "category": "balai_masyarakat",
        "region": "Badung Regency",
        "confidence": 0.9,
        "source_file": "4ZDU3D7D.xlsx, D7RSP2LU.xlsx, QP4FQ600.xlsx, S33E300D.xlsx",
        "address": "Jl. Taman Suci No.36, Darmasaba, Kec. Abiansemal, Kabupaten Badung, Bali 80238"
      },
      "geometry": {
        "type": "Point",
        "coordinates": [
          115.2099365,
          -8.5944815
        ]
      }
    },
    {
      "type": "Feature",
      "properties": {
        "name": "Banjar Teba Sari Kuta",
        "category": "community_center",
        "region": "Badung Regency",
        "confidence": 0.87,
        "source_file": "4ZDU3D7D.xlsx",
        "address": "Gg. Biduri No.6a, Kuta, Kec. Kuta, Kabupaten Badung, Bali 80361"
      },
      "geometry": {
        "type": "Point",
        "coordinates": [
          115.1745312,
          -8.7251958
        ]
      }
    },
    {
      "type": "Feature",
      "properties": {
        "name": "Banjar Tegal Jaya Permai",
        "category": "community_center",
        "region": "Badung Regency",
        "confidence": 0.9,
        "source_file": "S33E300D.xlsx",
        "address": "Jl. Mudu Taki No.23, Dalung, Kec. Kuta Utara, Kabupaten Badung, Bali 80361"
      },
      "geometry": {
        "type": "Point",
        "coordinates": [
          115.1783282,
          -8.6298469
        ]
      }
    },
    {
      "type": "Feature",
      "properties": {
        "name": "Banjar Tegal Luwih",
        "category": "balai_masyarakat",
        "region": "Badung Regency",
        "confidence": 0.9,
        "source_file": "S33E300D.xlsx",
        "address": "80361, Jl. Tegal Luwih VI No.16-19, Dalung, Kec. Kuta Utara, Kabupaten Badung, Bali 80361"
      },
      "geometry": {
        "type": "Point",
        "coordinates": [
          115.1715752,
          -8.627234
        ]
      }
    },
    {
      "type": "Feature",
      "properties": {
        "name": "Banjar Tegal Sari",
        "category": "city_or_town_hall",
        "region": "Badung Regency",
        "confidence": 0.84,
        "source_file": "20F8ADAH.xlsx",
        "address": "959C+X47, Tegal Sari V, Kerobokan Kaja, Kec. Kuta Utara, Kabupaten Badung, Bali 80361"
      },
      "geometry": {
        "type": "Point",
        "coordinates": [
          115.1702847,
          -8.6300909
        ]
      }
    },
    {
      "type": "Feature",
      "properties": {
        "name": "Banjar Umacandi Buduk",
        "category": "balai_masyarakat",
        "region": "Badung Regency",
        "confidence": 0.84,
        "source_file": "S33E300D.xlsx",
        "address": "95Q4+5Q5, Buduk, Kec. Mengwi, Kabupaten Badung, Bali 80351"
      },
      "geometry": {
        "type": "Point",
        "coordinates": [
          115.1569854,
          -8.6121062
        ]
      }
    },
    {
      "type": "Feature",
      "properties": {
        "name": "Banjar Umahanyar, Desa Darmasaba",
        "category": "balai_masyarakat",
        "region": "Badung Regency",
        "confidence": 0.9,
        "source_file": "QP4FQ600.xlsx",
        "address": "C624+QXQ, Darmasaba, Kec. Abiansemal, Kabupaten Badung, Bali 80115"
      },
      "geometry": {
        "type": "Point",
        "coordinates": [
          115.2074694,
          -8.598025
        ]
      }
    },
    {
      "type": "Feature",
      "properties": {
        "name": "Banjar Wira Bhuana",
        "category": "community_center",
        "region": "Badung Regency",
        "confidence": 0.87,
        "source_file": "S33E300D.xlsx",
        "address": "blok xx Jl. Perum Dalung Permai No.4, Kerobokan Kaja, Kuta Utara, Badung Regency, Bali 80361"
      },
      "geometry": {
        "type": "Point",
        "coordinates": [
          115.1689908,
          -8.628932
        ]
      }
    },
    {
      "type": "Feature",
      "properties": {
        "name": "Banjar grokgak",
        "category": "balai_masyarakat",
        "region": "Badung Regency",
        "confidence": 0.9,
        "source_file": "S33E300D.xlsx",
        "address": "Jl. Raya Sempidi, Sempidi, Kec. Mengwi, Kabupaten Badung, Bali 80116"
      },
      "geometry": {
        "type": "Point",
        "coordinates": [
          115.1865073,
          -8.6062473
        ]
      }
    },
    {
      "type": "Feature",
      "properties": {
        "name": "Banjar village Tibubeneng Tibubeneng",
        "category": "balai_masyarakat",
        "region": "Badung Regency",
        "confidence": 0.9,
        "source_file": "S33E300D.xlsx",
        "address": "9596+XF6, Jl. Raya Padonan, Tibubeneng, Kec. Kuta Utara, Kabupaten Badung, Bali 80361"
      },
      "geometry": {
        "type": "Point",
        "coordinates": [
          115.1611478,
          -8.6300957
        ]
      }
    },
    {
      "type": "Feature",
      "properties": {
        "name": "Beji Samuan Park",
        "category": "attractions",
        "region": "Badung Regency",
        "confidence": 0.9,
        "source_file": "wisata.xlsx, XLU5DC2A.xlsx",
        "address": "G6V6+6VH, Tukad Penet IV Road, Jemeng, Samuan Kawan, Carangsari, Petang, Badung Regency, Bali 80353"
      },
      "geometry": {
        "type": "Point",
        "coordinates": [
          115.2125106,
          -8.4568186
        ]
      }
    },
    {
      "type": "Feature",
      "properties": {
        "name": "Berawa Junction",
        "category": "store",
        "region": "Badung Regency",
        "confidence": 0.87,
        "source_file": "GY9B25DK.xlsx",
        "address": "Jl. Pantai Berawa No.150a, banjar pipitan, Tibubeneng, Kec. Kuta Utara, Kabupaten Badung, Bali 80361"
      },
      "geometry": {
        "type": "Point",
        "coordinates": [
          115.1496986,
          -8.6498047
        ]
      }
    },
    {
      "type": "Feature",
      "properties": {
        "name": "Blok D Banjar Lingga Bumi",
        "category": "balai_masyarakat",
        "region": "Badung Regency",
        "confidence": 0.9,
        "source_file": "S33E300D.xlsx",
        "address": "Jl. Perum Dalung Permai No.C/45, Dalung, Kec. Kuta Utara, Kabupaten Badung, Bali 80361"
      },
      "geometry": {
        "type": "Point",
        "coordinates": [
          115.1683841,
          -8.6237938
        ]
      }
    },
    {
      "type": "Feature",
      "properties": {
        "name": "Br. Keraman Abiansemal Badung",
        "category": "balai_masyarakat",
        "region": "Badung Regency",
        "confidence": 0.9,
        "source_file": "QP4FQ600.xlsx",
        "address": "Jl. Cani No.3, Abiansemal, Kec. Abiansemal, Kabupaten Badung, Bali 80352"
      },
      "geometry": {
        "type": "Point",
        "coordinates": [
          115.2120184,
          -8.5283114
        ]
      }
    },
    {
      "type": "Feature",
      "properties": {
        "name": "Br. Lambing Sibangkaja",
        "category": "balai_masyarakat",
        "region": "Badung Regency",
        "confidence": 0.9,
        "source_file": "20F8ADAH.xlsx, QP4FQ600.xlsx",
        "address": "C6MC+9P7, Sibang Kaja, Abiansemal, Badung Regency, Bali 80352"
      },
      "geometry": {
        "type": "Point",
        "coordinates": [
          115.2217871,
          -8.5665902
        ]
      }
    },
    {
      "type": "Feature",
      "properties": {
        "name": "Command Center Badung Regency",
        "category": "kantor_pemerintahan_daerah",
        "region": "Badung Regency",
        "confidence": 0.9,
        "source_file": "RZVRQ2SY.xlsx",
        "address": "Dalung, Puspem, Kabupaten Badung, Bali 80351"
      },
      "geometry": {
        "type": "Point",
        "coordinates": [
          115.1757915,
          -8.6039524
        ]
      }
    },
    {
      "type": "Feature",
      "properties": {
        "name": "DESA WISATA BONGKASA PERTIWI",
        "category": "attractions",
        "region": "Badung Regency",
        "confidence": 0.9,
        "source_file": "wisata.xlsx, XLU5DC2A.xlsx",
        "address": "Jl. Dewi Saraswati, Banjar Karang Dalem II, Kec. Abiansemal, Kabupaten Badung, Bali 80352"
      },
      "geometry": {
        "type": "Point",
        "coordinates": [
          115.2387016,
          -8.469642
        ]
      }
    },
    {
      "type": "Feature",
      "properties": {
        "name": "Desa Adat Banjar Samu Mekar Bhuana",
        "category": "balai_masyarakat",
        "region": "Badung Regency",
        "confidence": 0.9,
        "source_file": "20F8ADAH.xlsx, QP4FQ600.xlsx",
        "address": "C6WG+R7R, Banjar samu Jl. Anggrek No.11-5, Mekar Bhuwana, Kec. Abiansemal, Kabupaten Badung, Bali 80352"
      },
      "geometry": {
        "type": "Point",
        "coordinates": [
          115.2253004,
          -8.5508779
        ]
      }
    },
    {
      "type": "Feature",
      "properties": {
        "name": "Desa Wisata Penarungan",
        "category": "attractions",
        "region": "Badung Regency",
        "confidence": 0.9,
        "source_file": "wisata.xlsx, XLU5DC2A.xlsx",
        "address": "Jl. Oleg No.50, Penarungan, Kec. Mengwi, Kabupaten Badung, Bali 80352"
      },
      "geometry": {
        "type": "Point",
        "coordinates": [
          115.198893,
          -8.5396366
        ]
      }
    },
    {
      "type": "Feature",
      "properties": {
        "name": "Dinas Kependudukan dan Catatan Sipil Kabupaten Badung",
        "category": "kantor_catatan_sipil",
        "region": "Badung Regency",
        "confidence": 0.87,
        "source_file": "RZVRQ2SY.xlsx",
        "address": "Jl. Raya Sempidi Mangupura, Sempidi, Kec. Mengwi, Kabupaten Badung, Bali 80351"
      },
      "geometry": {
        "type": "Point",
        "coordinates": [
          115.1789089,
          -8.6049495
        ]
      }
    },
    {
      "type": "Feature",
      "properties": {
        "name": "Dinas Lingkungan Hidup dan Kebersihan Kabupaten Badung",
        "category": "kantor_pemerintah",
        "region": "Badung Regency",
        "confidence": 0.87,
        "source_file": "RZVRQ2SY.xlsx",
        "address": "95WG+CV8, JL. Raya Sempidi, Mangupura -Badung, Sempidi, Kec. Mengwi, Kabupaten Badung, Bali 80351"
      },
      "geometry": {
        "type": "Point",
        "coordinates": [
          115.1771946,
          -8.6039649
        ]
      }
    },
    {
      "type": "Feature",
      "properties": {
        "name": "Dinas Perindustrian dan Tenaga Kerja Kab. Badung",
        "category": "kantor_pemerintahan_kota",
        "region": "Badung Regency",
        "confidence": 0.9,
        "source_file": "RZVRQ2SY.xlsx",
        "address": "Jl. Raya Sempidi, Sempidi, Kec. Mengwi, Kabupaten Badung, Bali 80351"
      },
      "geometry": {
        "type": "Point",
        "coordinates": [
          115.1774612,
          -8.6034352
        ]
      }
    },
    {
      "type": "Feature",
      "properties": {
        "name": "Dinas Perumahan Rakyat dan Kawasan Permukiman Kabupaten Badung",
        "category": "kantor_pemerintahan_kota",
        "region": "Badung Regency",
        "confidence": 0.87,
        "source_file": "RZVRQ2SY.xlsx",
        "address": "95WH+XVM, Sempidi, Kec. Mengwi, Kabupaten Badung, Bali 80351"
      },
      "geometry": {
        "type": "Point",
        "coordinates": [
          115.1796563,
          -8.6025404
        ]
      }
    },
    {
      "type": "Feature",
      "properties": {
        "name": "Geprek Pertigaan",
        "category": "restaurants",
        "region": "Badung Regency",
        "confidence": 0.84,
        "source_file": "ZDNRHRHP.xlsx",
        "address": "F6H5+JRQ, Jl. Legong, Abiansemal, Kec. Abiansemal, Kabupaten Badung, Bali 80352"
      },
      "geometry": {
        "type": "Point",
        "coordinates": [
          115.2095939,
          -8.5209167
        ]
      }
    },
    {
      "type": "Feature",
      "properties": {
        "name": "Hall Middle Banjar Sibangkaja.",
        "category": "balai_masyarakat",
        "region": "Badung Regency",
        "confidence": 0.9,
        "source_file": "20F8ADAH.xlsx, QP4FQ600.xlsx",
        "address": "C6M9+JHQ, Jl. Anggrek, Sibang Kaja, Kec. Abiansemal, Kabupaten Badung, Bali 80352"
      },
      "geometry": {
        "type": "Point",
        "coordinates": [
          115.2189734,
          -8.5659061
        ]
      }
    },
    {
      "type": "Feature",
      "properties": {
        "name": "JUNCTION CAFE CANGGU",
        "category": "restaurants",
        "region": "Badung Regency",
        "confidence": 0.87,
        "source_file": "GY9B25DK.xlsx",
        "address": "Jl. Pantai Batu Bolong, Canggu, Kec. Kuta Utara, Kabupaten Badung, Bali 80361"
      },
      "geometry": {
        "type": "Point",
        "coordinates": [
          115.1344418,
          -8.6515505
        ]
      }
    },
    {
      "type": "Feature",
      "properties": {
        "name": "Jaya Printing Nakula",
        "category": "toko_fotokopi",
        "region": "Badung Regency",
        "confidence": 0.87,
        "source_file": "JQLVN4D2.xlsx",
        "address": "Jl. Nakula No.02, Pemecutan Klod, Kec. Kuta, Kabupaten Badung, Bali 80361"
      },
      "geometry": {
        "type": "Point",
        "coordinates": [
          115.1848854,
          -8.7001268
        ]
      }
    },
    {
      "type": "Feature",
      "properties": {
        "name": "Kantor Desa Adat Kerobokan",
        "category": "government_office",
        "region": "Badung Regency",
        "confidence": 0.87,
        "source_file": "4ZDU3D7D.xlsx, D7RSP2LU.xlsx, F5265UR2.xlsx",
        "address": "Jl. Raya Kerobokan No.313, Kerobokan Kaja, Kec. Kuta Utara, Kabupaten Badung, Bali 80361"
      },
      "geometry": {
        "type": "Point",
        "coordinates": [
          115.1720537,
          -8.6449347
        ]
      }
    },
    {
      "type": "Feature",
      "properties": {
        "name": "Kantor Kepala Desa Selat",
        "category": "kantor_pemerintah",
        "region": "Badung Regency",
        "confidence": 0.9,
        "source_file": "RZVRQ2SY.xlsx",
        "address": "G689+94J, Selat, Kec. Abiansemal, Kabupaten Badung, Bali 80352"
      },
      "geometry": {
        "type": "Point",
        "coordinates": [
          115.2177719,
          -8.4840427
        ]
      }
    },
    {
      "type": "Feature",
      "properties": {
        "name": "Melasti Beach Ungasan",
        "category": "attractions",
        "region": "Badung Regency",
        "confidence": 0.9,
        "source_file": "wisata.xlsx, XLU5DC2A.xlsx",
        "address": "Bali, Badung Regency, South Kuta, Ungasan, Unnamed Road"
      },
      "geometry": {
        "type": "Point",
        "coordinates": [
          115.1606704,
          -8.8477419
        ]
      }
    },
    {
      "type": "Feature",
      "properties": {
        "name": "Mokofella Coffee And Food Truck",
        "category": "toko_kopi",
        "region": "Badung Regency",
        "confidence": 0.9,
        "source_file": "JQLVN4D2.xlsx",
        "address": "Jl. Perum Dalung Permai No.57, Dalung, Kec. Kuta Utara, Kabupaten Badung, Bali 80361"
      },
      "geometry": {
        "type": "Point",
        "coordinates": [
          115.1710603,
          -8.6257306
        ]
      }
    },
    {
      "type": "Feature",
      "properties": {
        "name": "Nasi Jinggo Kimia Farma Legian",
        "category": "coffee_shops",
        "region": "Badung Regency",
        "confidence": 0.84,
        "source_file": "JQLVN4D2.xlsx",
        "address": "8539+6G3, Jl. Double Six, Seminyak, Kec. Kuta, Kabupaten Badung, Bali 80361"
      },
      "geometry": {
        "type": "Point",
        "coordinates": [
          115.1687923,
          -8.6969867
        ]
      }
    },
    {
      "type": "Feature",
      "properties": {
        "name": "Nasi Jinggo perempatan Alfamart",
        "category": "restaurants",
        "region": "Badung Regency",
        "confidence": 0.87,
        "source_file": "JQLVN4D2.xlsx",
        "address": "75HH+45Q, Kuta, Kec. Kuta, Kabupaten Badung, Bali 80361"
      },
      "geometry": {
        "type": "Point",
        "coordinates": [
          115.1779916,
          -8.72217
        ]
      }
    },
    {
      "type": "Feature",
      "properties": {
        "name": "Objek Wisata Sangeh",
        "category": "attractions",
        "region": "Badung Regency",
        "confidence": 0.9,
        "source_file": "wisata.xlsx, XLU5DC2A.xlsx",
        "address": "Jl. Brahmana, Sangeh, Kec. Abiansemal, Kabupaten Badung, Bali 80352"
      },
      "geometry": {
        "type": "Point",
        "coordinates": [
          115.2065458,
          -8.4815663
        ]
      }
    },
    {
      "type": "Feature",
      "properties": {
        "name": "PEREMPATAN EVENT ORGANIZER AND PRODUCTION",
        "category": "event_management_company",
        "region": "Badung Regency",
        "confidence": 0.9,
        "source_file": "JQLVN4D2.xlsx",
        "address": "Jalan Danau Buyan C1 No. 2, Jl. Taman Griya, Jimbaran, Kec. Kuta Sel., Kabupaten Badung, Bali 80361"
      },
      "geometry": {
        "type": "Point",
        "coordinates": [
          115.1859603,
          -8.787875
        ]
      }
    },
    {
      "type": "Feature",
      "properties": {
        "name": "Pasraman Puri Puncak Bangsal",
        "category": "pusat_pendidikan",
        "region": "Badung Regency",
        "confidence": 0.87,
        "source_file": "ZDNRHRHP.xlsx",
        "address": "Pertigaan, Jl. Raya Sempidi, Gaji, Dalung, Kec. Kuta Utara, Kabupaten Badung, Bali 80351"
      },
      "geometry": {
        "type": "Point",
        "coordinates": [
          115.175815,
          -8.6107256
        ]
      }
    },
    {
      "type": "Feature",
      "properties": {
        "name": "Perempatan Event Organizer And Production",
        "category": "event_organizer_eo",
        "region": "Badung Regency",
        "confidence": 0.84,
        "source_file": "JQLVN4D2.xlsx",
        "address": "Jl. Asia Citra No.2, Jimbaran, Kec. Kuta Sel., Kabupaten Badung, Bali 80361"
      },
      "geometry": {
        "type": "Point",
        "coordinates": [
          115.1743838,
          -8.7396003
        ]
      }
    },
    {
      "type": "Feature",
      "properties": {
        "name": "Pertigaan",
        "category": "bars",
        "region": "Badung Regency",
        "confidence": 0.84,
        "source_file": "ZDNRHRHP.xlsx",
        "address": "Jl. By Pass Tanah Lot No.8, Munggu, Kec. Mengwi, Kabupaten Badung, Bali 80351"
      },
      "geometry": {
        "type": "Point",
        "coordinates": [
          115.123607,
          -8.624421
        ]
      }
    },
    {
      "type": "Feature",
      "properties": {
        "name": "Pertigaan Jagapati",
        "category": "komplek_perumahan",
        "region": "Badung Regency",
        "confidence": 0.84,
        "source_file": "ZDNRHRHP.xlsx",
        "address": "Jl. Raya Jagapati No.5, Jagapati, Kec. Abiansemal, Kabupaten Badung, Bali 80352"
      },
      "geometry": {
        "type": "Point",
        "coordinates": [
          115.2399697,
          -8.5976534
        ]
      }
    },
    {
      "type": "Feature",
      "properties": {
        "name": "Pertigaan Jalan Pitu",
        "category": "komplek_perumahan",
        "region": "Badung Regency",
        "confidence": 0.84,
        "source_file": "ZDNRHRHP.xlsx",
        "address": "C6R6+7W7, Jl.Pitu, Jl. Pura Gn. Jl. Raya Gerih Blumbungan, Sibang Kaja, Kec. Abiansemal, Kabupaten Badung, Bali 80352"
      },
      "geometry": {
        "type": "Point",
        "coordinates": [
          115.2121978,
          -8.5595367
        ]
      }
    },
    {
      "type": "Feature",
      "properties": {
        "name": "Pertigaan Kemunafikan",
        "category": "pembangunan_perumahan",
        "region": "Badung Regency",
        "confidence": 0.84,
        "source_file": "ZDNRHRHP.xlsx",
        "address": "C678+28M, Jl. Ahmad Yani Utara, Darmasaba, Kec. Abiansemal, Kabupaten Badung, Bali 80238"
      },
      "geometry": {
        "type": "Point",
        "coordinates": [
          115.2158075,
          -8.5874207
        ]
      }
    },
    {
      "type": "Feature",
      "properties": {
        "name": "Pertigaan Muncan (Muncan Junction)",
        "category": "housing_society",
        "region": "Badung Regency",
        "confidence": 0.87,
        "source_file": "ZDNRHRHP.xlsx",
        "address": "C5FH+97G, Jl. Raya Kapal, Kapal, Kec. Mengwi, Kabupaten Badung, Bali 80351"
      },
      "geometry": {
        "type": "Point",
        "coordinates": [
          115.1781935,
          -8.5765524
        ]
      }
    },
    {
      "type": "Feature",
      "properties": {
        "name": "Pertigaan antasura",
        "category": "coffee_shops",
        "region": "Badung Regency",
        "confidence": 0.84,
        "source_file": "ZDNRHRHP.xlsx",
        "address": "Jl. Antasura No.518-520, Darmasaba, Kec. Abiansemal, Kabupaten Badung, Bali 80238"
      },
      "geometry": {
        "type": "Point",
        "coordinates": [
          115.2157129,
          -8.5885498
        ]
      }
    },
    {
      "type": "Feature",
      "properties": {
        "name": "Pertigaan dalung",
        "category": "sekolah",
        "region": "Badung Regency",
        "confidence": 0.84,
        "source_file": "ZDNRHRHP.xlsx",
        "address": "Jl. Raya Padang Luwih No.143, Dalung, Kec. Kuta Utara, Kabupaten Badung, Bali 80361"
      },
      "geometry": {
        "type": "Point",
        "coordinates": [
          115.1758642,
          -8.6300191
        ]
      }
    },
    {
      "type": "Feature",
      "properties": {
        "name": "SD 1 BONGKASA",
        "category": "sekolah",
        "region": "Badung Regency",
        "confidence": 0.87,
        "source_file": "M7E1PVJI.xlsx",
        "address": "F6WM+P2F, Jl. Kedewatan, Bongkasa, Kec. Abiansemal, Kabupaten Badung, Bali 80352"
      },
      "geometry": {
        "type": "Point",
        "coordinates": [
          115.2325426,
          -8.5031962
        ]
      }
    },
    {
      "type": "Feature",
      "properties": {
        "name": "SD 1 Pangsan",
        "category": "sekolah",
        "region": "Badung Regency",
        "confidence": 0.87,
        "source_file": "M7E1PVJI.xlsx",
        "address": "H6RC+M96, Jl. I.GST. NGR Rai, Pangsan, Kec. Petang, Kabupaten Badung, Bali 80353"
      },
      "geometry": {
        "type": "Point",
        "coordinates": [
          115.2209011,
          -8.408344
        ]
      }
    },
    {
      "type": "Feature",
      "properties": {
        "name": "SD 2 Bongkasa Pertiwi",
        "category": "sekolah_menengah",
        "region": "Badung Regency",
        "confidence": 0.84,
        "source_file": "M7E1PVJI.xlsx",
        "address": "G6CR+G72, Bongkasa Pertiwi, Abiansemal, Badung Regency, Bali 80352"
      },
      "geometry": {
        "type": "Point",
        "coordinates": [
          115.2406257,
          -8.4787426
        ]
      }
    },
    {
      "type": "Feature",
      "properties": {
        "name": "SD 2 MAMBAL",
        "category": "general_education_school",
        "region": "Badung Regency",
        "confidence": 0.84,
        "source_file": "M7E1PVJI.xlsx",
        "address": "F69H+MHP, Mambal, Abiansemal, Badung Regency, Bali 80352"
      },
      "geometry": {
        "type": "Point",
        "coordinates": [
          115.2289511,
          -8.5307875
        ]
      }
    },
    {
      "type": "Feature",
      "properties": {
        "name": "SD 2 Pangsan",
        "category": "sekolah",
        "region": "Badung Regency",
        "confidence": 0.87,
        "source_file": "M7E1PVJI.xlsx",
        "address": "H6PC+7PR, br.pangsan,ds, Pangsan, Kec. Petang, Kabupaten Badung, Bali 80353"
      },
      "geometry": {
        "type": "Point",
        "coordinates": [
          115.2217747,
          -8.4142596
        ]
      }
    },
    {
      "type": "Feature",
      "properties": {
        "name": "SD 5 gulingan",
        "category": "sekolah_dasar",
        "region": "Badung Regency",
        "confidence": 0.84,
        "source_file": "M7E1PVJI.xlsx",
        "address": "F56V+59W, Jl. Br.Tengah Gulingan, Gulingan, Kec. Mengwi, Kabupaten Badung, Bali 80352"
      },
      "geometry": {
        "type": "Point",
        "coordinates": [
          115.1934491,
          -8.5395043
        ]
      }
    },
    {
      "type": "Feature",
      "properties": {
        "name": "SD N 2 Dauh Yeh Cani",
        "category": "primary_school",
        "region": "Badung Regency",
        "confidence": 0.84,
        "source_file": "M7E1PVJI.xlsx",
        "address": "Jl. Puputan Badung No.7, Dauh Yeh Cani, Kec. Abiansemal, Kabupaten Badung, Bali 80352"
      },
      "geometry": {
        "type": "Point",
        "coordinates": [
          115.2029619,
          -8.5232921
        ]
      }
    },
    {
      "type": "Feature",
      "properties": {
        "name": "SD NEGERI 1 PECATU",
        "category": "sekolah_dasar",
        "region": "Badung Regency",
        "confidence": 0.84,
        "source_file": "LZIT5G8W.xlsx",
        "address": "548G+4Q6, Pecatu, Kec. Kuta Sel., Kabupaten Badung, Bali 80361"
      },
      "geometry": {
        "type": "Point",
        "coordinates": [
          115.1269495,
          -8.834695
        ]
      }
    },
    {
      "type": "Feature",
      "properties": {
        "name": "SD NO 1 PUNGGUL",
        "category": "primary_school",
        "region": "Badung Regency",
        "confidence": 0.84,
        "source_file": "M7E1PVJI.xlsx",
        "address": "Jl. Kamboja Sangeh No.18, Punggul, Kec. Abiansemal, Kabupaten Badung, Bali 80352"
      },
      "geometry": {
        "type": "Point",
        "coordinates": [
          115.220129,
          -8.4995996
        ]
      }
    },
    {
      "type": "Feature",
      "properties": {
        "name": "SD NO 1 SANGEH",
        "category": "secondary_school",
        "region": "Badung Regency",
        "confidence": 0.84,
        "source_file": "M7E1PVJI.xlsx",
        "address": "G675+5PM, Sangeh, Abiansemal, Badung Regency, Bali 80352"
      },
      "geometry": {
        "type": "Point",
        "coordinates": [
          115.209312,
          -8.4870361
        ]
      }
    },
    {
      "type": "Feature",
      "properties": {
        "name": "SD NO. 1 TAMAN",
        "category": "sekolah_dasar",
        "region": "Badung Regency",
        "confidence": 0.84,
        "source_file": "LZIT5G8W.xlsx, M7E1PVJI.xlsx",
        "address": "Jl. Batas Kangin No.550, Taman, Kec. Abiansemal, Kabupaten Badung, Bali 80352"
      },
      "geometry": {
        "type": "Point",
        "coordinates": [
          115.2221539,
          -8.4876213
        ]
      }
    },
    {
      "type": "Feature",
      "properties": {
        "name": "SD NO. 2 PETANG",
        "category": "sekolah_dasar",
        "region": "Badung Regency",
        "confidence": 0.84,
        "source_file": "M7E1PVJI.xlsx",
        "address": "J689+FCF, Jl. Blambangan, Petang, Kec. Petang, Kabupaten Badung, Bali 80353"
      },
      "geometry": {
        "type": "Point",
        "coordinates": [
          115.2185506,
          -8.3838117
        ]
      }
    },
    {
      "type": "Feature",
      "properties": {
        "name": "SD NO. 3 WERDI BHUWANA",
        "category": "sekolah_dasar",
        "region": "Badung Regency",
        "confidence": 0.84,
        "source_file": "M7E1PVJI.xlsx",
        "address": "F5PH+P25, Werdi Bhuwana, Mengwi, Badung Regency, Bali 80351"
      },
      "geometry": {
        "type": "Point",
        "coordinates": [
          115.177622,
          -8.513239
        ]
      }
    },
    {
      "type": "Feature",
      "properties": {
        "name": "SD NO. 5 TAMAN",
        "category": "sekolah_dasar",
        "region": "Badung Regency",
        "confidence": 0.84,
        "source_file": "M7E1PVJI.xlsx",
        "address": "Jl. Gadung No.47, Taman, Kec. Abiansemal, Kabupaten Badung, Bali 80352"
      },
      "geometry": {
        "type": "Point",
        "coordinates": [
          115.2273029,
          -8.4820957
        ]
      }
    },
    {
      "type": "Feature",
      "properties": {
        "name": "SD Negeri 1 Jimbaran",
        "category": "sekolah_dasar",
        "region": "Badung Regency",
        "confidence": 0.84,
        "source_file": "LZIT5G8W.xlsx",
        "address": "65HG+PCM, Jl. Tegal Sari, Jimbaran, Kec. Kuta Sel., Kabupaten Badung, Bali 80361"
      },
      "geometry": {
        "type": "Point",
        "coordinates": [
          115.1760426,
          -8.7706731
        ]
      }
    },
    {
      "type": "Feature",
      "properties": {
        "name": "SD Negeri 1 Kutuh",
        "category": "sekolah_dasar",
        "region": "Badung Regency",
        "confidence": 0.84,
        "source_file": "LZIT5G8W.xlsx",
        "address": "55CH+MF6, Jl. Nusa Dua, Kutuh, Kec. Kuta Sel., Kabupaten Badung, Bali 80361"
      },
      "geometry": {
        "type": "Point",
        "coordinates": [
          115.1786525,
          -8.8283486
        ]
      }
    },
    {
      "type": "Feature",
      "properties": {
        "name": "SD Negeri 1 Mambal",
        "category": "sekolah_dasar",
        "region": "Badung Regency",
        "confidence": 0.84,
        "source_file": "LZIT5G8W.xlsx, M7E1PVJI.xlsx",
        "address": "C6X9+2MH, Jl. Raya Mambal, Mambal, Kec. Abiansemal, Kabupaten Badung, Bali 80352"
      },
      "geometry": {
        "type": "Point",
        "coordinates": [
          115.219236,
          -8.5524406
        ]
      }
    },
    {
      "type": "Feature",
      "properties": {
        "name": "SD Negeri 1 Werdi Bhuwana",
        "category": "sekolah_dasar",
        "region": "Badung Regency",
        "confidence": 0.84,
        "source_file": "LZIT5G8W.xlsx, M7E1PVJI.xlsx",
        "address": "Jl. Raya Denpasar No.30, Werdi Bhuwana, Kec. Mengwi, Kabupaten Badung, Bali 80351"
      },
      "geometry": {
        "type": "Point",
        "coordinates": [
          115.183225,
          -8.5030386
        ]
      }
    },
    {
      "type": "Feature",
      "properties": {
        "name": "SD Negeri 2 Bongkasa",
        "category": "sekolah_dasar",
        "region": "Badung Regency",
        "confidence": 0.84,
        "source_file": "LZIT5G8W.xlsx, M7E1PVJI.xlsx",
        "address": "F6WJ+RW3, Bongkasa, Kec. Abiansemal, Kabupaten Badung, Bali 80352"
      },
      "geometry": {
        "type": "Point",
        "coordinates": [
          115.2323202,
          -8.5030491
        ]
      }
    },
    {
      "type": "Feature",
      "properties": {
        "name": "SD Negeri 2 Taman",
        "category": "sekolah_dasar",
        "region": "Badung Regency",
        "confidence": 0.84,
        "source_file": "LZIT5G8W.xlsx, M7E1PVJI.xlsx",
        "address": "Jl. Delop Ps. No.12-18, Taman, Kec. Abiansemal, Kabupaten Badung, Bali 80352"
      },
      "geometry": {
        "type": "Point",
        "coordinates": [
          115.2261268,
          -8.4906572
        ]
      }
    },
    {
      "type": "Feature",
      "properties": {
        "name": "SD Negeri 3 Mambal",
        "category": "elementary_school",
        "region": "Badung Regency",
        "confidence": 0.84,
        "source_file": "M7E1PVJI.xlsx",
        "address": "F62F+64X, Mambal, Abiansemal, Badung Regency, Bali 80352"
      },
      "geometry": {
        "type": "Point",
        "coordinates": [
          115.2228737,
          -8.5493837
        ]
      }
    },
    {
      "type": "Feature",
      "properties": {
        "name": "SD No 1 Petang",
        "category": "elementary_school",
        "region": "Badung Regency",
        "confidence": 0.84,
        "source_file": "M7E1PVJI.xlsx",
        "address": "J669+3V6, Jl. Raya Pura Pucak Mangu, Petang, Kec. Petang, Kabupaten Badung, Bali 80353"
      },
      "geometry": {
        "type": "Point",
        "coordinates": [
          115.2196286,
          -8.3898426
        ]
      }
    },
    {
      "type": "Feature",
      "properties": {
        "name": "SD No 2 Getasan",
        "category": "sekolah_dasar",
        "region": "Badung Regency",
        "confidence": 0.84,
        "source_file": "M7E1PVJI.xlsx",
        "address": "H6GF+69J, Getasan, Petang, Badung Regency, Bali"
      },
      "geometry": {
        "type": "Point",
        "coordinates": [
          115.223405,
          -8.4244138
        ]
      }
    },
    {
      "type": "Feature",
      "properties": {
        "name": "SD No 2 Kuwum",
        "category": "secondary_school",
        "region": "Badung Regency",
        "confidence": 0.84,
        "source_file": "M7E1PVJI.xlsx",
        "address": "G549+Q56, Kuwum, Mengwi, Badung Regency, Bali 80351"
      },
      "geometry": {
        "type": "Point",
        "coordinates": [
          115.1678895,
          -8.4930857
        ]
      }
    },
    {
      "type": "Feature",
      "properties": {
        "name": "SD No 2 Werdi Bhuwana",
        "category": "sekolah_dasar",
        "region": "Badung Regency",
        "confidence": 0.84,
        "source_file": "M7E1PVJI.xlsx",
        "address": "F5GF+VRF, Werdi Bhuwana, Mengwi, Badung Regency, Bali 80351"
      },
      "geometry": {
        "type": "Point",
        "coordinates": [
          115.174553,
          -8.5228159
        ]
      }
    },
    {
      "type": "Feature",
      "properties": {
        "name": "SD No 3 Sibangkaja",
        "category": "sekolah_dasar",
        "region": "Badung Regency",
        "confidence": 0.84,
        "source_file": "M7E1PVJI.xlsx",
        "address": "Jl. Pudak No.4, Sibang Kaja, Kec. Abiansemal, Kabupaten Badung, Bali 80352"
      },
      "geometry": {
        "type": "Point",
        "coordinates": [
          115.2224939,
          -8.568949
        ]
      }
    },
    {
      "type": "Feature",
      "properties": {
        "name": "SD No 4 TAMAN",
        "category": "sekolah_dasar",
        "region": "Badung Regency",
        "confidence": 0.84,
        "source_file": "M7E1PVJI.xlsx",
        "address": "G64M+QCW, Taman, Abiansemal, Badung Regency, Bali 80352"
      },
      "geometry": {
        "type": "Point",
        "coordinates": [
          115.2335683,
          -8.4930036
        ]
      }
    },
    {
      "type": "Feature",
      "properties": {
        "name": "SD No. 1 Ayunan",
        "category": "sekolah_dasar",
        "region": "Badung Regency",
        "confidence": 0.84,
        "source_file": "M7E1PVJI.xlsx",
        "address": "Jl. Rajawali No.189, Ayunan, Kec. Abiansemal, Kabupaten Badung, Bali 80352"
      },
      "geometry": {
        "type": "Point",
        "coordinates": [
          115.19968,
          -8.49521
        ]
      }
    },
    {
      "type": "Feature",
      "properties": {
        "name": "SD No. 1 Baha",
        "category": "sekolah_dasar",
        "region": "Badung Regency",
        "confidence": 0.84,
        "source_file": "M7E1PVJI.xlsx",
        "address": "F5HP+XR4, Jl. Legong, Baha, Kec. Mengwi, Kabupaten Badung, Bali 80351"
      },
      "geometry": {
        "type": "Point",
        "coordinates": [
          115.1870918,
          -8.5201037
        ]
      }
    },
    {
      "type": "Feature",
      "properties": {
        "name": "SD No. 1 Bongkasa Pertiwi",
        "category": "sekolah_dasar",
        "region": "Badung Regency",
        "confidence": 0.84,
        "source_file": "M7E1PVJI.xlsx",
        "address": "G66Q+JGX, Bongkasa, Abiansemal, Badung Regency, Bali 80352"
      },
      "geometry": {
        "type": "Point",
        "coordinates": [
          115.2388637,
          -8.4883847
        ]
      }
    },
    {
      "type": "Feature",
      "properties": {
        "name": "SD No. 1 Kuwum",
        "category": "sekolah_dasar",
        "region": "Badung Regency",
        "confidence": 0.84,
        "source_file": "M7E1PVJI.xlsx",
        "address": "G5WQ+45G, Kuwum, Mengwi, Badung Regency, Bali"
      },
      "geometry": {
        "type": "Point",
        "coordinates": [
          115.1879513,
          -8.4546878
        ]
      }
    },
    {
      "type": "Feature",
      "properties": {
        "name": "SD No. 1 Mekar Bhuana",
        "category": "sekolah_dasar",
        "region": "Badung Regency",
        "confidence": 0.84,
        "source_file": "M7E1PVJI.xlsx",
        "address": "C6XG+M3G, Abiansemal, Ubud, Badung Regency, Bali 80352"
      },
      "geometry": {
        "type": "Point",
        "coordinates": [
          115.22519,
          -8.5508111
        ]
      }
    },
    {
      "type": "Feature",
      "properties": {
        "name": "SD No. 1 Selat",
        "category": "sekolah_dasar",
        "region": "Badung Regency",
        "confidence": 0.84,
        "source_file": "M7E1PVJI.xlsx",
        "address": "G688+GW6, Sangeh, Abiansemal, Badung Regency, Bali 80353"
      },
      "geometry": {
        "type": "Point",
        "coordinates": [
          115.2172657,
          -8.4837037
        ]
      }
    },
    {
      "type": "Feature",
      "properties": {
        "name": "SD No. 1 Sembung",
        "category": "sekolah_dasar",
        "region": "Badung Regency",
        "confidence": 0.84,
        "source_file": "M7E1PVJI.xlsx",
        "address": "G5HM+M9G, Sembung, Mengwi, Badung Regency, Bali 80351"
      },
      "geometry": {
        "type": "Point",
        "coordinates": [
          115.1834449,
          -8.4708223
        ]
      }
    },
    {
      "type": "Feature",
      "properties": {
        "name": "SD No. 1 Sobangan",
        "category": "sekolah_dasar",
        "region": "Badung Regency",
        "confidence": 0.84,
        "source_file": "M7E1PVJI.xlsx",
        "address": "G52R+P2W, Sobangan, Mengwi, Badung Regency, Bali 80351"
      },
      "geometry": {
        "type": "Point",
        "coordinates": [
          115.1900669,
          -8.4981315
        ]
      }
    },
    {
      "type": "Feature",
      "properties": {
        "name": "SD No. 2 Ayunan",
        "category": "elementary_school",
        "region": "Badung Regency",
        "confidence": 0.84,
        "source_file": "M7E1PVJI.xlsx",
        "address": "Ayunan, Abiansemal, Badung Regency, Bali 80352"
      },
      "geometry": {
        "type": "Point",
        "coordinates": [
          115.1993205,
          -8.5065928
        ]
      }
    },
    {
      "type": "Feature",
      "properties": {
        "name": "SD No. 2 Baha",
        "category": "elementary_school",
        "region": "Badung Regency",
        "confidence": 0.84,
        "source_file": "M7E1PVJI.xlsx",
        "address": "No., Jl. Ratna No.16, Baha, Kec. Mengwi, Kabupaten Badung, Bali 80351"
      },
      "geometry": {
        "type": "Point",
        "coordinates": [
          115.1855477,
          -8.5250789
        ]
      }
    },
    {
      "type": "Feature",
      "properties": {
        "name": "SD No. 2 Lukluk",
        "category": "sekolah_dasar",
        "region": "Badung Regency",
        "confidence": 0.84,
        "source_file": "M7E1PVJI.xlsx",
        "address": "Jl. Raya Penarungan No.100, Lukluk, Kec. Mengwi, Kabupaten Badung, Bali 80351"
      },
      "geometry": {
        "type": "Point",
        "coordinates": [
          115.1940229,
          -8.5724637
        ]
      }
    },
    {
      "type": "Feature",
      "properties": {
        "name": "SD No. 2 Mengwi",
        "category": "sekolah_dasar",
        "region": "Badung Regency",
        "confidence": 0.84,
        "source_file": "M7E1PVJI.xlsx",
        "address": "F56C+QMF, Mengwi, Badung Regency, Bali 80351"
      },
      "geometry": {
        "type": "Point",
        "coordinates": [
          115.1716673,
          -8.5380524
        ]
      }
    },
    {
      "type": "Feature",
      "properties": {
        "name": "SD No. 2 Sangeh",
        "category": "sekolah_dasar",
        "region": "Badung Regency",
        "confidence": 0.84,
        "source_file": "M7E1PVJI.xlsx",
        "address": "G6P6+8QR, Grana, Sangeh, Kec. Abiansemal, Kabupaten Badung, Bali 80352"
      },
      "geometry": {
        "type": "Point",
        "coordinates": [
          115.2118753,
          -8.464148
        ]
      }
    },
    {
      "type": "Feature",
      "properties": {
        "name": "SD No. 3 Blahkiuh",
        "category": "sekolah_dasar",
        "region": "Badung Regency",
        "confidence": 0.84,
        "source_file": "M7E1PVJI.xlsx",
        "address": "F6P4+CQX, Ayunan, Abiansemal, Blahkiuh, Badung, Kabupaten Badung, Bali 80352"
      },
      "geometry": {
        "type": "Point",
        "coordinates": [
          115.206974,
          -8.5138926
        ]
      }
    },
    {
      "type": "Feature",
      "properties": {
        "name": "SD No. 3 Dauh Yeh Cani",
        "category": "primary_school",
        "region": "Badung Regency",
        "confidence": 0.84,
        "source_file": "M7E1PVJI.xlsx",
        "address": "Jl. Oleg No.36-40, Dauh Yeh Cani, Kec. Abiansemal, Kabupaten Badung, Bali 80352"
      },
      "geometry": {
        "type": "Point",
        "coordinates": [
          115.201658,
          -8.5287781
        ]
      }
    },
    {
      "type": "Feature",
      "properties": {
        "name": "SD No. 3 Mekar Bhuwana",
        "category": "elementary_school",
        "region": "Badung Regency",
        "confidence": 0.84,
        "source_file": "M7E1PVJI.xlsx",
        "address": "F62J+R32, Mekar Bhuwana, Abiansemal, Badung Regency, Bali 80352"
      },
      "geometry": {
        "type": "Point",
        "coordinates": [
          115.2301348,
          -8.547997
        ]
      }
    },
    {
      "type": "Feature",
      "properties": {
        "name": "SD No. 3 Sangeh",
        "category": "sekolah_dasar",
        "region": "Badung Regency",
        "confidence": 0.84,
        "source_file": "LZIT5G8W.xlsx, M7E1PVJI.xlsx",
        "address": "G664+2M6, Sangeh, Kec. Abiansemal, Kabupaten Badung, Bali 80352"
      },
      "geometry": {
        "type": "Point",
        "coordinates": [
          115.2066325,
          -8.4899578
        ]
      }
    },
    {
      "type": "Feature",
      "properties": {
        "name": "SD No. 3 Sembung",
        "category": "sekolah_dasar",
        "region": "Badung Regency",
        "confidence": 0.84,
        "source_file": "M7E1PVJI.xlsx",
        "address": "G5MP+Q9C, Sembung, Mengwi, Badung Regency, Bali 80351"
      },
      "geometry": {
        "type": "Point",
        "coordinates": [
          115.1858875,
          -8.4655576
        ]
      }
    },
    {
      "type": "Feature",
      "properties": {
        "name": "SD No. 3 Taman",
        "category": "sekolah_dasar",
        "region": "Badung Regency",
        "confidence": 0.84,
        "source_file": "M7E1PVJI.xlsx",
        "address": "G6GG+PPV, Br, Jl. Jempeng, Taman, Kec. Abiansemal, Kabupaten Badung, Bali 80352"
      },
      "geometry": {
        "type": "Point",
        "coordinates": [
          115.2267897,
          -8.4731318
        ]
      }
    },
    {
      "type": "Feature",
      "properties": {
        "name": "SD No. 4 Abiansemal Dauh Yeh Cani",
        "category": "sekolah_dasar",
        "region": "Badung Regency",
        "confidence": 0.84,
        "source_file": "M7E1PVJI.xlsx",
        "address": "F694+JXJ, Jl. Cilinaya, Dauh Yeh Cani, Kec. Abiansemal, Kabupaten Badung, Bali 80352"
      },
      "geometry": {
        "type": "Point",
        "coordinates": [
          115.2073852,
          -8.5309231
        ]
      }
    },
    {
      "type": "Feature",
      "properties": {
        "name": "SD No. 4 Blahkiuh",
        "category": "elementary_school",
        "region": "Badung Regency",
        "confidence": 0.84,
        "source_file": "M7E1PVJI.xlsx",
        "address": "F6R5+F6W, Jl. Blambangan, Blahkiuh, Kec. Abiansemal, Kabupaten Badung, Bali 80352"
      },
      "geometry": {
        "type": "Point",
        "coordinates": [
          115.2080754,
          -8.5087533
        ]
      }
    },
    {
      "type": "Feature",
      "properties": {
        "name": "SD No. 4 Bongkasa",
        "category": "sekolah_dasar",
        "region": "Badung Regency",
        "confidence": 0.84,
        "source_file": "M7E1PVJI.xlsx",
        "address": "G62Q+X45, Bongkasa, Abiansemal, Badung Regency, Bali 80352"
      },
      "geometry": {
        "type": "Point",
        "coordinates": [
          115.2378551,
          -8.4976124
        ]
      }
    },
    {
      "type": "Feature",
      "properties": {
        "name": "SD No. 4 Mekar Bhuana",
        "category": "sekolah_dasar",
        "region": "Badung Regency",
        "confidence": 0.84,
        "source_file": "M7E1PVJI.xlsx",
        "address": "C6XG+VPJ, Abiansemal, Ubud, Badung Regency, Bali 80352"
      },
      "geometry": {
        "type": "Point",
        "coordinates": [
          115.2267595,
          -8.5502798
        ]
      }
    },
    {
      "type": "Feature",
      "properties": {
        "name": "SD No. 4 Sibangkaja",
        "category": "sekolah_dasar",
        "region": "Badung Regency",
        "confidence": 0.84,
        "source_file": "M7E1PVJI.xlsx",
        "address": "C6MC+PVP Banjar Lambing, Sibang Kaja, Kec. Abiansemal, Kabupaten Badung, Bali 80352"
      },
      "geometry": {
        "type": "Point",
        "coordinates": [
          115.2221945,
          -8.5656704
        ]
      }
    },
    {
      "type": "Feature",
      "properties": {
        "name": "SD No. 4 Ungasan",
        "category": "sekolah_dasar",
        "region": "Badung Regency",
        "confidence": 0.84,
        "source_file": "LZIT5G8W.xlsx",
        "address": "55J3+PM7, Jl. Raya Uluwatu, Ungasan, Kec. Kuta Sel., Kabupaten Badung, Bali 80361"
      },
      "geometry": {
        "type": "Point",
        "coordinates": [
          115.1541658,
          -8.8182184
        ]
      }
    },
    {
      "type": "Feature",
      "properties": {
        "name": "SD No. 5 Carangsari",
        "category": "sekolah_dasar",
        "region": "Badung Regency",
        "confidence": 0.84,
        "source_file": "M7E1PVJI.xlsx",
        "address": "H629+C9R, Carangsari, Petang, Badung Regency, Bali 80353"
      },
      "geometry": {
        "type": "Point",
        "coordinates": [
          115.2183758,
          -8.4488812
        ]
      }
    },
    {
      "type": "Feature",
      "properties": {
        "name": "SD No. 6 Dalung",
        "category": "sekolah_dasar",
        "region": "Badung Regency",
        "confidence": 0.84,
        "source_file": "M7E1PVJI.xlsx",
        "address": "G5HM+GG2, PASAR SEMBUNG, Jl. Denpasar-Singaraja, Sembung, Kec. Mengwi, Kabupaten Badung, Bali 80351"
      },
      "geometry": {
        "type": "Point",
        "coordinates": [
          115.1837637,
          -8.4712353
        ]
      }
    },
    {
      "type": "Feature",
      "properties": {
        "name": "SD No.2 Mekar Bhuana",
        "category": "elementary_school",
        "region": "Badung Regency",
        "confidence": 0.84,
        "source_file": "M7E1PVJI.xlsx",
        "address": "F62P+34P, Jl. Raya Mambal, Mekar Bhuwana, Kec. Abiansemal, Kabupaten Badung, Bali 80352"
      },
      "geometry": {
        "type": "Point",
        "coordinates": [
          115.235317,
          -8.549776
        ]
      }
    },
    {
      "type": "Feature",
      "properties": {
        "name": "SD No.3 Pangsan",
        "category": "sekolah_dasar",
        "region": "Badung Regency",
        "confidence": 0.84,
        "source_file": "M7E1PVJI.xlsx",
        "address": "H6MF+JR8, Jl. Puputan Badung, Pangsan, Kec. Petang, Kabupaten Badung, Bali 80353"
      },
      "geometry": {
        "type": "Point",
        "coordinates": [
          115.2245626,
          -8.4159659
        ]
      }
    },
    {
      "type": "Feature",
      "properties": {
        "name": "SD No.4 Sembung",
        "category": "sekolah_menengah",
        "region": "Badung Regency",
        "confidence": 0.84,
        "source_file": "M7E1PVJI.xlsx",
        "address": "G5GM+2J8, Jl. Nakula II, Sembung, Kec. Mengwi, Kabupaten Badung, Bali 80351"
      },
      "geometry": {
        "type": "Point",
        "coordinates": [
          115.1840632,
          -8.4749725
        ]
      }
    },
    {
      "type": "Feature",
      "properties": {
        "name": "SD negeri 1 Blang Bladeh",
        "category": "sekolah_dasar",
        "region": "Badung Regency",
        "confidence": 0.84,
        "source_file": "LZIT5G8W.xlsx",
        "address": "75GG+F4F, Jln. Kuta Batee, Gampong Blang Bladeh, Meukek, Kabupaten Badung, Bali"
      },
      "geometry": {
        "type": "Point",
        "coordinates": [
          115.1753061,
          -8.7238107
        ]
      }
    },
    {
      "type": "Feature",
      "properties": {
        "name": "SD. NO3 CARANGSARI",
        "category": "sekolah_dasar",
        "region": "Badung Regency",
        "confidence": 0.84,
        "source_file": "M7E1PVJI.xlsx",
        "address": "H64F+M78, Carangsari, Petang, Badung Regency, Bali 80353"
      },
      "geometry": {
        "type": "Point",
        "coordinates": [
          115.2232055,
          -8.4433393
        ]
      }
    },
    {
      "type": "Feature",
      "properties": {
        "name": "SD. No.2 Sedang.",
        "category": "sekolah_dasar",
        "region": "Badung Regency",
        "confidence": 0.84,
        "source_file": "M7E1PVJI.xlsx",
        "address": "F65C+CFF, Mambal, Abiansemal, Badung Regency, Bali 80352"
      },
      "geometry": {
        "type": "Point",
        "coordinates": [
          115.221174,
          -8.541443
        ]
      }
    },
    {
      "type": "Feature",
      "properties": {
        "name": "SDN 1 Blahkiuh",
        "category": "sekolah",
        "region": "Badung Regency",
        "confidence": 0.87,
        "source_file": "LZIT5G8W.xlsx",
        "address": "F6P4+QXC, Blahkiuh, Kec. Abiansemal, Kabupaten Badung, Bali 80352"
      },
      "geometry": {
        "type": "Point",
        "coordinates": [
          115.2073823,
          -8.5130515
        ]
      }
    },
    {
      "type": "Feature",
      "properties": {
        "name": "SDN 2 Carangsari",
        "category": "sekolah_dasar",
        "region": "Badung Regency",
        "confidence": 0.84,
        "source_file": "LZIT5G8W.xlsx, M7E1PVJI.xlsx",
        "address": "G6Q8+MMC, Carangsari, Kec. Petang, Kabupaten Badung, Bali 80353"
      },
      "geometry": {
        "type": "Point",
        "coordinates": [
          115.2166313,
          -8.4608196
        ]
      }
    },
    {
      "type": "Feature",
      "properties": {
        "name": "SDN No.4 Mambal",
        "category": "sekolah_dasar",
        "region": "Badung Regency",
        "confidence": 0.84,
        "source_file": "LZIT5G8W.xlsx",
        "address": "F65C+CF6, Banjar Baturning, Mambal, Kec. Abiansemal, Kabupaten Badung, Bali 80352"
      },
      "geometry": {
        "type": "Point",
        "coordinates": [
          115.2211342,
          -8.5414582
        ]
      }
    },
    {
      "type": "Feature",
      "properties": {
        "name": "Satria Gatotkaca Park",
        "category": "attractions",
        "region": "Badung Regency",
        "confidence": 0.9,
        "source_file": "JQLVN4D2.xlsx",
        "address": "Jl. Raya Tuban No.1, Tuban, Kec. Kuta, Kabupaten Badung, Bali 80361"
      },
      "geometry": {
        "type": "Point",
        "coordinates": [
          115.1788673,
          -8.7443882
        ]
      }
    },
    {
      "type": "Feature",
      "properties": {
        "name": "Sd Negeri 2 Punggul",
        "category": "sekolah_dasar",
        "region": "Badung Regency",
        "confidence": 0.84,
        "source_file": "LZIT5G8W.xlsx, M7E1PVJI.xlsx",
        "address": "Jl. Belangsinga No.5, Punggul, Kec. Abiansemal, Kabupaten Badung, Bali 80352"
      },
      "geometry": {
        "type": "Point",
        "coordinates": [
          115.2208023,
          -8.5035409
        ]
      }
    },
    {
      "type": "Feature",
      "properties": {
        "name": "Sd No 1 Getasan",
        "category": "sekolah_dasar",
        "region": "Badung Regency",
        "confidence": 0.84,
        "source_file": "M7E1PVJI.xlsx",
        "address": "H68F+C6P, Jl. Getasan, Getasan, Kec. Petang, Kabupaten Badung, Bali 80353"
      },
      "geometry": {
        "type": "Point",
        "coordinates": [
          115.2230849,
          -8.4339137
        ]
      }
    },
    {
      "type": "Feature",
      "properties": {
        "name": "Sd no 14 pemecutan",
        "category": "sekolah_dasar",
        "region": "Badung Regency",
        "confidence": 0.84,
        "source_file": "M7E1PVJI.xlsx",
        "address": "H5VQ+HHJ, Jl. Pemecutan, Ungasan, Kec. Marga, Kabupaten Badung, Bali"
      },
      "geometry": {
        "type": "Point",
        "coordinates": [
          115.1889045,
          -8.4060458
        ]
      }
    },
    {
      "type": "Feature",
      "properties": {
        "name": "Sentra Kreasi Niaga",
        "category": "car_manufacturer",
        "region": "Badung Regency",
        "confidence": 0.84,
        "source_file": "JQLVN4D2.xlsx",
        "address": "857F+5GC, JL. Sunset Road (Antara perempatan Jl. Kunti dan Jl. Mertanadi), Denpasar, Bali, Seminyak, Kuta, Badung Regency, Bali 80361"
      },
      "geometry": {
        "type": "Point",
        "coordinates": [
          115.1737679,
          -8.6870727
        ]
      }
    },
    {
      "type": "Feature",
      "properties": {
        "name": "The Junction House - Cafe & Restaurant Seminyak",
        "category": "restaurants",
        "region": "Badung Regency",
        "confidence": 0.9,
        "source_file": "GY9B25DK.xlsx",
        "address": "In front of Seminyak Square, Kayu Aya No.3 Seminyak Kerobokan Kelod Kuta Utara, Seminyak, Kec. Kuta, Kabupaten Badung, Bali 80361"
      },
      "geometry": {
        "type": "Point",
        "coordinates": [
          115.1574205,
          -8.6837699
        ]
      }
    },
    {
      "type": "Feature",
      "properties": {
        "name": "WARPAT (warung perempatan)",
        "category": "toko_umum",
        "region": "Badung Regency",
        "confidence": 0.84,
        "source_file": "JQLVN4D2.xlsx",
        "address": "F682+PCW, Penarungan, Kec. Mengwi, Kabupaten Badung, Bali 80352"
      },
      "geometry": {
        "type": "Point",
        "coordinates": [
          115.2010786,
          -8.5331318
        ]
      }
    },
    {
      "type": "Feature",
      "properties": {
        "name": "Warung Bali Perempatan Kelan",
        "category": "restaurants",
        "region": "Badung Regency",
        "confidence": 0.87,
        "source_file": "JQLVN4D2.xlsx",
        "address": "65WH+H5M, Jl. Raya Uluwatu, Tuban, Kec. Kuta, Kabupaten Badung, Bali 80361"
      },
      "geometry": {
        "type": "Point",
        "coordinates": [
          115.1779181,
          -8.7535464
        ]
      }
    },
    {
      "type": "Feature",
      "properties": {
        "name": "Warung Galungan",
        "category": "restaurants",
        "region": "Badung Regency",
        "confidence": 0.9,
        "source_file": "JQLVN4D2.xlsx",
        "address": "Jl. Campuhan II No.2, Legian, Kec. Kuta, Kabupaten Badung, Bali 80361"
      },
      "geometry": {
        "type": "Point",
        "coordinates": [
          115.1748782,
          -8.7017101
        ]
      }
    },
    {
      "type": "Feature",
      "properties": {
        "name": "Warung perempatan",
        "category": "bars",
        "region": "Badung Regency",
        "confidence": 0.84,
        "source_file": "JQLVN4D2.xlsx",
        "address": "759F+R2M, Jl. Kubu Anyar, Kuta, Kec. Kuta, Kabupaten Badung, Bali 80361"
      },
      "geometry": {
        "type": "Point",
        "coordinates": [
          115.1725471,
          -8.7304176
        ]
      }
    },
    {
      "type": "Feature",
      "properties": {
        "name": "balai banjar pengembungan",
        "category": "balai_masyarakat",
        "region": "Badung Regency",
        "confidence": 0.9,
        "source_file": "4ZDU3D7D.xlsx, D7RSP2LU.xlsx, F5265UR2.xlsx, S33E300D.xlsx",
        "address": "Jl. Dalem Lingsir No.7, Pererenan, Kec. Mengwi, Kabupaten Badung, Bali 80351"
      },
      "geometry": {
        "type": "Point",
        "coordinates": [
          115.1275691,
          -8.6457207
        ]
      }
    },
    {
      "type": "Feature",
      "properties": {
        "name": "banjar pasekan buduk",
        "category": "balai_masyarakat",
        "region": "Badung Regency",
        "confidence": 0.87,
        "source_file": "S33E300D.xlsx",
        "address": "95R5+P92, Jl. Kahyangan, Buduk, Kec. Mengwi, Kabupaten Badung, Bali 80351"
      },
      "geometry": {
        "type": "Point",
        "coordinates": [
          115.1584004,
          -8.6081395
        ]
      }
    },
    {
      "type": "Feature",
      "properties": {
        "name": "Balai Banjar Desa Adat Tojan",
        "category": "aula",
        "region": "Bali",
        "confidence": 0.84,
        "source_file": "20F8ADAH.xlsx",
        "address": "C8C4+27M, Jalan Raya Tojan, Blahbatuh, Pering, Kec. Gianyar, Bali, 80581"
      },
      "geometry": {
        "type": "Point",
        "coordinates": [
          115.3056712,
          -8.5799088
        ]
      }
    },
    {
      "type": "Feature",
      "properties": {
        "name": "Kantor Desa Serongga",
        "category": "kantor_pemerintah",
        "region": "Bali",
        "confidence": 0.84,
        "source_file": "RZVRQ2SY.xlsx",
        "address": "C8VM+5H6, Jl. Sakura, Serongga, Kec. Gianyar, Bali, 80515"
      },
      "geometry": {
        "type": "Point",
        "coordinates": [
          115.3338772,
          -8.5570828
        ]
      }
    },
    {
      "type": "Feature",
      "properties": {
        "name": "Komisi Pemilihan Umum Kabupaten Gianyar",
        "category": "kantor_pemerintah",
        "region": "Bali",
        "confidence": 0.87,
        "source_file": "RZVRQ2SY.xlsx",
        "address": "F87G+CJ2, Jl. Jata, Gianyar, Kec. Gianyar, Bali, 80238"
      },
      "geometry": {
        "type": "Point",
        "coordinates": [
          115.3265307,
          -8.5364957
        ]
      }
    },
    {
      "type": "Feature",
      "properties": {
        "name": "Air terjun goa",
        "category": "attractions",
        "region": "Bangli Regency",
        "confidence": 0.84,
        "source_file": "wisata.xlsx, XLU5DC2A.xlsx",
        "address": "F8PM+6PG, Demulih, Susut, Bangli Regency, Bali 80661"
      },
      "geometry": {
        "type": "Point",
        "coordinates": [
          115.3351905,
          -8.515437
        ]
      }
    },
    {
      "type": "Feature",
      "properties": {
        "name": "BALAI BANJAR BANGUN LEMAH KAWAN",
        "category": "balai_masyarakat",
        "region": "Bangli Regency",
        "confidence": 0.87,
        "source_file": "20F8ADAH.xlsx, GQ3D8NMP.xlsx, MKMOSR5C.xlsx",
        "address": "Jl. Desa Apuan No.1, Apuan, Kec. Susut, Kabupaten Bangli, Bali 80661"
      },
      "geometry": {
        "type": "Point",
        "coordinates": [
          115.3294112,
          -8.4950487
        ]
      }
    },
    {
      "type": "Feature",
      "properties": {
        "name": "BALAI BANJAR DESA TINGKAD BATU",
        "category": "balai_masyarakat",
        "region": "Bangli Regency",
        "confidence": 0.9,
        "source_file": "GQ3D8NMP.xlsx, MKMOSR5C.xlsx",
        "address": "BR. Tingkad batu, Jehem, Kec. Tembuku, Kabupaten Bangli, Bali 80671"
      },
      "geometry": {
        "type": "Point",
        "coordinates": [
          115.380211,
          -8.4480209
        ]
      }
    },
    {
      "type": "Feature",
      "properties": {
        "name": "BALAI BANJAR DINAS CINGGANG",
        "category": "balai_masyarakat",
        "region": "Bangli Regency",
        "confidence": 0.84,
        "source_file": "GQ3D8NMP.xlsx, MKMOSR5C.xlsx",
        "address": "H9R8+QRW, Jl. D. Buyan, Kayubihi, Kec. Bangli, Kabupaten Bangli, Bali"
      },
      "geometry": {
        "type": "Point",
        "coordinates": [
          115.3670732,
          -8.4080121
        ]
      }
    },
    {
      "type": "Feature",
      "properties": {
        "name": "BALAI BANJAR KAYUSELEM",
        "category": "balai_masyarakat",
        "region": "Bangli Regency",
        "confidence": 0.84,
        "source_file": "4ZDU3D7D.xlsx, D7RSP2LU.xlsx, F5265UR2.xlsx, GQ3D8NMP.xlsx, MKMOSR5C.xlsx, S33E300D.xlsx",
        "address": "QCRH+F22 BR KAYUSELEM, Songan B, Kec. Kintamani, Kabupaten Bangli, Bali 80652"
      },
      "geometry": {
        "type": "Point",
        "coordinates": [
          115.4275239,
          -8.2088721
        ]
      }
    },
    {
      "type": "Feature",
      "properties": {
        "name": "Balai Banjar",
        "category": "pusat_kegiatan_warga",
        "region": "Bangli Regency",
        "confidence": 0.87,
        "source_file": "4ZDU3D7D.xlsx, 20F8ADAH.xlsx, D7RSP2LU.xlsx, F5265UR2.xlsx, GQ3D8NMP.xlsx, QP4FQ600.xlsx, S33E300D.xlsx",
        "address": "M8R4+92H, Katung, Kec. Kintamani, Kabupaten Bangli, Bali 80652"
      },
      "geometry": {
        "type": "Point",
        "coordinates": [
          115.3051031,
          -8.3090734
        ]
      }
    },
    {
      "type": "Feature",
      "properties": {
        "name": "Balai Banjar Adat Petak, Bebalang",
        "category": "balai_masyarakat",
        "region": "Bangli Regency",
        "confidence": 0.84,
        "source_file": "GQ3D8NMP.xlsx, MKMOSR5C.xlsx",
        "address": "Jl. Merdeka No.105, Bebalang, Kec. Bangli, Kabupaten Bangli, Bali 80614"
      },
      "geometry": {
        "type": "Point",
        "coordinates": [
          115.3511577,
          -8.4810771
        ]
      }
    },
    {
      "type": "Feature",
      "properties": {
        "name": "Balai Banjar Bangkiangsidem",
        "category": "community_center",
        "region": "Bangli Regency",
        "confidence": 0.87,
        "source_file": "GQ3D8NMP.xlsx, MKMOSR5C.xlsx",
        "address": "HCF6+WQC, Unnamed Road, Bangbang, Tembuku, Bangli Regency, Bali 80671"
      },
      "geometry": {
        "type": "Point",
        "coordinates": [
          115.4118936,
          -8.4251859
        ]
      }
    },
    {
      "type": "Feature",
      "properties": {
        "name": "Balai Banjar Bias Kelod",
        "category": "kantor_perusahaan",
        "region": "Bangli Regency",
        "confidence": 0.87,
        "source_file": "4ZDU3D7D.xlsx, D7RSP2LU.xlsx, MKMOSR5C.xlsx, S33E300D.xlsx",
        "address": "M9GX+84H, Jl. Br Bias Kelod, Abangsongan, Kec. Kintamani, Kabupaten Bangli, Bali 80652"
      },
      "geometry": {
        "type": "Point",
        "coordinates": [
          115.3978729,
          -8.3241958
        ]
      }
    },
    {
      "type": "Feature",
      "properties": {
        "name": "Balai Banjar Blungbang",
        "category": "balai_pertemuan_desa",
        "region": "Bangli Regency",
        "confidence": 0.9,
        "source_file": "20F8ADAH.xlsx, GQ3D8NMP.xlsx, MKMOSR5C.xlsx",
        "address": "G9R4+G7V, Jl. Merdeka, Kawan, Kec. Bangli, Kabupaten Bangli, Bali 80614, Indonesia"
      },
      "geometry": {
        "type": "Point",
        "coordinates": [
          115.355679,
          -8.4586305
        ]
      }
    },
    {
      "type": "Feature",
      "properties": {
        "name": "Balai Banjar Bukti",
        "category": "village_hall",
        "region": "Bangli Regency",
        "confidence": 0.87,
        "source_file": "20F8ADAH.xlsx, QP4FQ600.xlsx, S33E300D.xlsx",
        "address": "J98P+VF9, Jalan Bukti No.44,Banjar Bukti, Yangapi, Tembuku, Bangli Regency, Bali 80671, Indonesia"
      },
      "geometry": {
        "type": "Point",
        "coordinates": [
          115.38631,
          -8.3795232
        ]
      }
    },
    {
      "type": "Feature",
      "properties": {
        "name": "Balai Banjar Bunutin",
        "category": "balai_masyarakat",
        "region": "Bangli Regency",
        "confidence": 0.87,
        "source_file": "4ZDU3D7D.xlsx, D7RSP2LU.xlsx, GQ3D8NMP.xlsx, MKMOSR5C.xlsx",
        "address": "Jl. DR. Ir. Soekarno, Bunutin, Kec. Bangli, Kabupaten Bangli, Bali 80614"
      },
      "geometry": {
        "type": "Point",
        "coordinates": [
          115.3454503,
          -8.50826
        ]
      }
    },
    {
      "type": "Feature",
      "properties": {
        "name": "Balai Banjar Demulih, Bangli",
        "category": "balai_masyarakat",
        "region": "Bangli Regency",
        "confidence": 0.9,
        "source_file": "GQ3D8NMP.xlsx, MKMOSR5C.xlsx",
        "address": "G8WR+79H, Demulih, Kec. Susut, Kabupaten Bangli, Bali 80661"
      },
      "geometry": {
        "type": "Point",
        "coordinates": [
          115.3409955,
          -8.4543248
        ]
      }
    },
    {
      "type": "Feature",
      "properties": {
        "name": "Balai Banjar Desa",
        "category": "balai_masyarakat",
        "region": "Bangli Regency",
        "confidence": 0.84,
        "source_file": "4ZDU3D7D.xlsx, 20F8ADAH.xlsx, D7RSP2LU.xlsx, F5265UR2.xlsx, GQ3D8NMP.xlsx, MKMOSR5C.xlsx, QP4FQ600.xlsx, S33E300D.xlsx",
        "address": "R73V+PFH, Dausa, Kec. Kintamani, Kabupaten Bangli, Bali 80652"
      },
      "geometry": {
        "type": "Point",
        "coordinates": [
          115.2937363,
          -8.1956756
        ]
      }
    },
    {
      "type": "Feature",
      "properties": {
        "name": "Balai Banjar Desa Adat Kubu",
        "category": "community_center",
        "region": "Bangli Regency",
        "confidence": 0.9,
        "source_file": "20F8ADAH.xlsx, GQ3D8NMP.xlsx, MKMOSR5C.xlsx, QP4FQ600.xlsx, S33E300D.xlsx",
        "address": "H9F7+CRH, Kubu, Kec. Bangli, Kabupaten Bangli, Bali 80613, Indonesia"
      },
      "geometry": {
        "type": "Point",
        "coordinates": [
          115.3646239,
          -8.4264373
        ]
      }
    },
    {
      "type": "Feature",
      "properties": {
        "name": "Balai Banjar Desa Banua",
        "category": "kantor_perusahaan",
        "region": "Bangli Regency",
        "confidence": 0.87,
        "source_file": "4ZDU3D7D.xlsx, D7RSP2LU.xlsx, F5265UR2.xlsx, GQ3D8NMP.xlsx, MKMOSR5C.xlsx, S33E300D.xlsx",
        "address": "M7GV+CQP, Banua, Kec. Kintamani, Kabupaten Bangli, Bali 80572"
      },
      "geometry": {
        "type": "Point",
        "coordinates": [
          115.2944408,
          -8.3239121
        ]
      }
    },
    {
      "type": "Feature",
      "properties": {
        "name": "Balai Banjar Desa Kedisan",
        "category": "balai_masyarakat",
        "region": "Bangli Regency",
        "confidence": 0.87,
        "source_file": "4ZDU3D7D.xlsx, 20F8ADAH.xlsx, D7RSP2LU.xlsx, F5265UR2.xlsx, GQ3D8NMP.xlsx, MKMOSR5C.xlsx",
        "address": "P99P+74V, Kedisan, Kec. Kintamani, Kabupaten Bangli, Bali 80652"
      },
      "geometry": {
        "type": "Point",
        "coordinates": [
          115.3852963,
          -8.2817543
        ]
      }
    },
    {
      "type": "Feature",
      "properties": {
        "name": "Balai Banjar Desa Satra",
        "category": "tempat_acara",
        "region": "Bangli Regency",
        "confidence": 0.87,
        "source_file": "4ZDU3D7D.xlsx, D7RSP2LU.xlsx, GQ3D8NMP.xlsx, MKMOSR5C.xlsx, S33E300D.xlsx",
        "address": "R7FG+75X, Unnamed Road, Satra, Kec. Kintamani, Kabupaten Bangli, Bali 80652"
      },
      "geometry": {
        "type": "Point",
        "coordinates": [
          115.2754707,
          -8.1767574
        ]
      }
    },
    {
      "type": "Feature",
      "properties": {
        "name": "Balai Banjar Desa Sekaan",
        "category": "balai_masyarakat",
        "region": "Bangli Regency",
        "confidence": 0.9,
        "source_file": "GQ3D8NMP.xlsx, MKMOSR5C.xlsx",
        "address": "M8FG+PWX, Sekaan, Kec. Kintamani, Kabupaten Bangli, Bali 80561"
      },
      "geometry": {
        "type": "Point",
        "coordinates": [
          115.3273466,
          -8.3256471
        ]
      }
    },
    {
      "type": "Feature",
      "properties": {
        "name": "Balai Banjar Dinas Galiran",
        "category": "balai_masyarakat",
        "region": "Bangli Regency",
        "confidence": 0.87,
        "source_file": "GQ3D8NMP.xlsx, MKMOSR5C.xlsx",
        "address": "H9GC+8W7 Dinas Galiran, Banjar Ambengan, Jehem, Kec. Tembuku, Kabupaten Bangli, Bali 80612"
      },
      "geometry": {
        "type": "Point",
        "coordinates": [
          115.3722958,
          -8.4242025
        ]
      }
    },
    {
      "type": "Feature",
      "properties": {
        "name": "Balai Banjar Dukuh",
        "category": "balai_masyarakat",
        "region": "Bangli Regency",
        "confidence": 0.87,
        "source_file": "20F8ADAH.xlsx, MKMOSR5C.xlsx",
        "address": "F8VV+M9M, Banjar, Jl. Dukuh, Bunutin, Kec. Bangli, Kabupaten Bangli, Bali 80614"
      },
      "geometry": {
        "type": "Point",
        "coordinates": [
          115.343413,
          -8.505781
        ]
      }
    },
    {
      "type": "Feature",
      "properties": {
        "name": "Balai Banjar Dusun Umanyar",
        "category": "balai_masyarakat",
        "region": "Bangli Regency",
        "confidence": 0.87,
        "source_file": "4ZDU3D7D.xlsx, D7RSP2LU.xlsx, GQ3D8NMP.xlsx, MKMOSR5C.xlsx, S33E300D.xlsx",
        "address": "G982+2QJ, Dusun Umanyar, Taman Bali, Kec. Bangli, Kabupaten Bangli, Bali 80614"
      },
      "geometry": {
        "type": "Point",
        "coordinates": [
          115.351889,
          -8.484918
        ]
      }
    },
    {
      "type": "Feature",
      "properties": {
        "name": "Balai Banjar Geriya Bangli",
        "category": "balai_masyarakat",
        "region": "Bangli Regency",
        "confidence": 0.9,
        "source_file": "GQ3D8NMP.xlsx, MKMOSR5C.xlsx",
        "address": "Kawan, Kec. Bangli, Kabupaten Bangli, Bali 80614"
      },
      "geometry": {
        "type": "Point",
        "coordinates": [
          115.3582752,
          -8.4539621
        ]
      }
    },
    {
      "type": "Feature",
      "properties": {
        "name": "Balai Banjar Griya Sama",
        "category": "balai_masyarakat",
        "region": "Bangli Regency",
        "confidence": 0.9,
        "source_file": "GQ3D8NMP.xlsx, MKMOSR5C.xlsx",
        "address": "H9FH+CQQ, Br Griya Sama, Jehem, Kec. Tembuku, Kabupaten Bangli, Bali 80671"
      },
      "geometry": {
        "type": "Point",
        "coordinates": [
          115.3794788,
          -8.4264177
        ]
      }
    },
    {
      "type": "Feature",
      "properties": {
        "name": "Balai Banjar Guliang Kawan",
        "category": "balai_masyarakat",
        "region": "Bangli Regency",
        "confidence": 0.9,
        "source_file": "GQ3D8NMP.xlsx, MKMOSR5C.xlsx",
        "address": "F8JW+568, Bunutin, Kec. Bangli, Kabupaten Bangli, Bali 80515"
      },
      "geometry": {
        "type": "Point",
        "coordinates": [
          115.3459803,
          -8.5202353
        ]
      }
    },
    {
      "type": "Feature",
      "properties": {
        "name": "Balai Banjar Gunaksa",
        "category": "balai_masyarakat",
        "region": "Bangli Regency",
        "confidence": 0.9,
        "source_file": "20F8ADAH.xlsx, GQ3D8NMP.xlsx, MKMOSR5C.xlsx, QP4FQ600.xlsx",
        "address": "Jl. Nusantara No.95, Cempaga, Kec. Bangli, Kabupaten Bangli, Bali 80613"
      },
      "geometry": {
        "type": "Point",
        "coordinates": [
          115.3563756,
          -8.4447446
        ]
      }
    },
    {
      "type": "Feature",
      "properties": {
        "name": "Balai Banjar Jalanbau",
        "category": "balai_masyarakat",
        "region": "Bangli Regency",
        "confidence": 0.87,
        "source_file": "20F8ADAH.xlsx, GQ3D8NMP.xlsx, MKMOSR5C.xlsx, QP4FQ600.xlsx, S33E300D.xlsx",
        "address": "H8FX+3J9, Sulahan, Susut, Bangli Regency, Bali 80661"
      },
      "geometry": {
        "type": "Point",
        "coordinates": [
          115.3491142,
          -8.427344
        ]
      }
    },
    {
      "type": "Feature",
      "properties": {
        "name": "Balai Banjar Jelekungkang",
        "category": "community_center",
        "region": "Bangli Regency",
        "confidence": 0.9,
        "source_file": "MKMOSR5C.xlsx",
        "address": "F9X2+CVM, Taman Bali, Kec. Bangli, Kabupaten Bangli, Bali 80614"
      },
      "geometry": {
        "type": "Point",
        "coordinates": [
          115.3521863,
          -8.5014023
        ]
      }
    },
    {
      "type": "Feature",
      "properties": {
        "name": "Balai Banjar Kawan",
        "category": "balai_pertemuan_desa",
        "region": "Bangli Regency",
        "confidence": 0.9,
        "source_file": "4ZDU3D7D.xlsx, D7RSP2LU.xlsx, GQ3D8NMP.xlsx, MKMOSR5C.xlsx, S33E300D.xlsx",
        "address": "Jl. Kesumayudha No.30, Kawan, Kec. Bangli, Kabupaten Bangli, Bali 80661"
      },
      "geometry": {
        "type": "Point",
        "coordinates": [
          115.3525434,
          -8.4536258
        ]
      }
    },
    {
      "type": "Feature",
      "properties": {
        "name": "Balai Banjar Kayupadi",
        "category": "balai_masyarakat",
        "region": "Bangli Regency",
        "confidence": 0.84,
        "source_file": "20F8ADAH.xlsx, QP4FQ600.xlsx",
        "address": "Q7CC+98Q, Belantih, Kintamani, Bangli Regency, Bali 80652"
      },
      "geometry": {
        "type": "Point",
        "coordinates": [
          115.270486,
          -8.228097
        ]
      }
    },
    {
      "type": "Feature",
      "properties": {
        "name": "Balai Banjar Kutuh",
        "category": "balai_masyarakat",
        "region": "Bangli Regency",
        "confidence": 0.87,
        "source_file": "4ZDU3D7D.xlsx, D7RSP2LU.xlsx, F5265UR2.xlsx, GQ3D8NMP.xlsx, MKMOSR5C.xlsx, S33E300D.xlsx",
        "address": "R8QC+49P, Kutuh, Kec. Kintamani, Kabupaten Bangli, Bali 80652"
      },
      "geometry": {
        "type": "Point",
        "coordinates": [
          115.3209905,
          -8.1618405
        ]
      }
    },
    {
      "type": "Feature",
      "properties": {
        "name": "Balai Banjar Langgahan Kangin",
        "category": "rumah_ibadat_bah",
        "region": "Bangli Regency",
        "confidence": 0.87,
        "source_file": "4ZDU3D7D.xlsx, D7RSP2LU.xlsx, MKMOSR5C.xlsx, S33E300D.xlsx",
        "address": "M7PC+5F3, Unnamed Road, Langgahan, Kec. Kintamani, Kabupaten Bangli, Bali 80652"
      },
      "geometry": {
        "type": "Point",
        "coordinates": [
          115.271185,
          -8.314619
        ]
      }
    },
    {
      "type": "Feature",
      "properties": {
        "name": "Balai Banjar Mampeh",
        "category": "balai_masyarakat",
        "region": "Bangli Regency",
        "confidence": 0.87,
        "source_file": "MKMOSR5C.xlsx",
        "address": "H9V7+Q6C, Jl. Veteran, Kayubihi, Kec. Bangli, Kabupaten Bangli, Bali 80661"
      },
      "geometry": {
        "type": "Point",
        "coordinates": [
          115.3630211,
          -8.4055622
        ]
      }
    },
    {
      "type": "Feature",
      "properties": {
        "name": "Balai Banjar Mundung",
        "category": "balai_masyarakat",
        "region": "Bangli Regency",
        "confidence": 0.87,
        "source_file": "4ZDU3D7D.xlsx, D7RSP2LU.xlsx, GQ3D8NMP.xlsx, MKMOSR5C.xlsx",
        "address": "G8PH+MCX Mundung, Abuan, Kec. Susut, Kabupaten Bangli, Bali"
      },
      "geometry": {
        "type": "Point",
        "coordinates": [
          115.328607,
          -8.4632643
        ]
      }
    },
    {
      "type": "Feature",
      "properties": {
        "name": "Balai Banjar Pandan",
        "category": "balai_masyarakat",
        "region": "Bangli Regency",
        "confidence": 0.84,
        "source_file": "D7RSP2LU.xlsx, F5265UR2.xlsx, GQ3D8NMP.xlsx, MKMOSR5C.xlsx, S33E300D.xlsx",
        "address": "Q7M9+728, Banjar pandan, Selulung, Kec. Kintamani, Kabupaten Bangli, Bali 80652"
      },
      "geometry": {
        "type": "Point",
        "coordinates": [
          115.2675626,
          -8.2168352
        ]
      }
    },
    {
      "type": "Feature",
      "properties": {
        "name": "Balai Banjar Pekuwon",
        "category": "balai_masyarakat",
        "region": "Bangli Regency",
        "confidence": 0.9,
        "source_file": "GQ3D8NMP.xlsx, MKMOSR5C.xlsx",
        "address": "H955+458, Br Pekuwon, Cempaga, Kec. Bangli, Kabupaten Bangli, Bali 80613"
      },
      "geometry": {
        "type": "Point",
        "coordinates": [
          115.3579433,
          -8.4422006
        ]
      }
    },
    {
      "type": "Feature",
      "properties": {
        "name": "Balai Banjar Penatahan",
        "category": "community_center",
        "region": "Bangli Regency",
        "confidence": 0.9,
        "source_file": "GQ3D8NMP.xlsx, MKMOSR5C.xlsx",
        "address": "H84R+2RH, Susut, Kec. Susut, Kabupaten Bangli, Bali 80661"
      },
      "geometry": {
        "type": "Point",
        "coordinates": [
          115.3421163,
          -8.444929
        ]
      }
    },
    {
      "type": "Feature",
      "properties": {
        "name": "Balai Banjar Pengiangan Kawan",
        "category": "balai_masyarakat",
        "region": "Bangli Regency",
        "confidence": 0.87,
        "source_file": "GQ3D8NMP.xlsx, MKMOSR5C.xlsx",
        "address": "H8RP+QH2, Pengiangan, Kec. Susut, Kabupaten Bangli, Bali 80661"
      },
      "geometry": {
        "type": "Point",
        "coordinates": [
          115.3364035,
          -8.4081081
        ]
      }
    },
    {
      "type": "Feature",
      "properties": {
        "name": "Balai Banjar Penida Kelod",
        "category": "balai_masyarakat",
        "region": "Bangli Regency",
        "confidence": 0.84,
        "source_file": "20F8ADAH.xlsx, GQ3D8NMP.xlsx, MKMOSR5C.xlsx, QP4FQ600.xlsx",
        "address": "H97H+MFH, Jl. Tembuku, Tembuku, Kec. Tembuku, Kabupaten Bangli, Bali 80671"
      },
      "geometry": {
        "type": "Point",
        "coordinates": [
          115.3787475,
          -8.4358144
        ]
      }
    },
    {
      "type": "Feature",
      "properties": {
        "name": "Balai Banjar Peselatan",
        "category": "balai_masyarakat",
        "region": "Bangli Regency",
        "confidence": 0.9,
        "source_file": "4ZDU3D7D.xlsx, D7RSP2LU.xlsx, F5265UR2.xlsx, MKMOSR5C.xlsx, S33E300D.xlsx",
        "address": "MCH4+54G, Suter, Kec. Kintamani, Kabupaten Bangli, Bali 80652"
      },
      "geometry": {
        "type": "Point",
        "coordinates": [
          115.4053396,
          -8.3220598
        ]
      }
    },
    {
      "type": "Feature",
      "properties": {
        "name": "Balai Banjar Pule bangli",
        "category": "balai_masyarakat",
        "region": "Bangli Regency",
        "confidence": 0.87,
        "source_file": "4ZDU3D7D.xlsx, D7RSP2LU.xlsx, F5265UR2.xlsx, GQ3D8NMP.xlsx, MKMOSR5C.xlsx",
        "address": "Lingkungan / Banjar Pule, Kawan, Kec. Bangli, Kabupaten Bangli, Bali 80613"
      },
      "geometry": {
        "type": "Point",
        "coordinates": [
          115.3578203,
          -8.4551029
        ]
      }
    },
    {
      "type": "Feature",
      "properties": {
        "name": "Balai Banjar Sidembunut",
        "category": "balai_masyarakat",
        "region": "Bangli Regency",
        "confidence": 0.9,
        "source_file": "GQ3D8NMP.xlsx, MKMOSR5C.xlsx",
        "address": "H937+RW9, Jl. Erlangga, Cempaga, Kec. Bangli, Kabupaten Bangli, Bali 80613"
      },
      "geometry": {
        "type": "Point",
        "coordinates": [
          115.3648731,
          -8.4454696
        ]
      }
    },
    {
      "type": "Feature",
      "properties": {
        "name": "Balai Banjar Songlandak",
        "category": "balai_masyarakat",
        "region": "Bangli Regency",
        "confidence": 0.84,
        "source_file": "GQ3D8NMP.xlsx, MKMOSR5C.xlsx",
        "address": "J83R+8VX, Pengiangan, Kec. Susut, Kabupaten Bangli, Bali"
      },
      "geometry": {
        "type": "Point",
        "coordinates": [
          115.3422263,
          -8.3966424
        ]
      }
    },
    {
      "type": "Feature",
      "properties": {
        "name": "Balai Banjar Suka Duka Tempek Bebalang",
        "category": "community_center",
        "region": "Bangli Regency",
        "confidence": 0.9,
        "source_file": "20F8ADAH.xlsx, MKMOSR5C.xlsx",
        "address": "Jl. Merdeka No.112, Bebalang, Kec. Bangli, Kabupaten Bangli, Bali 80614, Indonesia"
      },
      "geometry": {
        "type": "Point",
        "coordinates": [
          115.3527636,
          -8.473589
        ]
      }
    },
    {
      "type": "Feature",
      "properties": {
        "name": "Balai Banjar Susut Kelod",
        "category": "tempat_acara",
        "region": "Bangli Regency",
        "confidence": 0.84,
        "source_file": "GQ3D8NMP.xlsx, MKMOSR5C.xlsx",
        "address": "H86H+2Q8, Susut, Kec. Susut, Kabupaten Bangli, Bali 80661"
      },
      "geometry": {
        "type": "Point",
        "coordinates": [
          115.3292383,
          -8.4402531
        ]
      }
    },
    {
      "type": "Feature",
      "properties": {
        "name": "Balai Banjar Tambahan Bakas",
        "category": "balai_masyarakat",
        "region": "Bangli Regency",
        "confidence": 0.87,
        "source_file": "GQ3D8NMP.xlsx, MKMOSR5C.xlsx",
        "address": "G9R9+JP, Jehem, Kec. Tembuku, Kabupaten Bangli, Bali 80614"
      },
      "geometry": {
        "type": "Point",
        "coordinates": [
          115.3694886,
          -8.4587674
        ]
      }
    },
    {
      "type": "Feature",
      "properties": {
        "name": "Balai Banjar Tambahan Kelod, Bangli",
        "category": "balai_masyarakat",
        "region": "Bangli Regency",
        "confidence": 0.87,
        "source_file": "GQ3D8NMP.xlsx, MKMOSR5C.xlsx",
        "address": "Br. Adat Tambahan Kelod, Jehem, Kec. Tembuku, Kabupaten Bangli, Bali 80614"
      },
      "geometry": {
        "type": "Point",
        "coordinates": [
          115.3660744,
          -8.4660065
        ]
      }
    },
    {
      "type": "Feature",
      "properties": {
        "name": "Balai Banjar Tambahan Tengah",
        "category": "balai_masyarakat",
        "region": "Bangli Regency",
        "confidence": 0.84,
        "source_file": "MKMOSR5C.xlsx",
        "address": "G9P9+W3M, Banjar Tambahan Tengah, Jehem, Kec. Tembuku, Kabupaten Bangli, Bali 80614"
      },
      "geometry": {
        "type": "Point",
        "coordinates": [
          115.3678611,
          -8.4625831
        ]
      }
    },
    {
      "type": "Feature",
      "properties": {
        "name": "Balai Banjar Tanggahan Tengah",
        "category": "penginapan",
        "region": "Bangli Regency",
        "confidence": 0.9,
        "source_file": "GQ3D8NMP.xlsx, MKMOSR5C.xlsx",
        "address": "tanggahan tengah, Demulih, Kec. Susut, Kabupaten Bangli, Bali 80661"
      },
      "geometry": {
        "type": "Point",
        "coordinates": [
          115.342792,
          -8.481261
        ]
      }
    },
    {
      "type": "Feature",
      "properties": {
        "name": "Balai Banjar Tangkas",
        "category": "tempat_ibadah",
        "region": "Bangli Regency",
        "confidence": 0.87,
        "source_file": "20F8ADAH.xlsx, GQ3D8NMP.xlsx, QP4FQ600.xlsx, S33E300D.xlsx",
        "address": "H8CP+4XG, Unnamed Road, Susut, Kec. Susut, Kabupaten Bangli, Bali 80661"
      },
      "geometry": {
        "type": "Point",
        "coordinates": [
          115.3374648,
          -8.4296814
        ]
      }
    },
    {
      "type": "Feature",
      "properties": {
        "name": "Balai Banjar Tegallalang Bangli",
        "category": "balai_masyarakat",
        "region": "Bangli Regency",
        "confidence": 0.9,
        "source_file": "GQ3D8NMP.xlsx, MKMOSR5C.xlsx, QP4FQ600.xlsx, S33E300D.xlsx",
        "address": "G9Q6+XFF, Jl. Majapahit, Kawan, Kec. Bangli, Kabupaten Bangli, Bali 80614"
      },
      "geometry": {
        "type": "Point",
        "coordinates": [
          115.3611844,
          -8.4600578
        ]
      }
    },
    {
      "type": "Feature",
      "properties": {
        "name": "Balai Banjar Tembuku Sesetan",
        "category": "balai_masyarakat",
        "region": "Bangli Regency",
        "confidence": 0.84,
        "source_file": "MKMOSR5C.xlsx",
        "address": "G9VJ+CR8, Tembuku, Kec. Tembuku, Kabupaten Bangli, Bali 80671"
      },
      "geometry": {
        "type": "Point",
        "coordinates": [
          115.3820859,
          -8.4564533
        ]
      }
    },
    {
      "type": "Feature",
      "properties": {
        "name": "Balai Banjar Tingas",
        "category": "balai_masyarakat",
        "region": "Bangli Regency",
        "confidence": 0.87,
        "source_file": "GQ3D8NMP.xlsx",
        "address": "J9VJ+6W8, Banjar Tingas, Yangapi, Kec. Tembuku, Kabupaten Bangli, Bali 80614"
      },
      "geometry": {
        "type": "Point",
        "coordinates": [
          115.3823424,
          -8.3569655
        ]
      }
    },
    {
      "type": "Feature",
      "properties": {
        "name": "Balai Banjar tanah embut",
        "category": "balai_masyarakat",
        "region": "Bangli Regency",
        "confidence": 0.84,
        "source_file": "4ZDU3D7D.xlsx, D7RSP2LU.xlsx, MKMOSR5C.xlsx, S33E300D.xlsx",
        "address": "R7JJ+7QF, Banjar tanah embut, Satra, Kec. Kintamani, Kabupaten Bangli, Bali 80652"
      },
      "geometry": {
        "type": "Point",
        "coordinates": [
          115.2819097,
          -8.169318
        ]
      }
    },
    {
      "type": "Feature",
      "properties": {
        "name": "Balai Banjar, Banjar Dinas Sekaan",
        "category": "balai_masyarakat",
        "region": "Bangli Regency",
        "confidence": 0.87,
        "source_file": "4ZDU3D7D.xlsx, D7RSP2LU.xlsx, GQ3D8NMP.xlsx, S33E300D.xlsx",
        "address": "H97V+HWF Banjar Dinas Sekaan, Undisan, Kec. Tembuku, Kabupaten Bangli, Bali 80671"
      },
      "geometry": {
        "type": "Point",
        "coordinates": [
          115.3948039,
          -8.4360747
        ]
      }
    },
    {
      "type": "Feature",
      "properties": {
        "name": "Balai Banjar, Br.Manuk",
        "category": "balai_masyarakat",
        "region": "Bangli Regency",
        "confidence": 0.87,
        "source_file": "GQ3D8NMP.xlsx, MKMOSR5C.xlsx",
        "address": "H84M+XH8, Susut, Kec. Susut, Kabupaten Bangli, Bali 80661"
      },
      "geometry": {
        "type": "Point",
        "coordinates": [
          115.333968,
          -8.4425854
        ]
      }
    },
    {
      "type": "Feature",
      "properties": {
        "name": "Balai Masyarakat Banjar Siladan",
        "category": "balai_masyarakat",
        "region": "Bangli Regency",
        "confidence": 0.9,
        "source_file": "MKMOSR5C.xlsx",
        "address": "Jl. Merdeka No.8, Taman Bali, Kec. Bangli, Kabupaten Bangli, Bali 80614"
      },
      "geometry": {
        "type": "Point",
        "coordinates": [
          115.3493609,
          -8.4926402
        ]
      }
    },
    {
      "type": "Feature",
      "properties": {
        "name": "Balai banjar antugan",
        "category": "balai_masyarakat",
        "region": "Bangli Regency",
        "confidence": 0.87,
        "source_file": "GQ3D8NMP.xlsx, MKMOSR5C.xlsx",
        "address": "H9XG+94F, Jehem, Kec. Tembuku, Kabupaten Bangli, Bali 80611"
      },
      "geometry": {
        "type": "Point",
        "coordinates": [
          115.375312,
          -8.4015555
        ]
      }
    },
    {
      "type": "Feature",
      "properties": {
        "name": "Balai banjar beluhu",
        "category": "sekolah",
        "region": "Bangli Regency",
        "confidence": 0.87,
        "source_file": "20F8ADAH.xlsx, QP4FQ600.xlsx",
        "address": "M96V+22W, Unnamed Road, Suter, Kec. Kintamani, Kabupaten Bangli, Bali 80614"
      },
      "geometry": {
        "type": "Point",
        "coordinates": [
          115.3925641,
          -8.3398967
        ]
      }
    },
    {
      "type": "Feature",
      "properties": {
        "name": "Balai banjar selulung",
        "category": "pura",
        "region": "Bangli Regency",
        "confidence": 0.84,
        "source_file": "4ZDU3D7D.xlsx, D7RSP2LU.xlsx, GQ3D8NMP.xlsx, MKMOSR5C.xlsx, S33E300D.xlsx",
        "address": "Br, Ds, Selulung, Kec. Kintamani, Kabupaten Bangli, Bali 80652"
      },
      "geometry": {
        "type": "Point",
        "coordinates": [
          115.2667668,
          -8.1970902
        ]
      }
    },
    {
      "type": "Feature",
      "properties": {
        "name": "Banjar Tanggahan Talang Jiwa",
        "category": "balai_masyarakat",
        "region": "Bangli Regency",
        "confidence": 0.9,
        "source_file": "20F8ADAH.xlsx, GQ3D8NMP.xlsx, MKMOSR5C.xlsx",
        "address": "Tanggahan talang jiwa, Demulih, Kec. Susut, Kabupaten Bangli, Bali 80614"
      },
      "geometry": {
        "type": "Point",
        "coordinates": [
          115.3391852,
          -8.5023599
        ]
      }
    },
    {
      "type": "Feature",
      "properties": {
        "name": "CENTER BANJAR Kayang",
        "category": "balai_masyarakat",
        "region": "Bangli Regency",
        "confidence": 0.9,
        "source_file": "20F8ADAH.xlsx, GQ3D8NMP.xlsx, MKMOSR5C.xlsx",
        "address": "H9Q7+58V, Kayubihi, Kec. Bangli, Kabupaten Bangli, Bali 80661, Indonesia"
      },
      "geometry": {
        "type": "Point",
        "coordinates": [
          115.3632816,
          -8.4120175
        ]
      }
    },
    {
      "type": "Feature",
      "properties": {
        "name": "Desa Wisata Cekeng",
        "category": "attractions",
        "region": "Bangli Regency",
        "confidence": 0.87,
        "source_file": "wisata.xlsx, XLU5DC2A.xlsx",
        "address": "H9H4+X25, Sulahan, Susut, Bangli Regency, Bali 80661"
      },
      "geometry": {
        "type": "Point",
        "coordinates": [
          115.354774,
          -8.42009
        ]
      }
    },
    {
      "type": "Feature",
      "properties": {
        "name": "Desa Wisata Pule",
        "category": "attractions",
        "region": "Bangli Regency",
        "confidence": 0.9,
        "source_file": "wisata.xlsx, XLU5DC2A.xlsx",
        "address": "Banjar Pule, Kawan, Kec. Bangli, Kabupaten Bangli, Bali 80613"
      },
      "geometry": {
        "type": "Point",
        "coordinates": [
          115.3585801,
          -8.4565829
        ]
      }
    },
    {
      "type": "Feature",
      "properties": {
        "name": "Dinas Komunikasi Informatika Dan Persandian Kab. Bangli",
        "category": "kantor_pemerintahan_daerah",
        "region": "Bangli Regency",
        "confidence": 0.84,
        "source_file": "RZVRQ2SY.xlsx",
        "address": "G9Q2+HWH, Kawan, Kec. Bangli, Kabupaten Bangli, Bali 80614"
      },
      "geometry": {
        "type": "Point",
        "coordinates": [
          115.3523525,
          -8.4610722
        ]
      }
    },
    {
      "type": "Feature",
      "properties": {
        "name": "Kantor Ketahanan Pangan Pemerintah Kabupaten Bangli",
        "category": "kantor_pemerintahan_wilayah",
        "region": "Bangli Regency",
        "confidence": 0.84,
        "source_file": "RZVRQ2SY.xlsx",
        "address": "Jl. Merdeka No.89, Kawan, Kec. Bangli, Kabupaten Bangli, Bali 80614"
      },
      "geometry": {
        "type": "Point",
        "coordinates": [
          115.354964,
          -8.463142
        ]
      }
    },
    {
      "type": "Feature",
      "properties": {
        "name": "Kantor Perbekel Desa Bunutin Kecamatan Bangli",
        "category": "kantor_pemerintah",
        "region": "Bangli Regency",
        "confidence": 0.84,
        "source_file": "RZVRQ2SY.xlsx",
        "address": "F8VW+G7Q, Jl. Dr.Ir. Soekarno, Bunutin, Kec. Bangli, Kabupaten Bangli, Bali 80614"
      },
      "geometry": {
        "type": "Point",
        "coordinates": [
          115.3457265,
          -8.5061639
        ]
      }
    },
    {
      "type": "Feature",
      "properties": {
        "name": "Objek Wisata Penglipuran",
        "category": "attractions",
        "region": "Bangli Regency",
        "confidence": 0.9,
        "source_file": "wisata.xlsx, XLU5DC2A.xlsx",
        "address": "H9H6+M46, Kubu, Bangli, Bangli Regency, Bali 80611"
      },
      "geometry": {
        "type": "Point",
        "coordinates": [
          115.3603074,
          -8.4207947
        ]
      }
    },
    {
      "type": "Feature",
      "properties": {
        "name": "Objek Wisata Tukad Batu Liuu",
        "category": "attractions",
        "region": "Bangli Regency",
        "confidence": 0.9,
        "source_file": "wisata.xlsx, XLU5DC2A.xlsx",
        "address": "H963+69V, Jl. Melati, Susut, Kec. Susut, Kabupaten Bangli, Bali 80661"
      },
      "geometry": {
        "type": "Point",
        "coordinates": [
          115.3534265,
          -8.4393836
        ]
      }
    },
    {
      "type": "Feature",
      "properties": {
        "name": "Pengadilan Negeri Bangli",
        "category": "gedung_pengadilan_negeri",
        "region": "Bangli Regency",
        "confidence": 0.9,
        "source_file": "RZVRQ2SY.xlsx",
        "address": "Jl. Brigjen Ngurah Rai No.61, Kawan, Kec. Bangli, Kabupaten Bangli, Bali 80613"
      },
      "geometry": {
        "type": "Point",
        "coordinates": [
          115.352642,
          -8.4643873
        ]
      }
    },
    {
      "type": "Feature",
      "properties": {
        "name": "Pengibul Waterfall",
        "category": "attractions",
        "region": "Bangli Regency",
        "confidence": 0.9,
        "source_file": "wisata.xlsx, XLU5DC2A.xlsx",
        "address": "Apuan, Susut, Bangli Regency, Bali 80515"
      },
      "geometry": {
        "type": "Point",
        "coordinates": [
          115.3301122,
          -8.5025711
        ]
      }
    },
    {
      "type": "Feature",
      "properties": {
        "name": "Penglipuran Village",
        "category": "attractions",
        "region": "Bangli Regency",
        "confidence": 0.9,
        "source_file": "wisata.xlsx, XLU5DC2A.xlsx",
        "address": "Jl. Penglipuran, Kubu, Kec. Bangli, Kabupaten Bangli, Bali 80611"
      },
      "geometry": {
        "type": "Point",
        "coordinates": [
          115.3597531,
          -8.4225039
        ]
      }
    },
    {
      "type": "Feature",
      "properties": {
        "name": "SD Negeri 1 Pengiangan",
        "category": "sekolah_dasar",
        "region": "Bangli Regency",
        "confidence": 0.84,
        "source_file": "LZIT5G8W.xlsx",
        "address": "J82R+25X, Pengiangan, Kec. Susut, Kabupaten Bangli, Bali 80661"
      },
      "geometry": {
        "type": "Point",
        "coordinates": [
          115.3404922,
          -8.3998829
        ]
      }
    },
    {
      "type": "Feature",
      "properties": {
        "name": "SD Negeri 2 Abuan",
        "category": "sekolah_dasar",
        "region": "Bangli Regency",
        "confidence": 0.84,
        "source_file": "LZIT5G8W.xlsx",
        "address": "G8FP+MHH, Abuan, Kec. Susut, Kabupaten Bangli, Bali 80661"
      },
      "geometry": {
        "type": "Point",
        "coordinates": [
          115.33649,
          -8.4758099
        ]
      }
    },
    {
      "type": "Feature",
      "properties": {
        "name": "SD Negeri 3 Abuan",
        "category": "sekolah_dasar",
        "region": "Bangli Regency",
        "confidence": 0.84,
        "source_file": "LZIT5G8W.xlsx",
        "address": "G8WH+MFW, Abuan, Kec. Susut, Kabupaten Bangli, Bali 80661"
      },
      "geometry": {
        "type": "Point",
        "coordinates": [
          115.3287,
          -8.45326
        ]
      }
    },
    {
      "type": "Feature",
      "properties": {
        "name": "TPST Dinas Lingkungan Hidup Kabupaten Bangli",
        "category": "kantor_pemerintah",
        "region": "Bangli Regency",
        "confidence": 0.84,
        "source_file": "RZVRQ2SY.xlsx",
        "address": "Jl. Merdeka No.200, Bebalang, Kec. Bangli, Kabupaten Bangli, Bali 80614"
      },
      "geometry": {
        "type": "Point",
        "coordinates": [
          115.3517146,
          -8.4837928
        ]
      }
    },
    {
      "type": "Feature",
      "properties": {
        "name": "Tibumana Waterfall",
        "category": "attractions",
        "region": "Bangli Regency",
        "confidence": 0.9,
        "source_file": "wisata.xlsx, XLU5DC2A.xlsx",
        "address": "Jl. Setra Agung, Apuan, Kec. Susut, Kabupaten Bangli, Bali 80661"
      },
      "geometry": {
        "type": "Point",
        "coordinates": [
          115.3330831,
          -8.5068384
        ]
      }
    },
    {
      "type": "Feature",
      "properties": {
        "name": "Wisata Alam Gredeg",
        "category": "attractions",
        "region": "Bangli Regency",
        "confidence": 0.87,
        "source_file": "wisata.xlsx, XLU5DC2A.xlsx",
        "address": "Br. Tambahan Kelod, Jehem, Kec. Tembuku, Kabupaten Bangli, Bali 80671"
      },
      "geometry": {
        "type": "Point",
        "coordinates": [
          115.3698354,
          -8.4657922
        ]
      }
    },
    {
      "type": "Feature",
      "properties": {
        "name": "Wisata Segening Kawan",
        "category": "attractions",
        "region": "Bangli Regency",
        "confidence": 0.84,
        "source_file": "wisata.xlsx, XLU5DC2A.xlsx",
        "address": "G8WX+X99, Kawan, Bangli, Bangli Regency, Bali"
      },
      "geometry": {
        "type": "Point",
        "coordinates": [
          115.3484933,
          -8.4525865
        ]
      }
    },
    {
      "type": "Feature",
      "properties": {
        "name": "objek wisata seganing",
        "category": "attractions",
        "region": "Bangli Regency",
        "confidence": 0.9,
        "source_file": "wisata.xlsx, XLU5DC2A.xlsx",
        "address": "Kawan, Bangli, Bangli Regency, Bali"
      },
      "geometry": {
        "type": "Point",
        "coordinates": [
          115.357834,
          -8.4609379
        ]
      }
    },
    {
      "type": "Feature",
      "properties": {
        "name": "BALAI BANJAR KALIUNTU",
        "category": "tempat_ibadah",
        "region": "Buleleng Regency",
        "confidence": 0.84,
        "source_file": "4ZDU3D7D.xlsx, D7RSP2LU.xlsx, GQ3D8NMP.xlsx, MKMOSR5C.xlsx, S33E300D.xlsx",
        "address": "Jl. Dewi Sartika Utara, Kaliuntu, Kec. Buleleng, Kabupaten Buleleng, Bali 81116"
      },
      "geometry": {
        "type": "Point",
        "coordinates": [
          115.0843756,
          -8.1114057
        ]
      }
    },
    {
      "type": "Feature",
      "properties": {
        "name": "Balai Banjar",
        "category": "balai_masyarakat",
        "region": "Buleleng Regency",
        "confidence": 0.84,
        "source_file": "4ZDU3D7D.xlsx, 20F8ADAH.xlsx, D7RSP2LU.xlsx, MKMOSR5C.xlsx, QP4FQ600.xlsx",
        "address": "P2HQ+66R, Kayuputih, Kec. Banjar, Kabupaten Buleleng, Bali 81152"
      },
      "geometry": {
        "type": "Point",
        "coordinates": [
          115.0375796,
          -8.2721498
        ]
      }
    },
    {
      "type": "Feature",
      "properties": {
        "name": "Balai Banjar",
        "category": "kantor_perusahaan",
        "region": "Buleleng Regency",
        "confidence": 0.84,
        "source_file": "4ZDU3D7D.xlsx, 20F8ADAH.xlsx, D7RSP2LU.xlsx, F5265UR2.xlsx, GQ3D8NMP.xlsx, MKMOSR5C.xlsx, QP4FQ600.xlsx, S33E300D.xlsx",
        "address": "R4J8+9X7, Ambengan, Kec. Sukasada, Kabupaten Buleleng, Bali 81161"
      },
      "geometry": {
        "type": "Point",
        "coordinates": [
          115.1174213,
          -8.1690771
        ]
      }
    },
    {
      "type": "Feature",
      "properties": {
        "name": "Balai Banjar / Masyarakat Banjar Paketan",
        "category": "village_hall",
        "region": "Buleleng Regency",
        "confidence": 0.9,
        "source_file": "4ZDU3D7D.xlsx, 20F8ADAH.xlsx, D7RSP2LU.xlsx, F5265UR2.xlsx, QP4FQ600.xlsx",
        "address": "V3FV+RR5, Dusun / Banjar Paketan Kelurahan Paket Agung Kec. / Kab. Buleleng Bali Bali, Paket Agung, Kec. Buleleng, Kabupaten Buleleng, Bali 81117"
      },
      "geometry": {
        "type": "Point",
        "coordinates": [
          115.0946145,
          -8.1254802
        ]
      }
    },
    {
      "type": "Feature",
      "properties": {
        "name": "Balai Banjar Ambengan, Desa Banjar",
        "category": "government_office",
        "region": "Buleleng Regency",
        "confidence": 0.87,
        "source_file": "4ZDU3D7D.xlsx, 20F8ADAH.xlsx, D7RSP2LU.xlsx, F5265UR2.xlsx, GQ3D8NMP.xlsx, MKMOSR5C.xlsx, QP4FQ600.xlsx, S33E300D.xlsx",
        "address": "RX27+WP9, Banjar, Kec. Banjar, Kabupaten Buleleng, Bali 81152"
      },
      "geometry": {
        "type": "Point",
        "coordinates": [
          114.964348,
          -8.1977143
        ]
      }
    },
    {
      "type": "Feature",
      "properties": {
        "name": "Balai Banjar Antapura",
        "category": "kantor_perusahaan",
        "region": "Buleleng Regency",
        "confidence": 0.87,
        "source_file": "4ZDU3D7D.xlsx, D7RSP2LU.xlsx, GQ3D8NMP.xlsx, MKMOSR5C.xlsx, S33E300D.xlsx",
        "address": "V992+MVR, Tejakula, Kec. Tejakula, Kabupaten Buleleng, Bali 81173"
      },
      "geometry": {
        "type": "Point",
        "coordinates": [
          115.3521456,
          -8.1307636
        ]
      }
    },
    {
      "type": "Feature",
      "properties": {
        "name": "Balai Banjar Beteng",
        "category": "gedung_pertemuan",
        "region": "Buleleng Regency",
        "confidence": 0.9,
        "source_file": "4ZDU3D7D.xlsx, D7RSP2LU.xlsx, F5265UR2.xlsx, GQ3D8NMP.xlsx, MKMOSR5C.xlsx, S33E300D.xlsx",
        "address": "MW9R+GH2, Jl. Beteng Sari Jl. Buruan, Pucaksari, Kec. Busung Biu, Kabupaten Buleleng, Bali 81154"
      },
      "geometry": {
        "type": "Point",
        "coordinates": [
          114.941379,
          -8.3312312
        ]
      }
    },
    {
      "type": "Feature",
      "properties": {
        "name": "Balai Banjar Bukit Sakti",
        "category": "kantor_perusahaan",
        "region": "Buleleng Regency",
        "confidence": 0.9,
        "source_file": "4ZDU3D7D.xlsx, D7RSP2LU.xlsx, GQ3D8NMP.xlsx, MKMOSR5C.xlsx, S33E300D.xlsx",
        "address": "QWRF+9G3, Jl Pucak Sari,Banjar Bukit Sakti,, Lokapaksa, Kec. Seririt, Kabupaten Buleleng, Bali 81153"
      },
      "geometry": {
        "type": "Point",
        "coordinates": [
          114.9238072,
          -8.2091014
        ]
      }
    },
    {
      "type": "Feature",
      "properties": {
        "name": "Balai Banjar Celukbuluh",
        "category": "balai_pertemuan_desa",
        "region": "Buleleng Regency",
        "confidence": 0.87,
        "source_file": "20F8ADAH.xlsx, QP4FQ600.xlsx",
        "address": "R2VV+3HG Dinas Celukbuluh, Jl Celukbuluh-Gambuh, Anturan, Kec. Banjar, Kabupaten Buleleng, Bali 81119"
      },
      "geometry": {
        "type": "Point",
        "coordinates": [
          115.0439545,
          -8.1573094
        ]
      }
    },
    {
      "type": "Feature",
      "properties": {
        "name": "Balai Banjar Desa Kalisada",
        "category": "gedung_pertemuan",
        "region": "Buleleng Regency",
        "confidence": 0.87,
        "source_file": "4ZDU3D7D.xlsx, D7RSP2LU.xlsx, GQ3D8NMP.xlsx",
        "address": "RV3Q+5FJ, Kalisada, Kec. Seririt, Kabupaten Buleleng, Bali 81153"
      },
      "geometry": {
        "type": "Point",
        "coordinates": [
          114.8886559,
          -8.197044
        ]
      }
    },
    {
      "type": "Feature",
      "properties": {
        "name": "Balai Banjar Dinas Alas Harum",
        "category": "community_center",
        "region": "Buleleng Regency",
        "confidence": 0.9,
        "source_file": "MKMOSR5C.xlsx",
        "address": "RX75+PGP, Kalianget, Kec. Seririt, Kabupaten Buleleng, Bali 81152"
      },
      "geometry": {
        "type": "Point",
        "coordinates": [
          114.9588387,
          -8.1856595
        ]
      }
    },
    {
      "type": "Feature",
      "properties": {
        "name": "Balai Banjar Dinas Desa",
        "category": "balai_pertemuan_desa",
        "region": "Buleleng Regency",
        "confidence": 0.87,
        "source_file": "F5265UR2.xlsx",
        "address": "Q27G+Q58, Pedawa, Banjar, Buleleng Regency, Bali 81152"
      },
      "geometry": {
        "type": "Point",
        "coordinates": [
          115.0254383,
          -8.2355834
        ]
      }
    },
    {
      "type": "Feature",
      "properties": {
        "name": "Balai Banjar Dinas Kelodan",
        "category": "community_center",
        "region": "Buleleng Regency",
        "confidence": 0.87,
        "source_file": "MKMOSR5C.xlsx, QP4FQ600.xlsx",
        "address": "RX26+VFR, Kalianget, Kec. Seririt, Kabupaten Buleleng, Bali 81152"
      },
      "geometry": {
        "type": "Point",
        "coordinates": [
          114.9611279,
          -8.1977663
        ]
      }
    },
    {
      "type": "Feature",
      "properties": {
        "name": "Balai Banjar Dinas Tengah",
        "category": "balai_masyarakat",
        "region": "Buleleng Regency",
        "confidence": 0.87,
        "source_file": "4ZDU3D7D.xlsx, D7RSP2LU.xlsx, F5265UR2.xlsx, GQ3D8NMP.xlsx, MKMOSR5C.xlsx, S33E300D.xlsx",
        "address": "Banjar Tegeha, Kec. Banjar, Kabupaten Buleleng, Bali 81152"
      },
      "geometry": {
        "type": "Point",
        "coordinates": [
          114.9702266,
          -8.2044293
        ]
      }
    },
    {
      "type": "Feature",
      "properties": {
        "name": "Balai Banjar Dusun Selat",
        "category": "balai_masyarakat",
        "region": "Buleleng Regency",
        "confidence": 0.84,
        "source_file": "4ZDU3D7D.xlsx, D7RSP2LU.xlsx, F5265UR2.xlsx, GQ3D8NMP.xlsx, MKMOSR5C.xlsx, S33E300D.xlsx",
        "address": "R38C+27F, Unnamed Road Jl. Selat Anturan, Selat, Kec. Sukasada, Kabupaten Buleleng, Bali 81161"
      },
      "geometry": {
        "type": "Point",
        "coordinates": [
          115.069396,
          -8.1814465
        ]
      }
    },
    {
      "type": "Feature",
      "properties": {
        "name": "Balai Banjar Gunungsari",
        "category": "village_hall",
        "region": "Buleleng Regency",
        "confidence": 0.87,
        "source_file": "20F8ADAH.xlsx, QP4FQ600.xlsx",
        "address": "Balai Banjar Gunungsari, Tegal Linggah, Kec. Sukasada, Kabupaten Buleleng, Bali 81152, Indonesia"
      },
      "geometry": {
        "type": "Point",
        "coordinates": [
          115.0910994,
          -8.2164154
        ]
      }
    },
    {
      "type": "Feature",
      "properties": {
        "name": "Balai Banjar Jero Agung",
        "category": "kantor_perusahaan",
        "region": "Buleleng Regency",
        "confidence": 0.87,
        "source_file": "4ZDU3D7D.xlsx, D7RSP2LU.xlsx, F5265UR2.xlsx, GQ3D8NMP.xlsx, MKMOSR5C.xlsx, S33E300D.xlsx",
        "address": "QWVC+CVR, Jl Pucak Sari,Banjar Jero Agung,, Lokapaksa, Kec. Seririt, Kabupaten Buleleng, Bali 81153"
      },
      "geometry": {
        "type": "Point",
        "coordinates": [
          114.9221477,
          -8.2063903
        ]
      }
    },
    {
      "type": "Feature",
      "properties": {
        "name": "Balai Banjar Juntal",
        "category": "balai_pertemuan_desa",
        "region": "Buleleng Regency",
        "confidence": 0.9,
        "source_file": "20F8ADAH.xlsx, MKMOSR5C.xlsx, QP4FQ600.xlsx",
        "address": "QRWX+85C, Tinga Tinga, Kec. Gerokgak, Kabupaten Buleleng, Bali 81155, Indonesia"
      },
      "geometry": {
        "type": "Point",
        "coordinates": [
          114.8479017,
          -8.2041894
        ]
      }
    },
    {
      "type": "Feature",
      "properties": {
        "name": "Balai Banjar Kanginan",
        "category": "balai_masyarakat",
        "region": "Buleleng Regency",
        "confidence": 0.84,
        "source_file": "4ZDU3D7D.xlsx, D7RSP2LU.xlsx, F5265UR2.xlsx, GQ3D8NMP.xlsx, MKMOSR5C.xlsx, S33E300D.xlsx",
        "address": "V57G+GVQ Banjar Dinas Kanginan, Sawan, Kec. Sawan, Kabupaten Buleleng, Bali 81171"
      },
      "geometry": {
        "type": "Point",
        "coordinates": [
          115.1772345,
          -8.1361744
        ]
      }
    },
    {
      "type": "Feature",
      "properties": {
        "name": "Balai Banjar Kelodan",
        "category": "kantor_perusahaan",
        "region": "Buleleng Regency",
        "confidence": 0.87,
        "source_file": "4ZDU3D7D.xlsx, D7RSP2LU.xlsx, F5265UR2.xlsx, GQ3D8NMP.xlsx, MKMOSR5C.xlsx, S33E300D.xlsx",
        "address": "V8M7+VR2, Jl. Pura Dalem, Bondalem, Kec. Tejakula, Kabupaten Buleleng, Bali 81173"
      },
      "geometry": {
        "type": "Point",
        "coordinates": [
          115.3145095,
          -8.1153722
        ]
      }
    },
    {
      "type": "Feature",
      "properties": {
        "name": "Balai Banjar Pamesan",
        "category": "tempat_acara",
        "region": "Buleleng Regency",
        "confidence": 0.84,
        "source_file": "4ZDU3D7D.xlsx, 20F8ADAH.xlsx, D7RSP2LU.xlsx, F5265UR2.xlsx, GQ3D8NMP.xlsx, MKMOSR5C.xlsx, QP4FQ600.xlsx, S33E300D.xlsx",
        "address": "QWWC+MHJ, Banjar Pamesan, Lokapaksa, Kec. Seririt, Kabupaten Buleleng, Bali 81153"
      },
      "geometry": {
        "type": "Point",
        "coordinates": [
          114.9214012,
          -8.2032964
        ]
      }
    },
    {
      "type": "Feature",
      "properties": {
        "name": "Balai Banjar Pucaksari",
        "category": "gedung_pertemuan",
        "region": "Buleleng Regency",
        "confidence": 0.87,
        "source_file": "4ZDU3D7D.xlsx, D7RSP2LU.xlsx, GQ3D8NMP.xlsx, MKMOSR5C.xlsx, S33E300D.xlsx",
        "address": "MWXX+39R, Pucaksari, Kec. Busung Biu, Kabupaten Buleleng, Bali 81154"
      },
      "geometry": {
        "type": "Point",
        "coordinates": [
          114.9483925,
          -8.302255
        ]
      }
    },
    {
      "type": "Feature",
      "properties": {
        "name": "Balai Banjar Sukasada",
        "category": "kantor_perusahaan",
        "region": "Buleleng Regency",
        "confidence": 0.84,
        "source_file": "4ZDU3D7D.xlsx, D7RSP2LU.xlsx, GQ3D8NMP.xlsx, MKMOSR5C.xlsx, S33E300D.xlsx",
        "address": "Balai Banjar Sukasada Jln.Kopral Sukadana I, Sukasada, Kec. Sukasada, Kabupaten Buleleng, Bali 81161"
      },
      "geometry": {
        "type": "Point",
        "coordinates": [
          115.1017139,
          -8.1377119
        ]
      }
    },
    {
      "type": "Feature",
      "properties": {
        "name": "Balai Banjar Taman Sari",
        "category": "balai_pertemuan_desa",
        "region": "Buleleng Regency",
        "confidence": 0.87,
        "source_file": "MKMOSR5C.xlsx",
        "address": "QRPW+85J, Tinga Tinga, Kec. Gerokgak, Kabupaten Buleleng, Bali 81155"
      },
      "geometry": {
        "type": "Point",
        "coordinates": [
          114.8454043,
          -8.2141507
        ]
      }
    },
    {
      "type": "Feature",
      "properties": {
        "name": "Balai Banjar Umasari",
        "category": "balai_masyarakat",
        "region": "Buleleng Regency",
        "confidence": 0.84,
        "source_file": "4ZDU3D7D.xlsx, D7RSP2LU.xlsx, F5265UR2.xlsx, GQ3D8NMP.xlsx, MKMOSR5C.xlsx, S33E300D.xlsx",
        "address": "P2W6+F8P, Jl. Raya Banyuseri-Kayu Putih, Tirtasari, Kec. Banjar, Kabupaten Buleleng, Bali 81161"
      },
      "geometry": {
        "type": "Point",
        "coordinates": [
          115.0108432,
          -8.2537982
        ]
      }
    },
    {
      "type": "Feature",
      "properties": {
        "name": "Balai banjar batu tengah",
        "category": "pembangunan_perumahan",
        "region": "Buleleng Regency",
        "confidence": 0.84,
        "source_file": "MKMOSR5C.xlsx",
        "address": "W736+MP6, Pacung, Kec. Tejakula, Kabupaten Buleleng, Bali 81173"
      },
      "geometry": {
        "type": "Point",
        "coordinates": [
          115.261766,
          -8.095839
        ]
      }
    },
    {
      "type": "Feature",
      "properties": {
        "name": "Banjar",
        "category": "unknown",
        "region": "Buleleng Regency",
        "confidence": 0.84,
        "source_file": "20F8ADAH.xlsx",
        "address": "Dencarik, Kec. Banjar, Kabupaten Buleleng, Bali, Indonesia"
      },
      "geometry": {
        "type": "Point",
        "coordinates": [
          114.967102,
          -8.197203
        ]
      }
    },
    {
      "type": "Feature",
      "properties": {
        "name": "Kantor Balai Banjar Bengkel",
        "category": "balai_masyarakat",
        "region": "Buleleng Regency",
        "confidence": 0.87,
        "source_file": "4ZDU3D7D.xlsx, D7RSP2LU.xlsx, GQ3D8NMP.xlsx, MKMOSR5C.xlsx, S33E300D.xlsx",
        "address": "R5XM+GFQ, Bebetin, Kec. Sawan, Kabupaten Buleleng, Bali 81171"
      },
      "geometry": {
        "type": "Point",
        "coordinates": [
          115.1837328,
          -8.15114
        ]
      }
    },
    {
      "type": "Feature",
      "properties": {
        "name": "SD Negeri 1 Les",
        "category": "sekolah_dasar",
        "region": "Buleleng Regency",
        "confidence": 0.84,
        "source_file": "LZIT5G8W.xlsx",
        "address": "V959+582, Les, Kec. Tejakula, Kabupaten Buleleng, Bali 81173"
      },
      "geometry": {
        "type": "Point",
        "coordinates": [
          115.3682591,
          -8.1421131
        ]
      }
    },
    {
      "type": "Feature",
      "properties": {
        "name": "9/11 Cafe & Concept Store",
        "category": "cafes",
        "region": "Denpasar City",
        "confidence": 0.9,
        "source_file": "JQLVN4D2.xlsx",
        "address": "Jl. Teuku Umar Barat No.337, Padangsambian, Kec. Denpasar Bar., Kota Denpasar, Bali 80119"
      },
      "geometry": {
        "type": "Point",
        "coordinates": [
          115.1883774,
          -8.6810551
        ]
      }
    },
    {
      "type": "Feature",
      "properties": {
        "name": "Alfamart Imam Bonjol",
        "category": "minimarket",
        "region": "Denpasar City",
        "confidence": 0.9,
        "source_file": "JQLVN4D2.xlsx",
        "address": "imam bonjol st 20a-b, Pemecutan Klod 80119Klod, Kec. Denpasar Bar., Kota Denpasar, Bali 80112"
      },
      "geometry": {
        "type": "Point",
        "coordinates": [
          115.2077413,
          -8.6635014
        ]
      }
    },
    {
      "type": "Feature",
      "properties": {
        "name": "Alfamart Mahendradata Utara",
        "category": "minimarket",
        "region": "Denpasar City",
        "confidence": 0.84,
        "source_file": "JQLVN4D2.xlsx",
        "address": "85RR+99X, Jl. Mahendradatta Utara, Padangsambian, Kec. Denpasar Bar., Kota Denpasar, Bali 80119"
      },
      "geometry": {
        "type": "Point",
        "coordinates": [
          115.1910209,
          -8.6590027
        ]
      }
    },
    {
      "type": "Feature",
      "properties": {
        "name": "Astra Motor Mahendradatta",
        "category": "dealer_sepeda_motor",
        "region": "Denpasar City",
        "confidence": 0.9,
        "source_file": "JQLVN4D2.xlsx",
        "address": "Jl. Mahendradatta No.B1-B4, Padangsambian, Kec. Denpasar Bar., Kota Denpasar, Bali 80117"
      },
      "geometry": {
        "type": "Point",
        "coordinates": [
          115.1903794,
          -8.6686486
        ]
      }
    },
    {
      "type": "Feature",
      "properties": {
        "name": "BALAI BANJAR BEKUL.",
        "category": "balai_masyarakat",
        "region": "Denpasar City",
        "confidence": 0.9,
        "source_file": "4ZDU3D7D.xlsx, 20F8ADAH.xlsx, D7RSP2LU.xlsx, F5265UR2.xlsx, QP4FQ600.xlsx",
        "address": "97C3+JRC, Penatih Dangin Puri, Kec. Denpasar Tim., Kota Denpasar, Bali 80237"
      },
      "geometry": {
        "type": "Point",
        "coordinates": [
          115.254515,
          -8.6284393
        ]
      }
    },
    {
      "type": "Feature",
      "properties": {
        "name": "BALAI BANJAR PALA GIRI",
        "category": "balai_masyarakat",
        "region": "Denpasar City",
        "confidence": 0.9,
        "source_file": "4ZDU3D7D.xlsx, 20F8ADAH.xlsx, D7RSP2LU.xlsx, F5265UR2.xlsx, QP4FQ600.xlsx",
        "address": "97C4+44G, Penatih Dangin Puri, Kec. Denpasar Tim., Kota Denpasar, Bali 80237"
      },
      "geometry": {
        "type": "Point",
        "coordinates": [
          115.2553374,
          -8.6296966
        ]
      }
    },
    {
      "type": "Feature",
      "properties": {
        "name": "BALAI BANJAR TEGALLANTANG KAJA",
        "category": "balai_masyarakat",
        "region": "Denpasar City",
        "confidence": 0.84,
        "source_file": "4ZDU3D7D.xlsx, D7RSP2LU.xlsx, F5265UR2.xlsx, S33E300D.xlsx",
        "address": "85GJ+JCF, Padangsambian Klod, Kec. Denpasar Bar., Kota Denpasar, Bali 80117"
      },
      "geometry": {
        "type": "Point",
        "coordinates": [
          115.1810767,
          -8.6734713
        ]
      }
    },
    {
      "type": "Feature",
      "properties": {
        "name": "BALE BANJAR MINGGIR PADANGSAMBIAN",
        "category": "community_center",
        "region": "Denpasar City",
        "confidence": 0.87,
        "source_file": "4ZDU3D7D.xlsx",
        "address": "85XP+WMH, Padangsambian, Kec. Denpasar Bar., Kota Denpasar, Bali 80118"
      },
      "geometry": {
        "type": "Point",
        "coordinates": [
          115.1867282,
          -8.6501752
        ]
      }
    },
    {
      "type": "Feature",
      "properties": {
        "name": "BANJAR BATUPARAS",
        "category": "balai_masyarakat",
        "region": "Denpasar City",
        "confidence": 0.9,
        "source_file": "4ZDU3D7D.xlsx, D7RSP2LU.xlsx, F5265UR2.xlsx, S33E300D.xlsx",
        "address": "959P+R39, Padangsambian Kaja, Kec. Denpasar Bar., Kota Denpasar, Bali 80117"
      },
      "geometry": {
        "type": "Point",
        "coordinates": [
          115.1852268,
          -8.6304613
        ]
      }
    },
    {
      "type": "Feature",
      "properties": {
        "name": "BANJAR BELALUAN",
        "category": "balai_masyarakat",
        "region": "Denpasar City",
        "confidence": 0.87,
        "source_file": "D7RSP2LU.xlsx",
        "address": "Jl. Veteran No.32, Dangin Puri Kauh, Kec. Denpasar Utara, Kota Denpasar, Bali 80232"
      },
      "geometry": {
        "type": "Point",
        "coordinates": [
          115.2172558,
          -8.6529336
        ]
      }
    },
    {
      "type": "Feature",
      "properties": {
        "name": "BANJAR JEMATANG",
        "category": "balai_masyarakat",
        "region": "Denpasar City",
        "confidence": 0.9,
        "source_file": "4ZDU3D7D.xlsx, D7RSP2LU.xlsx, F5265UR2.xlsx",
        "address": "Jl. Nusa Kambangan No.102, Dauh Puri Kauh, Kec. Denpasar Bar., Kota Denpasar, Bali 80112"
      },
      "geometry": {
        "type": "Point",
        "coordinates": [
          115.2107483,
          -8.6665198
        ]
      }
    },
    {
      "type": "Feature",
      "properties": {
        "name": "BANJAR PADANG UDAYANA",
        "category": "community_center",
        "region": "Denpasar City",
        "confidence": 0.9,
        "source_file": "4ZDU3D7D.xlsx",
        "address": "Jl. Padang Udayana Gg. IVC No.5, Padangsambian, Kec. Denpasar Bar., Kota Denpasar, Bali 80118"
      },
      "geometry": {
        "type": "Point",
        "coordinates": [
          115.1916169,
          -8.6539804
        ]
      }
    },
    {
      "type": "Feature",
      "properties": {
        "name": "BANJAR PEKANDELAN Desa Adat Intaran",
        "category": "balai_masyarakat",
        "region": "Denpasar City",
        "confidence": 0.9,
        "source_file": "4ZDU3D7D.xlsx, D7RSP2LU.xlsx",
        "address": "Jl. Gn. Sari No.21-23, Sanur Kauh, Denpasar Selatan, Kota Denpasar, Bali 80227"
      },
      "geometry": {
        "type": "Point",
        "coordinates": [
          115.2489223,
          -8.6845725
        ]
      }
    },
    {
      "type": "Feature",
      "properties": {
        "name": "BANJAR TAG TAG KAJA",
        "category": "balai_masyarakat",
        "region": "Denpasar City",
        "confidence": 0.9,
        "source_file": "4ZDU3D7D.xlsx, D7RSP2LU.xlsx, S33E300D.xlsx",
        "address": "96C7+22R Utara Br.Tag Tag Kaja, Jl. Singosari, Peguyangan, Kec. Denpasar Utara, Kota Denpasar, Bali 80233"
      },
      "geometry": {
        "type": "Point",
        "coordinates": [
          115.212524,
          -8.6298753
        ]
      }
    },
    {
      "type": "Feature",
      "properties": {
        "name": "Bakmi GM Level 21",
        "category": "restaurants",
        "region": "Denpasar City",
        "confidence": 0.9,
        "source_file": "GY9B25DK.xlsx",
        "address": "Dauh Puri Klod, Kec. Denpasar Bar., Kota Denpasar, Bali 80113"
      },
      "geometry": {
        "type": "Point",
        "coordinates": [
          115.214859,
          -8.6697826
        ]
      }
    },
    {
      "type": "Feature",
      "properties": {
        "name": "Balai Banjar Abasan",
        "category": "community_center",
        "region": "Denpasar City",
        "confidence": 0.9,
        "source_file": "4ZDU3D7D.xlsx, D7RSP2LU.xlsx, F5265UR2.xlsx, S33E300D.xlsx",
        "address": "Jl. Gunung Salak No.16, Padangsambian Klod, Kec. Denpasar Bar., Kota Denpasar, Bali 80117"
      },
      "geometry": {
        "type": "Point",
        "coordinates": [
          115.1751397,
          -8.6619992
        ]
      }
    },
    {
      "type": "Feature",
      "properties": {
        "name": "Balai Banjar Alas Arum",
        "category": "balai_masyarakat",
        "region": "Denpasar City",
        "confidence": 0.87,
        "source_file": "4ZDU3D7D.xlsx, D7RSP2LU.xlsx, F5265UR2.xlsx",
        "address": "Jl. Tegal Wangi III No.33, Sesetan, Denpasar Selatan, Kota Denpasar, Bali 80225"
      },
      "geometry": {
        "type": "Point",
        "coordinates": [
          115.2233293,
          -8.6953697
        ]
      }
    },
    {
      "type": "Feature",
      "properties": {
        "name": "Balai Banjar Babakan Sari",
        "category": "balai_masyarakat",
        "region": "Denpasar City",
        "confidence": 0.87,
        "source_file": "4ZDU3D7D.xlsx, 20F8ADAH.xlsx, D7RSP2LU.xlsx, F5265UR2.xlsx, S33E300D.xlsx",
        "address": "Jl. Moh. Yamin VII No.16, Sumerta Kelod, Kec. Denpasar Tim., Kota Denpasar, Bali 80239"
      },
      "geometry": {
        "type": "Point",
        "coordinates": [
          115.2403268,
          -8.6693515
        ]
      }
    },
    {
      "type": "Feature",
      "properties": {
        "name": "Balai Banjar Badak Sari",
        "category": "balai_masyarakat",
        "region": "Denpasar City",
        "confidence": 0.9,
        "source_file": "4ZDU3D7D.xlsx, 20F8ADAH.xlsx, D7RSP2LU.xlsx, F5265UR2.xlsx, QP4FQ600.xlsx",
        "address": "86PJ+GHG, Jl. Badak Agung XII, Sumerta Kelod, Kec. Denpasar Tim., Kota Denpasar, Bali 80234"
      },
      "geometry": {
        "type": "Point",
        "coordinates": [
          115.2314648,
          -8.6636761
        ]
      }
    },
    {
      "type": "Feature",
      "properties": {
        "name": "Balai Banjar Balong Menak",
        "category": "balai_masyarakat",
        "region": "Denpasar City",
        "confidence": 0.84,
        "source_file": "4ZDU3D7D.xlsx, 20F8ADAH.xlsx, D7RSP2LU.xlsx",
        "address": "9626+3G9 Jl sutomo, Pemecutan kelod, Pemecutan Kaja, Kec. Denpasar Utara, Kota Denpasar, Bali 80231"
      },
      "geometry": {
        "type": "Point",
        "coordinates": [
          115.2113036,
          -8.6498531
        ]
      }
    },
    {
      "type": "Feature",
      "properties": {
        "name": "Balai Banjar Batanancak tonja",
        "category": "balai_masyarakat",
        "region": "Denpasar City",
        "confidence": 0.87,
        "source_file": "4ZDU3D7D.xlsx, 20F8ADAH.xlsx, D7RSP2LU.xlsx, F5265UR2.xlsx, QP4FQ600.xlsx, S33E300D.xlsx",
        "address": "96CH+45C, Tonja, Kec. Denpasar Utara, Kota Denpasar, Bali 80235"
      },
      "geometry": {
        "type": "Point",
        "coordinates": [
          115.2278762,
          -8.6296825
        ]
      }
    },
    {
      "type": "Feature",
      "properties": {
        "name": "Balai Banjar Batur Sari",
        "category": "balai_masyarakat",
        "region": "Denpasar City",
        "confidence": 0.87,
        "source_file": "4ZDU3D7D.xlsx, D7RSP2LU.xlsx, F5265UR2.xlsx",
        "address": "87W4+XXH, Gg. V, Kesiman Kertalangu, Kec. Denpasar Tim., Kota Denpasar, Bali 80237"
      },
      "geometry": {
        "type": "Point",
        "coordinates": [
          115.2574982,
          -8.6525559
        ]
      }
    },
    {
      "type": "Feature",
      "properties": {
        "name": "Balai Banjar Bekul Panjer",
        "category": "balai_masyarakat",
        "region": "Denpasar City",
        "confidence": 0.87,
        "source_file": "4ZDU3D7D.xlsx, D7RSP2LU.xlsx, F5265UR2.xlsx",
        "address": "864J+H88, Jl. Tukad Pancoran, Panjer, Denpasar Selatan, Kota Denpasar, Bali 80225"
      },
      "geometry": {
        "type": "Point",
        "coordinates": [
          115.2308189,
          -8.6935995
        ]
      }
    },
    {
      "type": "Feature",
      "properties": {
        "name": "Balai Banjar Benaya",
        "category": "balai_masyarakat",
        "region": "Denpasar City",
        "confidence": 0.9,
        "source_file": "4ZDU3D7D.xlsx, 20F8ADAH.xlsx, D7RSP2LU.xlsx, F5265UR2.xlsx, QP4FQ600.xlsx, S33E300D.xlsx",
        "address": "Jl. Astasura No.11, Peguyangan, Kec. Denpasar Utara, Kota Denpasar, Bali 80239"
      },
      "geometry": {
        "type": "Point",
        "coordinates": [
          115.2151549,
          -8.6124599
        ]
      }
    },
    {
      "type": "Feature",
      "properties": {
        "name": "Balai Banjar Bhuana Sari, Desa Tegal Kertha, Denpasar",
        "category": "balai_masyarakat",
        "region": "Denpasar City",
        "confidence": 0.84,
        "source_file": "4ZDU3D7D.xlsx, 20F8ADAH.xlsx, D7RSP2LU.xlsx, F5265UR2.xlsx, S33E300D.xlsx",
        "address": "85QX+36V, Tegal Kertha, Kec. Denpasar Bar., Kota Denpasar, Bali 80112"
      },
      "geometry": {
        "type": "Point",
        "coordinates": [
          115.1981243,
          -8.662281
        ]
      }
    },
    {
      "type": "Feature",
      "properties": {
        "name": "Balai Banjar Biaung Asri",
        "category": "balai_masyarakat",
        "region": "Denpasar City",
        "confidence": 0.9,
        "source_file": "4ZDU3D7D.xlsx, D7RSP2LU.xlsx, F5265UR2.xlsx",
        "address": "Jl. Tegal Harum, Kesiman Kertalangu, Kec. Denpasar Tim., Kota Denpasar, Bali"
      },
      "geometry": {
        "type": "Point",
        "coordinates": [
          115.2714455,
          -8.6465753
        ]
      }
    },
    {
      "type": "Feature",
      "properties": {
        "name": "Balai Banjar Br. Tegallinggah",
        "category": "balai_masyarakat",
        "region": "Denpasar City",
        "confidence": 0.87,
        "source_file": "4ZDU3D7D.xlsx, D7RSP2LU.xlsx, F5265UR2.xlsx, S33E300D.xlsx",
        "address": "Jl. Gunung Merapi No.11a, Pemecutan, Kec. Denpasar Bar., Kota Denpasar, Bali 80111"
      },
      "geometry": {
        "type": "Point",
        "coordinates": [
          115.2080729,
          -8.6571863
        ]
      }
    },
    {
      "type": "Feature",
      "properties": {
        "name": "Balai Banjar Buaji",
        "category": "education_center",
        "region": "Denpasar City",
        "confidence": 0.9,
        "source_file": "F5265UR2.xlsx",
        "address": "Jl. Siulan No.105, Penatih Dangin Puri, Kec. Denpasar Tim., Kota Denpasar, Bali 80237"
      },
      "geometry": {
        "type": "Point",
        "coordinates": [
          115.2536254,
          -8.6248759
        ]
      }
    },
    {
      "type": "Feature",
      "properties": {
        "name": "Balai Banjar Buana Agung",
        "category": "balai_pertemuan_desa",
        "region": "Denpasar City",
        "confidence": 0.84,
        "source_file": "4ZDU3D7D.xlsx, D7RSP2LU.xlsx, F5265UR2.xlsx, S33E300D.xlsx",
        "address": "85VP+FF7, Gg. Ratna, Padangsambian, Kec. Denpasar Bar., Kota Denpasar, Bali 80118"
      },
      "geometry": {
        "type": "Point",
        "coordinates": [
          115.1861578,
          -8.6563421
        ]
      }
    },
    {
      "type": "Feature",
      "properties": {
        "name": "Balai Banjar Buruwan Sanur",
        "category": "balai_masyarakat",
        "region": "Denpasar City",
        "confidence": 0.87,
        "source_file": "4ZDU3D7D.xlsx, D7RSP2LU.xlsx, F5265UR2.xlsx",
        "address": "87C4+M46, Jl. Danau Beratan, Sanur Kaja, Denpasar Selatan, Kota Denpasar, Bali 80227"
      },
      "geometry": {
        "type": "Point",
        "coordinates": [
          115.2552063,
          -8.678309
        ]
      }
    },
    {
      "type": "Feature",
      "properties": {
        "name": "Balai Banjar Cengkilung",
        "category": "balai_masyarakat",
        "region": "Denpasar City",
        "confidence": 0.9,
        "source_file": "4ZDU3D7D.xlsx, 20F8ADAH.xlsx, D7RSP2LU.xlsx, F5265UR2.xlsx, GQ3D8NMP.xlsx, MKMOSR5C.xlsx, QP4FQ600.xlsx, S33E300D.xlsx",
        "address": "C62H+W9M, Peguyangan Kangin, Kec. Denpasar Utara, Kota Denpasar, Bali 80238"
      },
      "geometry": {
        "type": "Point",
        "coordinates": [
          115.2284205,
          -8.597667
        ]
      }
    },
    {
      "type": "Feature",
      "properties": {
        "name": "Balai Banjar Dalem Kepaon",
        "category": "balai_masyarakat",
        "region": "Denpasar City",
        "confidence": 0.87,
        "source_file": "4ZDU3D7D.xlsx, D7RSP2LU.xlsx, F5265UR2.xlsx, S33E300D.xlsx",
        "address": "854W+4V2, Pemogan, Denpasar Selatan, Kota Denpasar, Bali 80221"
      },
      "geometry": {
        "type": "Point",
        "coordinates": [
          115.197135,
          -8.6947394
        ]
      }
    },
    {
      "type": "Feature",
      "properties": {
        "name": "Balai Banjar Gelogor Carik",
        "category": "balai_masyarakat",
        "region": "Denpasar City",
        "confidence": 0.9,
        "source_file": "4ZDU3D7D.xlsx, D7RSP2LU.xlsx, F5265UR2.xlsx, S33E300D.xlsx",
        "address": "75QQ+WJ6, Pemogan, Denpasar Selatan, Kota Denpasar, Bali 80221"
      },
      "geometry": {
        "type": "Point",
        "coordinates": [
          115.1890279,
          -8.7102163
        ]
      }
    },
    {
      "type": "Feature",
      "properties": {
        "name": "Balai Banjar Gunung Penatih",
        "category": "balai_masyarakat",
        "region": "Denpasar City",
        "confidence": 0.9,
        "source_file": "4ZDU3D7D.xlsx, 20F8ADAH.xlsx, D7RSP2LU.xlsx",
        "address": "97G2+JFC, Penatih Dangin Puri, Kec. Denpasar Tim., Kota Denpasar, Bali 80237"
      },
      "geometry": {
        "type": "Point",
        "coordinates": [
          115.251135,
          -8.623429
        ]
      }
    },
    {
      "type": "Feature",
      "properties": {
        "name": "Balai Banjar Jabapura",
        "category": "balai_masyarakat",
        "region": "Denpasar City",
        "confidence": 0.84,
        "source_file": "4ZDU3D7D.xlsx, 20F8ADAH.xlsx, D7RSP2LU.xlsx, F5265UR2.xlsx, QP4FQ600.xlsx, S33E300D.xlsx",
        "address": "859M+75M, Jl. Gn. Soputan, Banjar Jabapura, Kec. Denpasar Bar., Kota Denpasar, Bali 80114"
      },
      "geometry": {
        "type": "Point",
        "coordinates": [
          115.1829225,
          -8.6817875
        ]
      }
    },
    {
      "type": "Feature",
      "properties": {
        "name": "Balai Banjar Jurang Asri",
        "category": "balai_masyarakat",
        "region": "Denpasar City",
        "confidence": 0.9,
        "source_file": "4ZDU3D7D.xlsx, 20F8ADAH.xlsx, D7RSP2LU.xlsx, F5265UR2.xlsx, QP4FQ600.xlsx",
        "address": "Jl. Antasura Gg. Dewi Madri No.I, Peguyangan Kangin, Kec. Denpasar Utara, Kota Denpasar, Bali 80115"
      },
      "geometry": {
        "type": "Point",
        "coordinates": [
          115.2236123,
          -8.6200103
        ]
      }
    },
    {
      "type": "Feature",
      "properties": {
        "name": "Balai Banjar Kangin, Panjer",
        "category": "community_center",
        "region": "Denpasar City",
        "confidence": 0.87,
        "source_file": "4ZDU3D7D.xlsx, D7RSP2LU.xlsx, F5265UR2.xlsx, S33E300D.xlsx",
        "address": "Jl. Tukad Pakerisan No.13, Panjer, Denpasar Selatan, Kota Denpasar, Bali 80234"
      },
      "geometry": {
        "type": "Point",
        "coordinates": [
          115.2256846,
          -8.6798284
        ]
      }
    },
    {
      "type": "Feature",
      "properties": {
        "name": "Balai Banjar Karang Sari",
        "category": "balai_masyarakat",
        "region": "Denpasar City",
        "confidence": 0.87,
        "source_file": "4ZDU3D7D.xlsx, 20F8ADAH.xlsx, D7RSP2LU.xlsx, F5265UR2.xlsx, GQ3D8NMP.xlsx, MKMOSR5C.xlsx, QP4FQ600.xlsx, S33E300D.xlsx",
        "address": "Gg. Kenari VII No.33, Dangin Puri Kaja, Kec. Denpasar Utara, Kota Denpasar, Bali 80233"
      },
      "geometry": {
        "type": "Point",
        "coordinates": [
          115.2183877,
          -8.6398524
        ]
      }
    },
    {
      "type": "Feature",
      "properties": {
        "name": "Balai Banjar Kayangan",
        "category": "balai_masyarakat",
        "region": "Denpasar City",
        "confidence": 0.84,
        "source_file": "4ZDU3D7D.xlsx, D7RSP2LU.xlsx, S33E300D.xlsx",
        "address": "Jl. Cekomaria No.14, Peguyangan Kangin, Kec. Denpasar Utara, Kota Denpasar, Bali 80238"
      },
      "geometry": {
        "type": "Point",
        "coordinates": [
          115.2288258,
          -8.6215046
        ]
      }
    },
    {
      "type": "Feature",
      "properties": {
        "name": "Balai Banjar Kedua",
        "category": "balai_masyarakat",
        "region": "Denpasar City",
        "confidence": 0.9,
        "source_file": "4ZDU3D7D.xlsx, 20F8ADAH.xlsx, D7RSP2LU.xlsx, QP4FQ600.xlsx, S33E300D.xlsx",
        "address": "96XG+VFC, Jl. Cekomaria, Peguyangan Kangin, Kec. Denpasar Utara, Kota Denpasar, Bali 80238"
      },
      "geometry": {
        "type": "Point",
        "coordinates": [
          115.2261506,
          -8.6003213
        ]
      }
    },
    {
      "type": "Feature",
      "properties": {
        "name": "Balai Banjar Kehen Kesiman Denpasar",
        "category": "balai_masyarakat",
        "region": "Denpasar City",
        "confidence": 0.9,
        "source_file": "4ZDU3D7D.xlsx, D7RSP2LU.xlsx, F5265UR2.xlsx, QP4FQ600.xlsx",
        "address": "Jl. Sulatri No.46, Kesiman Petilan, Kec. Denpasar Tim., Kota Denpasar, Bali 80237"
      },
      "geometry": {
        "type": "Point",
        "coordinates": [
          115.2422474,
          -8.6401216
        ]
      }
    },
    {
      "type": "Feature",
      "properties": {
        "name": "Balai Banjar Kepisah Pedungan",
        "category": "balai_masyarakat",
        "region": "Denpasar City",
        "confidence": 0.9,
        "source_file": "4ZDU3D7D.xlsx, D7RSP2LU.xlsx, F5265UR2.xlsx, S33E300D.xlsx",
        "address": "Jl. Pulau Singkep No.17, Pedungan, Denpasar Selatan, Kota Denpasar, Bali 80114"
      },
      "geometry": {
        "type": "Point",
        "coordinates": [
          115.2092886,
          -8.6877486
        ]
      }
    },
    {
      "type": "Feature",
      "properties": {
        "name": "Balai Banjar Kertha Petasikan",
        "category": "balai_masyarakat",
        "region": "Denpasar City",
        "confidence": 0.9,
        "source_file": "4ZDU3D7D.xlsx, D7RSP2LU.xlsx, F5265UR2.xlsx, S33E300D.xlsx",
        "address": "Jl. Kertha Petasikan II No.88, Sidakarya, Denpasar Selatan, Kota Denpasar, Bali"
      },
      "geometry": {
        "type": "Point",
        "coordinates": [
          115.2380722,
          -8.7076689
        ]
      }
    },
    {
      "type": "Feature",
      "properties": {
        "name": "Balai Banjar Kesambi\u200c \u1b29 \u1b2e\u1b29\u1b1c\u1b44\u1b1a\u1b03\u1b13\u1b42\u1b32\u1b2b\u1b44\u1b29\u1b36\u1b5f",
        "category": "balai_pertemuan_desa",
        "region": "Denpasar City",
        "confidence": 0.84,
        "source_file": "4ZDU3D7D.xlsx, 20F8ADAH.xlsx, D7RSP2LU.xlsx, F5265UR2.xlsx, QP4FQ600.xlsx",
        "address": "9737+97Q, Jl. Sekar Sari, Kesiman Kertalangu, Kec. Denpasar Tim., Kota Denpasar, Bali 80237"
      },
      "geometry": {
        "type": "Point",
        "coordinates": [
          115.2632449,
          -8.6465434
        ]
      }
    },
    {
      "type": "Feature",
      "properties": {
        "name": "Balai Banjar Ketapian Kelod",
        "category": "balai_masyarakat",
        "region": "Denpasar City",
        "confidence": 0.87,
        "source_file": "4ZDU3D7D.xlsx, 20F8ADAH.xlsx, D7RSP2LU.xlsx, S33E300D.xlsx",
        "address": "Jl. Katrangan banjar ketapian kelod No.3, Sumerta, Kec. Denpasar Tim., Kota Denpasar, Bali 80239"
      },
      "geometry": {
        "type": "Point",
        "coordinates": [
          115.2374179,
          -8.6541541
        ]
      }
    },
    {
      "type": "Feature",
      "properties": {
        "name": "Balai Banjar Lingkungan Padang Sari",
        "category": "balai_masyarakat",
        "region": "Denpasar City",
        "confidence": 0.87,
        "source_file": "4ZDU3D7D.xlsx, D7RSP2LU.xlsx, F5265UR2.xlsx, S33E300D.xlsx",
        "address": "952Q+XP3, Gg. Walet, Padangsambian, Kec. Denpasar Bar., Kota Denpasar, Bali 80118"
      },
      "geometry": {
        "type": "Point",
        "coordinates": [
          115.1892947,
          -8.6476192
        ]
      }
    },
    {
      "type": "Feature",
      "properties": {
        "name": "Balai Banjar Muliawan",
        "category": "community_center",
        "region": "Denpasar City",
        "confidence": 0.84,
        "source_file": "4ZDU3D7D.xlsx, D7RSP2LU.xlsx, F5265UR2.xlsx, S33E300D.xlsx",
        "address": "Jl. Gn. Muliawan Gg. X No.1, Tegal Kertha, Kec. Denpasar Bar., Kota Denpasar, Bali 80112"
      },
      "geometry": {
        "type": "Point",
        "coordinates": [
          115.1995688,
          -8.6617922
        ]
      }
    },
    {
      "type": "Feature",
      "properties": {
        "name": "Balai Banjar Oongan",
        "category": "balai_masyarakat",
        "region": "Denpasar City",
        "confidence": 0.9,
        "source_file": "4ZDU3D7D.xlsx, 20F8ADAH.xlsx, D7RSP2LU.xlsx, F5265UR2.xlsx, MKMOSR5C.xlsx, QP4FQ600.xlsx, S33E300D.xlsx",
        "address": "968J+RG8, Tonja, Kec. Denpasar Utara, Kota Denpasar, Bali 80235"
      },
      "geometry": {
        "type": "Point",
        "coordinates": [
          115.2313213,
          -8.632963
        ]
      }
    },
    {
      "type": "Feature",
      "properties": {
        "name": "Balai Banjar Padangsambian",
        "category": "balai_pertemuan_desa",
        "region": "Denpasar City",
        "confidence": 0.9,
        "source_file": "4ZDU3D7D.xlsx, 20F8ADAH.xlsx, D7RSP2LU.xlsx, GQ3D8NMP.xlsx, MKMOSR5C.xlsx, QP4FQ600.xlsx, S33E300D.xlsx",
        "address": "85XP+WHW, Padangsambian, Kec. Denpasar Bar., Kota Denpasar, Bali 80118"
      },
      "geometry": {
        "type": "Point",
        "coordinates": [
          115.1864422,
          -8.6501455
        ]
      }
    },
    {
      "type": "Feature",
      "properties": {
        "name": "Balai Banjar Pengukuh",
        "category": "balai_masyarakat",
        "region": "Denpasar City",
        "confidence": 0.87,
        "source_file": "4ZDU3D7D.xlsx, 20F8ADAH.xlsx, D7RSP2LU.xlsx, QP4FQ600.xlsx, S33E300D.xlsx",
        "address": "Jl. Antasura No.86, Peguyangan Kangin, Kec. Denpasar Utara, Kota Denpasar, Bali 80239"
      },
      "geometry": {
        "type": "Point",
        "coordinates": [
          115.2220398,
          -8.6133079
        ]
      }
    },
    {
      "type": "Feature",
      "properties": {
        "name": "Balai Banjar Permata Anyar",
        "category": "balai_masyarakat",
        "region": "Denpasar City",
        "confidence": 0.87,
        "source_file": "4ZDU3D7D.xlsx, 20F8ADAH.xlsx, D7RSP2LU.xlsx, F5265UR2.xlsx, QP4FQ600.xlsx, S33E300D.xlsx",
        "address": "Jl. Patih Nambi VI, Ubung Kaja, Kec. Denpasar Utara, Kota Denpasar, Bali 80115"
      },
      "geometry": {
        "type": "Point",
        "coordinates": [
          115.2052223,
          -8.6153058
        ]
      }
    },
    {
      "type": "Feature",
      "properties": {
        "name": "Balai Banjar Saih",
        "category": "balai_masyarakat",
        "region": "Denpasar City",
        "confidence": 0.87,
        "source_file": "4ZDU3D7D.xlsx, 20F8ADAH.xlsx, D7RSP2LU.xlsx, F5265UR2.xlsx, QP4FQ600.xlsx, S33E300D.xlsx",
        "address": "96W4+5XM, Jl. Tunjung Tutur, Peguyangan Kaja, Kec. Denpasar Utara, Kota Denpasar, Bali 80115"
      },
      "geometry": {
        "type": "Point",
        "coordinates": [
          115.2074303,
          -8.6045491
        ]
      }
    },
    {
      "type": "Feature",
      "properties": {
        "name": "Balai Banjar Sanglah",
        "category": "balai_masyarakat",
        "region": "Denpasar City",
        "confidence": 0.9,
        "source_file": "4ZDU3D7D.xlsx, 20F8ADAH.xlsx, D7RSP2LU.xlsx, F5265UR2.xlsx, S33E300D.xlsx",
        "address": "86F8+8FH, Dauh Puri Klod, Kec. Denpasar Bar., Kota Denpasar, Bali 80113"
      },
      "geometry": {
        "type": "Point",
        "coordinates": [
          115.2162251,
          -8.6766973
        ]
      }
    },
    {
      "type": "Feature",
      "properties": {
        "name": "Balai Banjar Sebudi Tanjung Bungkak",
        "category": "balai_masyarakat",
        "region": "Denpasar City",
        "confidence": 0.87,
        "source_file": "4ZDU3D7D.xlsx, 20F8ADAH.xlsx, D7RSP2LU.xlsx, F5265UR2.xlsx, S33E300D.xlsx",
        "address": "86QP+HM4, Jl. Narakusuma, Sumerta Kelod, Kec. Denpasar Tim., Kota Denpasar, Bali 80239"
      },
      "geometry": {
        "type": "Point",
        "coordinates": [
          115.2366906,
          -8.6611246
        ]
      }
    },
    {
      "type": "Feature",
      "properties": {
        "name": "Balai Banjar Tangguntiti",
        "category": "balai_pertemuan_desa",
        "region": "Denpasar City",
        "confidence": 0.84,
        "source_file": "4ZDU3D7D.xlsx, D7RSP2LU.xlsx",
        "address": "Jl. Bakung 1 No.33, Kesiman Kertalangu, Kec. Denpasar Tim., Kota Denpasar, Bali 80237"
      },
      "geometry": {
        "type": "Point",
        "coordinates": [
          115.2633019,
          -8.6426012
        ]
      }
    },
    {
      "type": "Feature",
      "properties": {
        "name": "Balai Banjar Tegal Buah",
        "category": "balai_masyarakat",
        "region": "Denpasar City",
        "confidence": 0.9,
        "source_file": "4ZDU3D7D.xlsx, D7RSP2LU.xlsx, F5265UR2.xlsx, S33E300D.xlsx",
        "address": "85PJ+M48, Jl. Gn. Tangkuban Perahu, Padangsambian Klod, Kec. Denpasar Bar., Kota Denpasar, Bali 80117"
      },
      "geometry": {
        "type": "Point",
        "coordinates": [
          115.1803238,
          -8.6633397
        ]
      }
    },
    {
      "type": "Feature",
      "properties": {
        "name": "Balai Banjar Tegal Kori",
        "category": "community_center",
        "region": "Denpasar City",
        "confidence": 0.87,
        "source_file": "4ZDU3D7D.xlsx, 20F8ADAH.xlsx, D7RSP2LU.xlsx, F5265UR2.xlsx, QP4FQ600.xlsx, S33E300D.xlsx",
        "address": "95PX+9G5, Ubung Kaja, Kec. Denpasar Utara, Kota Denpasar, Bali 80116"
      },
      "geometry": {
        "type": "Point",
        "coordinates": [
          115.1988696,
          -8.6141117
        ]
      }
    },
    {
      "type": "Feature",
      "properties": {
        "name": "Balai Banjar Tegal Lantang Kaja",
        "category": "balai_pertemuan_desa",
        "region": "Denpasar City",
        "confidence": 0.87,
        "source_file": "4ZDU3D7D.xlsx, D7RSP2LU.xlsx, F5265UR2.xlsx, S33E300D.xlsx",
        "address": "85WP+J6P, Gg. Merpati, Padangsambian, Kec. Denpasar Bar., Kota Denpasar, Bali 80118"
      },
      "geometry": {
        "type": "Point",
        "coordinates": [
          115.1855841,
          -8.6534066
        ]
      }
    },
    {
      "type": "Feature",
      "properties": {
        "name": "Balai Banjar Tegalsari-Panjer",
        "category": "community_center",
        "region": "Denpasar City",
        "confidence": 0.9,
        "source_file": "4ZDU3D7D.xlsx, D7RSP2LU.xlsx, F5265UR2.xlsx",
        "address": "8699+WGX, Dauh Puri Klod, Kec. Denpasar Bar., Kota Denpasar, Bali 80113"
      },
      "geometry": {
        "type": "Point",
        "coordinates": [
          115.2188548,
          -8.6801404
        ]
      }
    },
    {
      "type": "Feature",
      "properties": {
        "name": "Balai Banjar Tegehkuri",
        "category": "balai_masyarakat",
        "region": "Denpasar City",
        "confidence": 0.9,
        "source_file": "4ZDU3D7D.xlsx, 20F8ADAH.xlsx, D7RSP2LU.xlsx, F5265UR2.xlsx, QP4FQ600.xlsx, S33E300D.xlsx",
        "address": "Jl. Seroja No.71, Tonja, Kec. Denpasar Utara, Kota Denpasar, Bali 80237"
      },
      "geometry": {
        "type": "Point",
        "coordinates": [
          115.2268703,
          -8.6267343
        ]
      }
    },
    {
      "type": "Feature",
      "properties": {
        "name": "Balai Banjar Tenten",
        "category": "balai_kota",
        "region": "Denpasar City",
        "confidence": 0.87,
        "source_file": "4ZDU3D7D.xlsx, D7RSP2LU.xlsx, F5265UR2.xlsx",
        "address": "Jl. Imam Bonjol No.234, Pemecutan Klod, Kec. Denpasar Bar., Kota Denpasar, Bali 80113"
      },
      "geometry": {
        "type": "Point",
        "coordinates": [
          115.203488,
          -8.6727942
        ]
      }
    },
    {
      "type": "Feature",
      "properties": {
        "name": "Balai Banjar UMASARI",
        "category": "balai_masyarakat",
        "region": "Denpasar City",
        "confidence": 0.9,
        "source_file": "4ZDU3D7D.xlsx, 20F8ADAH.xlsx, D7RSP2LU.xlsx, F5265UR2.xlsx, MKMOSR5C.xlsx, QP4FQ600.xlsx, S33E300D.xlsx",
        "address": "965C+56H, Dangin Puri Kaja, Kec. Denpasar Utara, Kota Denpasar, Bali 80234"
      },
      "geometry": {
        "type": "Point",
        "coordinates": [
          115.2205968,
          -8.6420573
        ]
      }
    },
    {
      "type": "Feature",
      "properties": {
        "name": "Balai Banjar Umadui",
        "category": "balai_masyarakat",
        "region": "Denpasar City",
        "confidence": 0.84,
        "source_file": "4ZDU3D7D.xlsx, D7RSP2LU.xlsx, S33E300D.xlsx",
        "address": "Jl. Gn. Soputan No.112, Padangsambian Klod, Kec. Denpasar Bar., Kota Denpasar, Bali 80117"
      },
      "geometry": {
        "type": "Point",
        "coordinates": [
          115.1829285,
          -8.6827075
        ]
      }
    },
    {
      "type": "Feature",
      "properties": {
        "name": "Balai Banjar Umaklungkung",
        "category": "local_government_office",
        "region": "Denpasar City",
        "confidence": 0.87,
        "source_file": "S33E300D.xlsx",
        "address": "95JQ+Q2W, Jl. Kebo Iwa, Padangsambian Kaja, Kec. Denpasar Bar., Kota Denpasar, Bali 80116"
      },
      "geometry": {
        "type": "Point",
        "coordinates": [
          115.1875626,
          -8.6180142
        ]
      }
    },
    {
      "type": "Feature",
      "properties": {
        "name": "Balai Dusun Kerta Dalem Sidakarya",
        "category": "balai_masyarakat",
        "region": "Denpasar City",
        "confidence": 0.87,
        "source_file": "4ZDU3D7D.xlsx, D7RSP2LU.xlsx",
        "address": "Jl. Kertha Dalem II No.5, Sidakarya, Denpasar Selatan, Kota Denpasar, Bali 80224"
      },
      "geometry": {
        "type": "Point",
        "coordinates": [
          115.2348098,
          -8.7002015
        ]
      }
    },
    {
      "type": "Feature",
      "properties": {
        "name": "Balai Lingkungan Taman Sekar",
        "category": "balai_masyarakat",
        "region": "Denpasar City",
        "confidence": 0.87,
        "source_file": "4ZDU3D7D.xlsx, F5265UR2.xlsx",
        "address": "85WM+5CC, Padangsambian, Kec. Denpasar Bar., Kota Denpasar, Bali 80117"
      },
      "geometry": {
        "type": "Point",
        "coordinates": [
          115.1835107,
          -8.6545532
        ]
      }
    },
    {
      "type": "Feature",
      "properties": {
        "name": "Balai Serba Guna Banjar Sading Sari",
        "category": "community_center",
        "region": "Denpasar City",
        "confidence": 0.87,
        "source_file": "4ZDU3D7D.xlsx, D7RSP2LU.xlsx, F5265UR2.xlsx",
        "address": "858W+4M9, Pemecutan Klod, Kec. Denpasar Bar., Kota Denpasar, Bali 80113"
      },
      "geometry": {
        "type": "Point",
        "coordinates": [
          115.1967419,
          -8.6847243
        ]
      }
    },
    {
      "type": "Feature",
      "properties": {
        "name": "Balai banjar kayumas kelod",
        "category": "balai_masyarakat",
        "region": "Denpasar City",
        "confidence": 0.87,
        "source_file": "4ZDU3D7D.xlsx, 20F8ADAH.xlsx, D7RSP2LU.xlsx, F5265UR2.xlsx, QP4FQ600.xlsx, S33E300D.xlsx",
        "address": "Jl. Letda Made Putra No.1, Dangin Puri, Kec. Denpasar Tim., Kota Denpasar, Bali"
      },
      "geometry": {
        "type": "Point",
        "coordinates": [
          115.2199256,
          -8.6584262
        ]
      }
    },
    {
      "type": "Feature",
      "properties": {
        "name": "Bale Banjar Abasan \u1b29\u1b2e\u1b3e\u1b29\u1b1c\u1b44\u1b1a\u1b03\u1b05\u1b29\u1b32\u1b26\u1b44\u1b5f",
        "category": "community_center",
        "region": "Denpasar City",
        "confidence": 0.87,
        "source_file": "4ZDU3D7D.xlsx, D7RSP2LU.xlsx, F5265UR2.xlsx",
        "address": "86V9+2Q4, Gg. II, Dangin Puri, Kec. Denpasar Tim., Kota Denpasar, Bali 80232"
      },
      "geometry": {
        "type": "Point",
        "coordinates": [
          115.2194465,
          -8.6574915
        ]
      }
    },
    {
      "type": "Feature",
      "properties": {
        "name": "Bale Banjar Batukandik",
        "category": "balai_masyarakat",
        "region": "Denpasar City",
        "confidence": 0.9,
        "source_file": "4ZDU3D7D.xlsx, D7RSP2LU.xlsx, F5265UR2.xlsx, QP4FQ600.xlsx, S33E300D.xlsx",
        "address": "Jl. Kebo Iwa No.28, Padangsambian Kaja, Kec. Denpasar Bar., Kota Denpasar, Bali 80116"
      },
      "geometry": {
        "type": "Point",
        "coordinates": [
          115.1842666,
          -8.6214649
        ]
      }
    },
    {
      "type": "Feature",
      "properties": {
        "name": "Bale Banjar Ketapian Kaja",
        "category": "community_center",
        "region": "Denpasar City",
        "confidence": 0.9,
        "source_file": "4ZDU3D7D.xlsx, D7RSP2LU.xlsx",
        "address": "Jl. Katrangan No.60, Sumerta, Kec. Denpasar Tim., Kota Denpasar, Bali 80236"
      },
      "geometry": {
        "type": "Point",
        "coordinates": [
          115.2370122,
          -8.6508418
        ]
      }
    },
    {
      "type": "Feature",
      "properties": {
        "name": "Bale Banjar Panti Gede Denpasar",
        "category": "balai_masyarakat",
        "region": "Denpasar City",
        "confidence": 0.87,
        "source_file": "D7RSP2LU.xlsx",
        "address": "Jl. Gambuh No.4, Pemecutan Kaja, Kec. Denpasar Utara, Kota Denpasar, Bali 80111"
      },
      "geometry": {
        "type": "Point",
        "coordinates": [
          115.2093275,
          -8.6521043
        ]
      }
    },
    {
      "type": "Feature",
      "properties": {
        "name": "Bale Banjar Pitik Pedungan",
        "category": "balai_masyarakat",
        "region": "Denpasar City",
        "confidence": 0.9,
        "source_file": "4ZDU3D7D.xlsx, D7RSP2LU.xlsx, F5265UR2.xlsx",
        "address": "Jl. Pulau Bungin No.85, Pedungan, Denpasar Selatan, Kota Denpasar, Bali 80114"
      },
      "geometry": {
        "type": "Point",
        "coordinates": [
          115.2032078,
          -8.6905968
        ]
      }
    },
    {
      "type": "Feature",
      "properties": {
        "name": "Bale Banjar Semawang",
        "category": "buurthuis",
        "region": "Denpasar City",
        "confidence": 0.87,
        "source_file": "4ZDU3D7D.xlsx, 20F8ADAH.xlsx, D7RSP2LU.xlsx, F5265UR2.xlsx, GQ3D8NMP.xlsx, MKMOSR5C.xlsx, QP4FQ600.xlsx, S33E300D.xlsx",
        "address": "Jl. Cemara No.2, Sanur, Denpasar Selatan, Kota Denpasar, Bali"
      },
      "geometry": {
        "type": "Point",
        "coordinates": [
          115.260381,
          -8.705413
        ]
      }
    },
    {
      "type": "Feature",
      "properties": {
        "name": "Bale Banjar Tegal Kauh",
        "category": "balai_masyarakat",
        "region": "Denpasar City",
        "confidence": 0.87,
        "source_file": "20F8ADAH.xlsx, D7RSP2LU.xlsx, F5265UR2.xlsx, QP4FQ600.xlsx",
        "address": "95PV+6PH, Jl. Indrajaya, Ubung Kaja, Kec. Denpasar Utara, Kota Denpasar, Bali 80116"
      },
      "geometry": {
        "type": "Point",
        "coordinates": [
          115.1943634,
          -8.6144446
        ]
      }
    },
    {
      "type": "Feature",
      "properties": {
        "name": "Bali Governor Office",
        "category": "kantor_pemerintah",
        "region": "Denpasar City",
        "confidence": 0.9,
        "source_file": "RZVRQ2SY.xlsx",
        "address": "Jl. Basuki Rahmat No.1, Sumerta Kelod, Kec. Denpasar Tim., Kota Denpasar, Bali 80234"
      },
      "geometry": {
        "type": "Point",
        "coordinates": [
          115.2340568,
          -8.6678895
        ]
      }
    },
    {
      "type": "Feature",
      "properties": {
        "name": "Balietnik Official",
        "category": "butik",
        "region": "Denpasar City",
        "confidence": 0.9,
        "source_file": "ZDNRHRHP.xlsx",
        "address": "Jalan Bedugul no 31 Sidakarya tepat di pertigaaan, Tepat di ujung pertigaan, Kota Denpasar, Bali 80224"
      },
      "geometry": {
        "type": "Point",
        "coordinates": [
          115.2270172,
          -8.6950886
        ]
      }
    },
    {
      "type": "Feature",
      "properties": {
        "name": "Banjar Abian Kapas Kelod",
        "category": "community_center",
        "region": "Denpasar City",
        "confidence": 0.9,
        "source_file": "4ZDU3D7D.xlsx, D7RSP2LU.xlsx",
        "address": "Jl. Nusa Indah, Sumerta, Kec. Denpasar Tim., Kota Denpasar, Bali 80236"
      },
      "geometry": {
        "type": "Point",
        "coordinates": [
          115.234667,
          -8.6532916
        ]
      }
    },
    {
      "type": "Feature",
      "properties": {
        "name": "Banjar Abian Nangka Kaja",
        "category": "balai_masyarakat",
        "region": "Denpasar City",
        "confidence": 0.9,
        "source_file": "4ZDU3D7D.xlsx, D7RSP2LU.xlsx",
        "address": "Jl. Noja No.116-114, Kesiman Petilan, Kec. Denpasar Tim., Kota Denpasar, Bali 80237"
      },
      "geometry": {
        "type": "Point",
        "coordinates": [
          115.2368718,
          -8.6406628
        ]
      }
    },
    {
      "type": "Feature",
      "properties": {
        "name": "Banjar Abian Nangka Kelod",
        "category": "balai_masyarakat",
        "region": "Denpasar City",
        "confidence": 0.9,
        "source_file": "4ZDU3D7D.xlsx, D7RSP2LU.xlsx",
        "address": "Jl. Noja I No.23, Kesiman Petilan, Kec. Denpasar Tim., Kota Denpasar, Bali 80237"
      },
      "geometry": {
        "type": "Point",
        "coordinates": [
          115.2374157,
          -8.641988
        ]
      }
    },
    {
      "type": "Feature",
      "properties": {
        "name": "Banjar Abiantegal, Desa Pakraman Denpasar",
        "category": "balai_masyarakat",
        "region": "Denpasar City",
        "confidence": 0.84,
        "source_file": "4ZDU3D7D.xlsx, F5265UR2.xlsx",
        "address": "Jl. Pulau Batanta No.41, Dauh Puri Kauh, Kec. Denpasar Bar., Kota Denpasar, Bali 80113"
      },
      "geometry": {
        "type": "Point",
        "coordinates": [
          115.1992615,
          -8.6842255
        ]
      }
    },
    {
      "type": "Feature",
      "properties": {
        "name": "Banjar Abiantimbul",
        "category": "balai_masyarakat",
        "region": "Denpasar City",
        "confidence": 0.9,
        "source_file": "4ZDU3D7D.xlsx, D7RSP2LU.xlsx, F5265UR2.xlsx",
        "address": "856R+QX2, Jl. Imam Bonjol, Pemecutan Klod, Kec. Denpasar Bar., Kota Denpasar, Bali 80119"
      },
      "geometry": {
        "type": "Point",
        "coordinates": [
          115.1923924,
          -8.6881205
        ]
      }
    },
    {
      "type": "Feature",
      "properties": {
        "name": "Banjar Abiantubuh Kesiman",
        "category": "community_center",
        "region": "Denpasar City",
        "confidence": 0.9,
        "source_file": "4ZDU3D7D.xlsx, D7RSP2LU.xlsx",
        "address": "962R+5PP, Jl. Sedap Malam, Kesiman, Kec. Denpasar Tim., Kota Denpasar, Bali 80237"
      },
      "geometry": {
        "type": "Point",
        "coordinates": [
          115.2418201,
          -8.6495349
        ]
      }
    },
    {
      "type": "Feature",
      "properties": {
        "name": "Banjar Adat Asta Bhuana",
        "category": "balai_pertemuan_desa",
        "region": "Denpasar City",
        "confidence": 0.87,
        "source_file": "4ZDU3D7D.xlsx, F5265UR2.xlsx",
        "address": "Jl. Gn. Ringin Raya Gg. II No.15, Tegal Harum, Kec. Denpasar Bar., Kota Denpasar, Bali 80119"
      },
      "geometry": {
        "type": "Point",
        "coordinates": [
          115.1974545,
          -8.6690122
        ]
      }
    },
    {
      "type": "Feature",
      "properties": {
        "name": "Banjar Alangkajeng",
        "category": "community_center",
        "region": "Denpasar City",
        "confidence": 0.9,
        "source_file": "4ZDU3D7D.xlsx, D7RSP2LU.xlsx, F5265UR2.xlsx",
        "address": "Jl. Hasanuddin No.80, Pemecutan, Kec. Denpasar Bar., Kota Denpasar, Bali 80232"
      },
      "geometry": {
        "type": "Point",
        "coordinates": [
          115.2115319,
          -8.6586112
        ]
      }
    },
    {
      "type": "Feature",
      "properties": {
        "name": "Banjar Antap",
        "category": "balai_masyarakat",
        "region": "Denpasar City",
        "confidence": 0.87,
        "source_file": "4ZDU3D7D.xlsx, D7RSP2LU.xlsx, F5265UR2.xlsx",
        "address": "Jl. Tukad Melangit No.34, Panjer, Denpasar Selatan, Kota Denpasar, Bali 80234"
      },
      "geometry": {
        "type": "Point",
        "coordinates": [
          115.2233089,
          -8.6806595
        ]
      }
    },
    {
      "type": "Feature",
      "properties": {
        "name": "Banjar Balun",
        "category": "balai_masyarakat",
        "region": "Denpasar City",
        "confidence": 0.9,
        "source_file": "D7RSP2LU.xlsx",
        "address": "Jl. Setia Budi No.79, Pemecutan Kaja, Kec. Denpasar Utara, Kota Denpasar, Bali 80231"
      },
      "geometry": {
        "type": "Point",
        "coordinates": [
          115.2093959,
          -8.6476342
        ]
      }
    },
    {
      "type": "Feature",
      "properties": {
        "name": "Banjar Bantas Desa Peguyangan Kangin",
        "category": "balai_masyarakat",
        "region": "Denpasar City",
        "confidence": 0.87,
        "source_file": "4ZDU3D7D.xlsx, D7RSP2LU.xlsx",
        "address": "Jl. Kemuda III No.1, Peguyangan Kangin, Kec. Denpasar Utara, Kota Denpasar, Bali 80237"
      },
      "geometry": {
        "type": "Point",
        "coordinates": [
          115.2274083,
          -8.6230477
        ]
      }
    },
    {
      "type": "Feature",
      "properties": {
        "name": "Banjar Batan Nyuh",
        "category": "community_center",
        "region": "Denpasar City",
        "confidence": 0.9,
        "source_file": "4ZDU3D7D.xlsx, D7RSP2LU.xlsx, F5265UR2.xlsx",
        "address": "Jl. Imam Bonjol No.265, Pemecutan Klod, Kec. Denpasar Bar., Kota Denpasar, Bali 80113"
      },
      "geometry": {
        "type": "Point",
        "coordinates": [
          115.2013483,
          -8.6762654
        ]
      }
    },
    {
      "type": "Feature",
      "properties": {
        "name": "Banjar Batanbuah Kesiman",
        "category": "balai_masyarakat",
        "region": "Denpasar City",
        "confidence": 0.9,
        "source_file": "4ZDU3D7D.xlsx, D7RSP2LU.xlsx",
        "address": "Gg. XIV No.7, Kesiman Petilan, Kec. Denpasar Tim., Kota Denpasar, Bali 80237"
      },
      "geometry": {
        "type": "Point",
        "coordinates": [
          115.2437778,
          -8.6426951
        ]
      }
    },
    {
      "type": "Feature",
      "properties": {
        "name": "Banjar Batanghari panjer",
        "category": "balai_masyarakat",
        "region": "Denpasar City",
        "confidence": 0.87,
        "source_file": "4ZDU3D7D.xlsx, D7RSP2LU.xlsx",
        "address": "Jl. Tukad Batanghari VI B No.9a, Panjer, Kec. Denpasar Bar., Kota Denpasar, Bali 80234"
      },
      "geometry": {
        "type": "Point",
        "coordinates": [
          115.2280281,
          -8.6805021
        ]
      }
    },
    {
      "type": "Feature",
      "properties": {
        "name": "Banjar Batu Bintang",
        "category": "balai_masyarakat",
        "region": "Denpasar City",
        "confidence": 0.87,
        "source_file": "4ZDU3D7D.xlsx, D7RSP2LU.xlsx, F5265UR2.xlsx",
        "address": "86H7+2CF, Jl. Pulau Selayar, Dauh Puri Kauh, Kec. Denpasar Bar., Kota Denpasar, Bali 80113"
      },
      "geometry": {
        "type": "Point",
        "coordinates": [
          115.2135355,
          -8.6724395
        ]
      }
    },
    {
      "type": "Feature",
      "properties": {
        "name": "Banjar Batubolong",
        "category": "balai_masyarakat",
        "region": "Denpasar City",
        "confidence": 0.87,
        "source_file": "4ZDU3D7D.xlsx",
        "address": "Jl. Gunung Lumut No.32, Padangsambian Klod, Kec. Denpasar Bar., Kota Denpasar, Bali 80117"
      },
      "geometry": {
        "type": "Point",
        "coordinates": [
          115.1843011,
          -8.678187
        ]
      }
    },
    {
      "type": "Feature",
      "properties": {
        "name": "Banjar Begawan",
        "category": "community_center",
        "region": "Denpasar City",
        "confidence": 0.9,
        "source_file": "4ZDU3D7D.xlsx, D7RSP2LU.xlsx, F5265UR2.xlsx",
        "address": "Jl. Pulau Enggano No.21, Pedungan, Denpasar Selatan, Kota Denpasar, Bali 80113"
      },
      "geometry": {
        "type": "Point",
        "coordinates": [
          115.2004045,
          -8.6862582
        ]
      }
    },
    {
      "type": "Feature",
      "properties": {
        "name": "Banjar Belaluan Sadmerta",
        "category": "balai_masyarakat",
        "region": "Denpasar City",
        "confidence": 0.9,
        "source_file": "D7RSP2LU.xlsx",
        "address": "Jl. Rambutan No.6, Dangin Puri Kauh, Kec. Denpasar Utara, Kota Denpasar, Bali 80232"
      },
      "geometry": {
        "type": "Point",
        "coordinates": [
          115.2179194,
          -8.6531458
        ]
      }
    },
    {
      "type": "Feature",
      "properties": {
        "name": "Banjar Belusung",
        "category": "balai_masyarakat",
        "region": "Denpasar City",
        "confidence": 0.9,
        "source_file": "QP4FQ600.xlsx",
        "address": "Jl. Gajah Sura No.10, Peguyangan Kaja, Kec. Denpasar Tim., Kota Denpasar, Bali 80115"
      },
      "geometry": {
        "type": "Point",
        "coordinates": [
          115.2177332,
          -8.5989853
        ]
      }
    },
    {
      "type": "Feature",
      "properties": {
        "name": "Banjar Bengkel",
        "category": "community_center",
        "region": "Denpasar City",
        "confidence": 0.9,
        "source_file": "4ZDU3D7D.xlsx, D7RSP2LU.xlsx",
        "address": "Jl. Hayam Wuruk No.121, Sumerta Kelod, Kec. Denpasar Tim., Kota Denpasar, Bali 80236"
      },
      "geometry": {
        "type": "Point",
        "coordinates": [
          115.2348879,
          -8.6570245
        ]
      }
    },
    {
      "type": "Feature",
      "properties": {
        "name": "Banjar Bhuana Merta",
        "category": "community_center",
        "region": "Denpasar City",
        "confidence": 0.87,
        "source_file": "4ZDU3D7D.xlsx, F5265UR2.xlsx",
        "address": "85MX+J52, Jl. Gn. Batok, Tegal Harum, Kec. Denpasar Bar., Kota Denpasar, Bali 80119"
      },
      "geometry": {
        "type": "Point",
        "coordinates": [
          115.1978765,
          -8.6659814
        ]
      }
    },
    {
      "type": "Feature",
      "properties": {
        "name": "Banjar Bhuana Santi",
        "category": "balai_masyarakat",
        "region": "Denpasar City",
        "confidence": 0.87,
        "source_file": "4ZDU3D7D.xlsx",
        "address": "Gg. Buana Mekar II No.2, Padangsambian, Kec. Denpasar Bar., Kota Denpasar, Bali 80119"
      },
      "geometry": {
        "type": "Point",
        "coordinates": [
          115.1863798,
          -8.6630026
        ]
      }
    },
    {
      "type": "Feature",
      "properties": {
        "name": "Banjar Bhuwana Sari Dangri Kaja",
        "category": "balai_masyarakat",
        "region": "Denpasar City",
        "confidence": 0.84,
        "source_file": "D7RSP2LU.xlsx",
        "address": "Gg. V No.26, Dangin Puri Kaja, Kec. Denpasar Utara, Kota Denpasar, Bali 80233"
      },
      "geometry": {
        "type": "Point",
        "coordinates": [
          115.216715,
          -8.6459298
        ]
      }
    },
    {
      "type": "Feature",
      "properties": {
        "name": "Banjar Biaung",
        "category": "balai_masyarakat",
        "region": "Denpasar City",
        "confidence": 0.9,
        "source_file": "4ZDU3D7D.xlsx, D7RSP2LU.xlsx",
        "address": "Jl. Bakung No.I, Kesiman Kertalangu, Kec. Denpasar Tim., Kota Denpasar, Bali 80237"
      },
      "geometry": {
        "type": "Point",
        "coordinates": [
          115.2685926,
          -8.6448108
        ]
      }
    },
    {
      "type": "Feature",
      "properties": {
        "name": "Banjar Binoh Kaja",
        "category": "balai_masyarakat",
        "region": "Denpasar City",
        "confidence": 0.9,
        "source_file": "D7RSP2LU.xlsx",
        "address": "96F3+CFM, Jl. Warmadewa, Ubung Kaja, Kec. Denpasar Utara, Kota Denpasar, Bali 80116"
      },
      "geometry": {
        "type": "Point",
        "coordinates": [
          115.203667,
          -8.626409
        ]
      }
    },
    {
      "type": "Feature",
      "properties": {
        "name": "Banjar Binoh Kelod",
        "category": "community_center",
        "region": "Denpasar City",
        "confidence": 0.9,
        "source_file": "D7RSP2LU.xlsx",
        "address": "Balai Banjar Binoh Kelod, Jl. Warmadewa, Ubung Kaja, Denpasar Utara, Denpasar City, Bali 80116"
      },
      "geometry": {
        "type": "Point",
        "coordinates": [
          115.2035425,
          -8.6277783
        ]
      }
    },
    {
      "type": "Feature",
      "properties": {
        "name": "Banjar Buagan",
        "category": "community_center",
        "region": "Denpasar City",
        "confidence": 0.9,
        "source_file": "4ZDU3D7D.xlsx, F5265UR2.xlsx",
        "address": "859X+X5J, Jl. Imam Bonjol, Pemecutan Klod, Kec. Denpasar Bar., Kota Denpasar, Bali 80113"
      },
      "geometry": {
        "type": "Point",
        "coordinates": [
          115.1978788,
          -8.6800444
        ]
      }
    },
    {
      "type": "Feature",
      "properties": {
        "name": "Banjar Buaji Sari",
        "category": "balai_masyarakat",
        "region": "Denpasar City",
        "confidence": 0.9,
        "source_file": "4ZDU3D7D.xlsx, D7RSP2LU.xlsx",
        "address": "86WR+2R3 sari, Gg. Buaji, Sumerta, Kec. Denpasar Tim., Kota Denpasar, Bali 80239"
      },
      "geometry": {
        "type": "Point",
        "coordinates": [
          115.242032,
          -8.654981
        ]
      }
    },
    {
      "type": "Feature",
      "properties": {
        "name": "Banjar Buana Agung",
        "category": "balai_masyarakat",
        "region": "Denpasar City",
        "confidence": 0.9,
        "source_file": "4ZDU3D7D.xlsx",
        "address": "Jl. Gn. Tangkuban Perahu No.33, Padangsambian, Kec. Denpasar Bar., Kota Denpasar, Bali 80118"
      },
      "geometry": {
        "type": "Point",
        "coordinates": [
          115.1859241,
          -8.6562849
        ]
      }
    },
    {
      "type": "Feature",
      "properties": {
        "name": "Banjar Buana Kubu",
        "category": "balai_masyarakat",
        "region": "Denpasar City",
        "confidence": 0.9,
        "source_file": "4ZDU3D7D.xlsx, F5265UR2.xlsx",
        "address": "Jl. Buana Kubu, Tegal Harum, Kec. Denpasar Bar., Kota Denpasar, Bali 80119"
      },
      "geometry": {
        "type": "Point",
        "coordinates": [
          115.1916132,
          -8.6680976
        ]
      }
    },
    {
      "type": "Feature",
      "properties": {
        "name": "Banjar Bukit Buwung",
        "category": "balai_masyarakat",
        "region": "Denpasar City",
        "confidence": 0.9,
        "source_file": "4ZDU3D7D.xlsx, D7RSP2LU.xlsx",
        "address": "964R+3M9, Jl. Noja No.39, Kesiman Petilan, Kec. Denpasar Tim., Kota Denpasar, Bali 80237"
      },
      "geometry": {
        "type": "Point",
        "coordinates": [
          115.2415653,
          -8.6449377
        ]
      }
    },
    {
      "type": "Feature",
      "properties": {
        "name": "Banjar Bumi Asri",
        "category": "balai_masyarakat",
        "region": "Denpasar City",
        "confidence": 0.9,
        "source_file": "4ZDU3D7D.xlsx, D7RSP2LU.xlsx, F5265UR2.xlsx",
        "address": "Jl. Pulau Sula No.41, Dauh Puri Klod, Kec. Denpasar Bar., Kota Denpasar, Bali 80114"
      },
      "geometry": {
        "type": "Point",
        "coordinates": [
          115.2104513,
          -8.6800511
        ]
      }
    },
    {
      "type": "Feature",
      "properties": {
        "name": "Banjar Bumi Banten",
        "category": "community_center",
        "region": "Denpasar City",
        "confidence": 0.84,
        "source_file": "4ZDU3D7D.xlsx, D7RSP2LU.xlsx, F5265UR2.xlsx",
        "address": "Jl. Gilibiaha No.5, Dauh Puri Klod, Kec. Denpasar Bar., Kota Denpasar, Bali 80113"
      },
      "geometry": {
        "type": "Point",
        "coordinates": [
          115.2096836,
          -8.6736092
        ]
      }
    },
    {
      "type": "Feature",
      "properties": {
        "name": "Banjar Bumi Kerthi",
        "category": "balai_masyarakat",
        "region": "Denpasar City",
        "confidence": 0.84,
        "source_file": "4ZDU3D7D.xlsx, D7RSP2LU.xlsx, F5265UR2.xlsx",
        "address": "86G5+5W3, Jl. Nusa Ceningan, Dauh Puri Klod, Kec. Denpasar Bar., Kota Denpasar, Bali 80113"
      },
      "geometry": {
        "type": "Point",
        "coordinates": [
          115.2097858,
          -8.6746171
        ]
      }
    },
    {
      "type": "Feature",
      "properties": {
        "name": "Banjar Bumi Sari",
        "category": "balai_masyarakat",
        "region": "Denpasar City",
        "confidence": 0.87,
        "source_file": "4ZDU3D7D.xlsx, D7RSP2LU.xlsx, F5265UR2.xlsx",
        "address": "Jl. Satelit No.52, Dauh Puri Klod, Kec. Denpasar Bar., Kota Denpasar, Bali 80114"
      },
      "geometry": {
        "type": "Point",
        "coordinates": [
          115.2116499,
          -8.680539
        ]
      }
    },
    {
      "type": "Feature",
      "properties": {
        "name": "Banjar Bumi Shanti",
        "category": "balai_masyarakat",
        "region": "Denpasar City",
        "confidence": 0.87,
        "source_file": "4ZDU3D7D.xlsx, D7RSP2LU.xlsx, F5265UR2.xlsx",
        "address": "Jl. Pulau Bawean No.20, Dauh Puri Klod, Kec. Denpasar Bar., Kota Denpasar, Bali 80114"
      },
      "geometry": {
        "type": "Point",
        "coordinates": [
          115.2086184,
          -8.6783187
        ]
      }
    },
    {
      "type": "Feature",
      "properties": {
        "name": "Banjar Bumi Werdhi",
        "category": "balai_masyarakat",
        "region": "Denpasar City",
        "confidence": 0.87,
        "source_file": "4ZDU3D7D.xlsx, D7RSP2LU.xlsx, F5265UR2.xlsx",
        "address": "8693+395, Jl. Pulau Ayu Gg. XI, Dauh Puri Kauh, Kec. Denpasar Bar., Kota Denpasar, Bali 80114"
      },
      "geometry": {
        "type": "Point",
        "coordinates": [
          115.203495,
          -8.6823546
        ]
      }
    },
    {
      "type": "Feature",
      "properties": {
        "name": "Banjar Bun",
        "category": "balai_masyarakat",
        "region": "Denpasar City",
        "confidence": 0.9,
        "source_file": "D7RSP2LU.xlsx",
        "address": "Jl. Ceroring No.19, Dangin Puri, Kec. Denpasar Tim., Kota Denpasar, Bali 80232"
      },
      "geometry": {
        "type": "Point",
        "coordinates": [
          115.2210491,
          -8.6539675
        ]
      }
    },
    {
      "type": "Feature",
      "properties": {
        "name": "Banjar Busungyeh Kauh",
        "category": "balai_masyarakat",
        "region": "Denpasar City",
        "confidence": 0.87,
        "source_file": "D7RSP2LU.xlsx, F5265UR2.xlsx",
        "address": "Jl. Gunung Batukaru No.82, Pemecutan, Kec. Denpasar Bar., Kota Denpasar, Bali 80112"
      },
      "geometry": {
        "type": "Point",
        "coordinates": [
          115.203664,
          -8.6601375
        ]
      }
    },
    {
      "type": "Feature",
      "properties": {
        "name": "Banjar Celagigendong",
        "category": "balai_masyarakat",
        "region": "Denpasar City",
        "confidence": 0.87,
        "source_file": "D7RSP2LU.xlsx, F5265UR2.xlsx",
        "address": "No.18, Pemecutan, Bar., Jl. Imam Bonjol, Pemecutan, Kec. Denpasar Bar., Kota Denpasar, Bali 80119"
      },
      "geometry": {
        "type": "Point",
        "coordinates": [
          115.2093349,
          -8.6592115
        ]
      }
    },
    {
      "type": "Feature",
      "properties": {
        "name": "Banjar Celuk Panjer",
        "category": "balai_masyarakat",
        "region": "Denpasar City",
        "confidence": 0.87,
        "source_file": "4ZDU3D7D.xlsx, D7RSP2LU.xlsx, F5265UR2.xlsx",
        "address": "Jl. Tukad Irawadi No.26, Panjer, Denpasar Selatan, Kota Denpasar, Bali 80225"
      },
      "geometry": {
        "type": "Point",
        "coordinates": [
          115.2209056,
          -8.6808485
        ]
      }
    },
    {
      "type": "Feature",
      "properties": {
        "name": "Banjar Cemara Agung",
        "category": "balai_masyarakat",
        "region": "Denpasar City",
        "confidence": 0.9,
        "source_file": "4ZDU3D7D.xlsx, F5265UR2.xlsx",
        "address": "Jl. Gn. Cemara Gg. VI No.48-18, Tegal Harum, Kec. Denpasar Bar., Kota Denpasar, Bali 80119"
      },
      "geometry": {
        "type": "Point",
        "coordinates": [
          115.1963342,
          -8.6674245
        ]
      }
    },
    {
      "type": "Feature",
      "properties": {
        "name": "Banjar Dajan Tangluk",
        "category": "community_center",
        "region": "Denpasar City",
        "confidence": 0.9,
        "source_file": "4ZDU3D7D.xlsx, D7RSP2LU.xlsx",
        "address": "963Q+7QX, Kesiman, Kec. Denpasar Tim., Kota Denpasar, Bali 80237"
      },
      "geometry": {
        "type": "Point",
        "coordinates": [
          115.2394767,
          -8.6467535
        ]
      }
    },
    {
      "type": "Feature",
      "properties": {
        "name": "Banjar Dakdakan",
        "category": "balai_masyarakat",
        "region": "Denpasar City",
        "confidence": 0.9,
        "source_file": "4ZDU3D7D.xlsx, D7RSP2LU.xlsx",
        "address": "Jl. Ken Arok No.20 B, Peguyangan, Kec. Denpasar Utara, Kota Denpasar, Bali 80115"
      },
      "geometry": {
        "type": "Point",
        "coordinates": [
          115.2071229,
          -8.6291737
        ]
      }
    },
    {
      "type": "Feature",
      "properties": {
        "name": "Banjar Dalem Kesumasari",
        "category": "balai_masyarakat",
        "region": "Denpasar City",
        "confidence": 0.87,
        "source_file": "4ZDU3D7D.xlsx, D7RSP2LU.xlsx, F5265UR2.xlsx",
        "address": "853W+WQ9, Pemogan, Denpasar Selatan, Kota Denpasar, Bali 80221"
      },
      "geometry": {
        "type": "Point",
        "coordinates": [
          115.1969937,
          -8.6952246
        ]
      }
    },
    {
      "type": "Feature",
      "properties": {
        "name": "Banjar Dangin Peken",
        "category": "community_center",
        "region": "Denpasar City",
        "confidence": 0.9,
        "source_file": "4ZDU3D7D.xlsx, D7RSP2LU.xlsx",
        "address": "Jl. Intaran No.20, Sanur Kauh, Denpasar Selatan, Kota Denpasar, Bali 80227"
      },
      "geometry": {
        "type": "Point",
        "coordinates": [
          115.2510571,
          -8.6838111
        ]
      }
    },
    {
      "type": "Feature",
      "properties": {
        "name": "Banjar Den Yeh",
        "category": "community_center",
        "region": "Denpasar City",
        "confidence": 0.9,
        "source_file": "D7RSP2LU.xlsx, QP4FQ600.xlsx, S33E300D.xlsx",
        "address": "Peguyangan Kaja, Kec. Denpasar Utara, Kota Denpasar, Bali 80239"
      },
      "geometry": {
        "type": "Point",
        "coordinates": [
          115.2137062,
          -8.6062413
        ]
      }
    },
    {
      "type": "Feature",
      "properties": {
        "name": "Banjar Dharma Santi",
        "category": "balai_masyarakat",
        "region": "Denpasar City",
        "confidence": 0.9,
        "source_file": "D7RSP2LU.xlsx",
        "address": "Jl. Tunggul Ametung I, Ubung Kaja, Kec. Denpasar Utara, Kota Denpasar, Bali 80115"
      },
      "geometry": {
        "type": "Point",
        "coordinates": [
          115.2070476,
          -8.6235108
        ]
      }
    },
    {
      "type": "Feature",
      "properties": {
        "name": "Banjar Dualang, Peguyangan Kaja",
        "category": "balai_masyarakat",
        "region": "Denpasar City",
        "confidence": 0.87,
        "source_file": "QP4FQ600.xlsx",
        "address": "96X6+98C, Peguyangan Kaja, Kec. Denpasar Utara, Kota Denpasar, Bali 80115"
      },
      "geometry": {
        "type": "Point",
        "coordinates": [
          115.2107605,
          -8.6015616
        ]
      }
    },
    {
      "type": "Feature",
      "properties": {
        "name": "Banjar Dukuh Mertajati",
        "category": "balai_masyarakat",
        "region": "Denpasar City",
        "confidence": 0.9,
        "source_file": "4ZDU3D7D.xlsx, D7RSP2LU.xlsx",
        "address": "76XG+PVF, Sidakarya, Denpasar Selatan, Kota Denpasar, Bali 80224"
      },
      "geometry": {
        "type": "Point",
        "coordinates": [
          115.2271591,
          -8.700693
        ]
      }
    },
    {
      "type": "Feature",
      "properties": {
        "name": "Banjar Dukuh Sari Sesetan",
        "category": "balai_masyarakat",
        "region": "Denpasar City",
        "confidence": 0.87,
        "source_file": "4ZDU3D7D.xlsx, D7RSP2LU.xlsx",
        "address": "Jl. Dukuh Sari No.42, Sesetan, Denpasar Selatan, Kota Denpasar, Bali 80223"
      },
      "geometry": {
        "type": "Point",
        "coordinates": [
          115.2156823,
          -8.6951533
        ]
      }
    },
    {
      "type": "Feature",
      "properties": {
        "name": "Banjar Eka Dharma",
        "category": "balai_masyarakat",
        "region": "Denpasar City",
        "confidence": 0.9,
        "source_file": "4ZDU3D7D.xlsx, D7RSP2LU.xlsx, F5265UR2.xlsx",
        "address": "86RH+49C, Jl. Jaya Giri Utara, Sumerta Kauh, Kec. Denpasar Tim., Kota Denpasar, Bali 80234"
      },
      "geometry": {
        "type": "Point",
        "coordinates": [
          115.2283816,
          -8.6596758
        ]
      }
    },
    {
      "type": "Feature",
      "properties": {
        "name": "Banjar Eka Sila",
        "category": "attractions",
        "region": "Denpasar City",
        "confidence": 0.87,
        "source_file": "4ZDU3D7D.xlsx, D7RSP2LU.xlsx, F5265UR2.xlsx",
        "address": "86J7+FF4, Dauh Puri Klod, Kec. Denpasar Bar., Kota Denpasar, Bali 80113"
      },
      "geometry": {
        "type": "Point",
        "coordinates": [
          115.2136978,
          -8.668862
        ]
      }
    },
    {
      "type": "Feature",
      "properties": {
        "name": "Banjar Gaduh",
        "category": "community_center",
        "region": "Denpasar City",
        "confidence": 0.9,
        "source_file": "4ZDU3D7D.xlsx, D7RSP2LU.xlsx",
        "address": "Jl. Raya Sesetan No.373, Sesetan, Denpasar Selatan, Kota Denpasar, Bali 80225"
      },
      "geometry": {
        "type": "Point",
        "coordinates": [
          115.2173479,
          -8.689408
        ]
      }
    },
    {
      "type": "Feature",
      "properties": {
        "name": "Banjar Geladag",
        "category": "balai_masyarakat",
        "region": "Denpasar City",
        "confidence": 0.9,
        "source_file": "4ZDU3D7D.xlsx, D7RSP2LU.xlsx, F5265UR2.xlsx",
        "address": "8654+R8G pertokoan banjar geladag, Jl. Pulau Bungin, Pedungan, Denpasar Selatan, Kota Denpasar, Bali 80114"
      },
      "geometry": {
        "type": "Point",
        "coordinates": [
          115.205843,
          -8.6904434
        ]
      }
    },
    {
      "type": "Feature",
      "properties": {
        "name": "Banjar Gelogor",
        "category": "balai_masyarakat",
        "region": "Denpasar City",
        "confidence": 0.9,
        "source_file": "F5265UR2.xlsx",
        "address": "Jl. Bukit Tunggal No.13, Pemecutan, Kec. Denpasar Bar., Kota Denpasar, Bali 80112"
      },
      "geometry": {
        "type": "Point",
        "coordinates": [
          115.2112239,
          -8.6604912
        ]
      }
    },
    {
      "type": "Feature",
      "properties": {
        "name": "Banjar Gemeh",
        "category": "balai_masyarakat",
        "region": "Denpasar City",
        "confidence": 0.9,
        "source_file": "4ZDU3D7D.xlsx, D7RSP2LU.xlsx, F5265UR2.xlsx",
        "address": "86R8+2J2, Jalan Mayjen Sutoyo, Dauh Puri Kangin, Kec. Denpasar Bar., Kota Denpasar, Bali 80232"
      },
      "geometry": {
        "type": "Point",
        "coordinates": [
          115.2165031,
          -8.6599881
        ]
      }
    },
    {
      "type": "Feature",
      "properties": {
        "name": "Banjar Graha Shanti",
        "category": "balai_masyarakat",
        "region": "Denpasar City",
        "confidence": 0.9,
        "source_file": "4ZDU3D7D.xlsx, D7RSP2LU.xlsx, F5265UR2.xlsx",
        "address": "Jl. Gn. Kapur No.31, Tegal Kertha, Kec. Denpasar Bar., Kota Denpasar, Bali 80112"
      },
      "geometry": {
        "type": "Point",
        "coordinates": [
          115.1998437,
          -8.6621962
        ]
      }
    },
    {
      "type": "Feature",
      "properties": {
        "name": "Banjar Gunung",
        "category": "balai_masyarakat",
        "region": "Denpasar City",
        "confidence": 0.9,
        "source_file": "D7RSP2LU.xlsx, QP4FQ600.xlsx, S33E300D.xlsx",
        "address": "Jl. Tunjung Tutur, Banjar gunung, Kec. Denpasar Utara, Kota Denpasar, Bali 80111"
      },
      "geometry": {
        "type": "Point",
        "coordinates": [
          115.2056455,
          -8.6060971
        ]
      }
    },
    {
      "type": "Feature",
      "properties": {
        "name": "Banjar Gunung Pemogan",
        "category": "community_center",
        "region": "Denpasar City",
        "confidence": 0.9,
        "source_file": "4ZDU3D7D.xlsx",
        "address": "855V+FQ5, Gg. Banjar, Pemogan, Denpasar Selatan, Kota Denpasar, Bali 80113"
      },
      "geometry": {
        "type": "Point",
        "coordinates": [
          115.1944898,
          -8.6913694
        ]
      }
    },
    {
      "type": "Feature",
      "properties": {
        "name": "Banjar Hita Bhuana",
        "category": "balai_masyarakat",
        "region": "Denpasar City",
        "confidence": 0.87,
        "source_file": "D7RSP2LU.xlsx",
        "address": "Gg. Merpati No.5-3, Peguyangan, Kec. Denpasar Utara, Kota Denpasar, Bali 80233"
      },
      "geometry": {
        "type": "Point",
        "coordinates": [
          115.2114002,
          -8.6330346
        ]
      }
    },
    {
      "type": "Feature",
      "properties": {
        "name": "Banjar Jaba Jati",
        "category": "balai_masyarakat",
        "region": "Denpasar City",
        "confidence": 0.9,
        "source_file": "4ZDU3D7D.xlsx",
        "address": "Jl. Raya Pemogan No.96, Pemogan, Denpasar Selatan, Kota Denpasar, Bali 80221"
      },
      "geometry": {
        "type": "Point",
        "coordinates": [
          115.1974782,
          -8.698788
        ]
      }
    },
    {
      "type": "Feature",
      "properties": {
        "name": "Banjar KERTA PALA",
        "category": "balai_masyarakat",
        "region": "Denpasar City",
        "confidence": 0.9,
        "source_file": "4ZDU3D7D.xlsx, D7RSP2LU.xlsx",
        "address": "97C3+X5C, Penatih Dangin Puri, Kec. Denpasar Tim., Kota Denpasar, Bali 80237"
      },
      "geometry": {
        "type": "Point",
        "coordinates": [
          115.2528812,
          -8.6275648
        ]
      }
    },
    {
      "type": "Feature",
      "properties": {
        "name": "Banjar Kaja",
        "category": "balai_masyarakat",
        "region": "Denpasar City",
        "confidence": 0.9,
        "source_file": "4ZDU3D7D.xlsx, D7RSP2LU.xlsx",
        "address": "Jl. Raya Sesetan No.54, Sesetan, Denpasar Selatan, Kota Denpasar, Bali 80114"
      },
      "geometry": {
        "type": "Point",
        "coordinates": [
          115.2150967,
          -8.6817367
        ]
      }
    },
    {
      "type": "Feature",
      "properties": {
        "name": "Banjar Kaja Desa Pakraman Panjer",
        "category": "kantor_pemda",
        "region": "Denpasar City",
        "confidence": 0.9,
        "source_file": "F5265UR2.xlsx",
        "address": "Jl. Waturenggong No.116, Panjer, Denpasar Selatan, Kota Denpasar, Bali 80234"
      },
      "geometry": {
        "type": "Point",
        "coordinates": [
          115.2217334,
          -8.6783961
        ]
      }
    },
    {
      "type": "Feature",
      "properties": {
        "name": "Banjar Kaja Pedungan",
        "category": "balai_masyarakat",
        "region": "Denpasar City",
        "confidence": 0.9,
        "source_file": "4ZDU3D7D.xlsx, D7RSP2LU.xlsx, F5265UR2.xlsx",
        "address": "Jl. Pulau Kawe No.75, Pedungan, Denpasar Selatan, Kota Denpasar, Bali 80114"
      },
      "geometry": {
        "type": "Point",
        "coordinates": [
          115.2069376,
          -8.683913
        ]
      }
    },
    {
      "type": "Feature",
      "properties": {
        "name": "Banjar Kaja Renon",
        "category": "balai_masyarakat",
        "region": "Denpasar City",
        "confidence": 0.87,
        "source_file": "4ZDU3D7D.xlsx, D7RSP2LU.xlsx",
        "address": "86GW+293, Renon, Denpasar Selatan, Kota Denpasar, Bali 80239"
      },
      "geometry": {
        "type": "Point",
        "coordinates": [
          115.2459323,
          -8.6749764
        ]
      }
    },
    {
      "type": "Feature",
      "properties": {
        "name": "Banjar Kalah",
        "category": "balai_masyarakat",
        "region": "Denpasar City",
        "confidence": 0.87,
        "source_file": "4ZDU3D7D.xlsx, D7RSP2LU.xlsx",
        "address": "Jl. Trengguli No.112, Penatih, Kec. Denpasar Tim., Kota Denpasar, Bali 80237"
      },
      "geometry": {
        "type": "Point",
        "coordinates": [
          115.2410771,
          -8.6251374
        ]
      }
    },
    {
      "type": "Feature",
      "properties": {
        "name": "Banjar Kalanganyar",
        "category": "balai_masyarakat",
        "region": "Denpasar City",
        "confidence": 0.9,
        "source_file": "4ZDU3D7D.xlsx, D7RSP2LU.xlsx",
        "address": "Jl. Kepundung No.69, Dangin Puri Kaja, Kec. Denpasar Utara, Kota Denpasar, Bali 80234"
      },
      "geometry": {
        "type": "Point",
        "coordinates": [
          115.2207959,
          -8.6502128
        ]
      }
    },
    {
      "type": "Feature",
      "properties": {
        "name": "Banjar Karang Suwung",
        "category": "balai_masyarakat",
        "region": "Denpasar City",
        "confidence": 0.9,
        "source_file": "4ZDU3D7D.xlsx, D7RSP2LU.xlsx, F5265UR2.xlsx",
        "address": "Jl. Pulau Saelus No.82, Pedungan, Denpasar Selatan, Kota Denpasar, Bali 80114"
      },
      "geometry": {
        "type": "Point",
        "coordinates": [
          115.2101978,
          -8.6854709
        ]
      }
    },
    {
      "type": "Feature",
      "properties": {
        "name": "Banjar Karya Dharma",
        "category": "community_center",
        "region": "Denpasar City",
        "confidence": 0.9,
        "source_file": "4ZDU3D7D.xlsx, D7RSP2LU.xlsx",
        "address": "Jl. Gurita I No.9, Sesetan, Denpasar Selatan, Kota Denpasar, Bali 80223"
      },
      "geometry": {
        "type": "Point",
        "coordinates": [
          115.2189492,
          -8.7034537
        ]
      }
    },
    {
      "type": "Feature",
      "properties": {
        "name": "Banjar Kebonkuri Kelod Kesiman",
        "category": "balai_masyarakat",
        "region": "Denpasar City",
        "confidence": 0.9,
        "source_file": "4ZDU3D7D.xlsx, D7RSP2LU.xlsx",
        "address": "86WW+PPQ, Jl. Sedap Malam, Sumerta Kelod, Kec. Denpasar Tim., Kota Denpasar, Bali 80237"
      },
      "geometry": {
        "type": "Point",
        "coordinates": [
          115.2468492,
          -8.6531634
        ]
      }
    },
    {
      "type": "Feature",
      "properties": {
        "name": "Banjar Kebonkuri Mangku",
        "category": "balai_masyarakat",
        "region": "Denpasar City",
        "confidence": 0.87,
        "source_file": "4ZDU3D7D.xlsx, D7RSP2LU.xlsx",
        "address": "86WW+W55, 86WW+W66Jl. Sedap Malam, IISumerta, Sumerta Kelod, Kec. Denpasar Tim., Kota Denpasar, Bali 80237"
      },
      "geometry": {
        "type": "Point",
        "coordinates": [
          115.2454937,
          -8.6527252
        ]
      }
    },
    {
      "type": "Feature",
      "properties": {
        "name": "Banjar Kebonkuri Tengah Kesiman",
        "category": "balai_masyarakat",
        "region": "Denpasar City",
        "confidence": 0.9,
        "source_file": "4ZDU3D7D.xlsx, D7RSP2LU.xlsx",
        "address": "Jl. Sedap Malam Gg. Teratai No.56, Kesiman, Kec. Denpasar Tim., Kota Denpasar, Bali 80237"
      },
      "geometry": {
        "type": "Point",
        "coordinates": [
          115.2458527,
          -8.6509855
        ]
      }
    },
    {
      "type": "Feature",
      "properties": {
        "name": "Banjar Kedaton, Kesiman",
        "category": "balai_masyarakat",
        "region": "Denpasar City",
        "confidence": 0.9,
        "source_file": "4ZDU3D7D.xlsx, D7RSP2LU.xlsx",
        "address": "Jl. WR Supratman, Kesiman Petilan, Kec. Denpasar Tim., Kota Denpasar, Bali 80237"
      },
      "geometry": {
        "type": "Point",
        "coordinates": [
          115.2440033,
          -8.6465339
        ]
      }
    },
    {
      "type": "Feature",
      "properties": {
        "name": "Banjar Kedaton, Sumerta",
        "category": "balai_masyarakat",
        "region": "Denpasar City",
        "confidence": 0.9,
        "source_file": "4ZDU3D7D.xlsx, D7RSP2LU.xlsx, F5265UR2.xlsx",
        "address": "86VM+742, Panjer, Denpasar Selatan, Kota Denpasar, Bali 80236"
      },
      "geometry": {
        "type": "Point",
        "coordinates": [
          115.2327526,
          -8.6568725
        ]
      }
    },
    {
      "type": "Feature",
      "properties": {
        "name": "Banjar Kedaton, Tonja",
        "category": "balai_masyarakat",
        "region": "Denpasar City",
        "confidence": 0.87,
        "source_file": "4ZDU3D7D.xlsx, D7RSP2LU.xlsx",
        "address": "Jl. Seroja No.26, Tonja, Kec. Denpasar Utara, Kota Denpasar, Bali 80235"
      },
      "geometry": {
        "type": "Point",
        "coordinates": [
          115.2285845,
          -8.6319564
        ]
      }
    },
    {
      "type": "Feature",
      "properties": {
        "name": "Banjar Kelandis",
        "category": "balai_masyarakat",
        "region": "Denpasar City",
        "confidence": 0.9,
        "source_file": "D7RSP2LU.xlsx, F5265UR2.xlsx",
        "address": "Jl. Hayam Wuruk No.Ds, Sumerta Kauh, Kec. Denpasar Tim., Kota Denpasar, Bali 80236"
      },
      "geometry": {
        "type": "Point",
        "coordinates": [
          115.2265017,
          -8.6572187
        ]
      }
    },
    {
      "type": "Feature",
      "properties": {
        "name": "Banjar Kelod Kelurahan Renon",
        "category": "balai_masyarakat",
        "region": "Denpasar City",
        "confidence": 0.87,
        "source_file": "4ZDU3D7D.xlsx, D7RSP2LU.xlsx",
        "address": "Jl. Tukad Balian No.42, Renon, Denpasar Selatan, Kota Denpasar, Bali 80234"
      },
      "geometry": {
        "type": "Point",
        "coordinates": [
          115.2419319,
          -8.6822924
        ]
      }
    },
    {
      "type": "Feature",
      "properties": {
        "name": "Banjar Kepisah",
        "category": "community_center",
        "region": "Denpasar City",
        "confidence": 0.9,
        "source_file": "4ZDU3D7D.xlsx, D7RSP2LU.xlsx",
        "address": "86VP+5G5, Sumerta Kelod, Kec. Denpasar Tim., Kota Denpasar, Bali 80239"
      },
      "geometry": {
        "type": "Point",
        "coordinates": [
          115.2363692,
          -8.6571238
        ]
      }
    },
    {
      "type": "Feature",
      "properties": {
        "name": "Banjar Kereneng",
        "category": "balai_masyarakat",
        "region": "Denpasar City",
        "confidence": 0.87,
        "source_file": "4ZDU3D7D.xlsx, D7RSP2LU.xlsx, F5265UR2.xlsx",
        "address": "Jl. Anggrek No.14, Dangin Puri Kangin, Kec. Denpasar Utara, Kota Denpasar, Bali 80236"
      },
      "geometry": {
        "type": "Point",
        "coordinates": [
          115.2243244,
          -8.6548566
        ]
      }
    },
    {
      "type": "Feature",
      "properties": {
        "name": "Banjar Kereneng Kaja",
        "category": "balai_masyarakat",
        "region": "Denpasar City",
        "confidence": 0.87,
        "source_file": "D7RSP2LU.xlsx",
        "address": "Jl. Teratai No.21, Dangin Puri Kangin, Kec. Denpasar Utara, Kota Denpasar, Bali 80234"
      },
      "geometry": {
        "type": "Point",
        "coordinates": [
          115.2218105,
          -8.6507699
        ]
      }
    },
    {
      "type": "Feature",
      "properties": {
        "name": "Banjar Kertapura Kesiman",
        "category": "balai_masyarakat",
        "region": "Denpasar City",
        "confidence": 0.87,
        "source_file": "4ZDU3D7D.xlsx, D7RSP2LU.xlsx",
        "address": "9732+47M, Jl. Soka, Kesiman Kertalangu, Kec. Denpasar Tim., Kota Denpasar, Bali 80237"
      },
      "geometry": {
        "type": "Point",
        "coordinates": [
          115.250666,
          -8.6471589
        ]
      }
    },
    {
      "type": "Feature",
      "properties": {
        "name": "Banjar Kertha Bhuwana",
        "category": "balai_masyarakat",
        "region": "Denpasar City",
        "confidence": 0.87,
        "source_file": "4ZDU3D7D.xlsx, D7RSP2LU.xlsx",
        "address": "Jl. Trijata No.9, Dangin Puri Kangin, Kec. Denpasar Utara, Kota Denpasar, Bali 80234"
      },
      "geometry": {
        "type": "Point",
        "coordinates": [
          115.2235734,
          -8.6476127
        ]
      }
    },
    {
      "type": "Feature",
      "properties": {
        "name": "Banjar Kertha Bhuwana Kaja",
        "category": "balai_masyarakat",
        "region": "Denpasar City",
        "confidence": 0.87,
        "source_file": "D7RSP2LU.xlsx",
        "address": "965F+F3H, Jl. Sandat, Dangin Puri Kangin, Kec. Denpasar Utara, Kota Denpasar, Bali 80234"
      },
      "geometry": {
        "type": "Point",
        "coordinates": [
          115.222765,
          -8.6412614
        ]
      }
    },
    {
      "type": "Feature",
      "properties": {
        "name": "Banjar Kertha Jati",
        "category": "balai_masyarakat",
        "region": "Denpasar City",
        "confidence": 0.87,
        "source_file": "4ZDU3D7D.xlsx, D7RSP2LU.xlsx",
        "address": "Gg. Yamuna IV No.32, Pemecutan Kaja, Kec. Denpasar Utara, Kota Denpasar, Bali 80111"
      },
      "geometry": {
        "type": "Point",
        "coordinates": [
          115.1993473,
          -8.650032
        ]
      }
    },
    {
      "type": "Feature",
      "properties": {
        "name": "Banjar Kertha Pura",
        "category": "balai_masyarakat",
        "region": "Denpasar City",
        "confidence": 0.84,
        "source_file": "4ZDU3D7D.xlsx",
        "address": "Jl. Gn. Agung No.129, Pemecutan Kaja, Kec. Denpasar Utara, Kota Denpasar, Bali 80111"
      },
      "geometry": {
        "type": "Point",
        "coordinates": [
          115.2001242,
          -8.6522813
        ]
      }
    },
    {
      "type": "Feature",
      "properties": {
        "name": "Banjar Kuningan Kesiman",
        "category": "balai_masyarakat",
        "region": "Denpasar City",
        "confidence": 0.87,
        "source_file": "4ZDU3D7D.xlsx, D7RSP2LU.xlsx",
        "address": "Gg. IV No.12, Kesiman Petilan, Kec. Denpasar Tim., Kota Denpasar, Bali 80237"
      },
      "geometry": {
        "type": "Point",
        "coordinates": [
          115.2398125,
          -8.6432768
        ]
      }
    },
    {
      "type": "Feature",
      "properties": {
        "name": "Banjar Lebah",
        "category": "community_center",
        "region": "Denpasar City",
        "confidence": 0.9,
        "source_file": "4ZDU3D7D.xlsx, D7RSP2LU.xlsx, F5265UR2.xlsx",
        "address": "86WH+2RP, Jl. Kecubung, Sumerta Kaja, Kec. Denpasar Tim., Kota Denpasar, Bali 80236"
      },
      "geometry": {
        "type": "Point",
        "coordinates": [
          115.229568,
          -8.6549007
        ]
      }
    },
    {
      "type": "Feature",
      "properties": {
        "name": "Banjar Lelangon",
        "category": "community_center",
        "region": "Denpasar City",
        "confidence": 0.87,
        "source_file": "D7RSP2LU.xlsx",
        "address": "Jl. Arjuna No.9-27, Dauh Puri Kaja, Kec. Denpasar Utara, Kota Denpasar, Bali 80232"
      },
      "geometry": {
        "type": "Point",
        "coordinates": [
          115.2152062,
          -8.6546009
        ]
      }
    },
    {
      "type": "Feature",
      "properties": {
        "name": "Banjar Lepang Desa Adat Kerobokan",
        "category": "balai_masyarakat",
        "region": "Denpasar City",
        "confidence": 0.87,
        "source_file": "S33E300D.xlsx",
        "address": "956P+J58, Jl. Kebo Iwa Selatan, Padangsambian Kaja, Kec. Denpasar Bar., Kota Denpasar, Bali 80117"
      },
      "geometry": {
        "type": "Point",
        "coordinates": [
          115.1854491,
          -8.6384675
        ]
      }
    },
    {
      "type": "Feature",
      "properties": {
        "name": "Banjar Lumintang",
        "category": "balai_masyarakat",
        "region": "Denpasar City",
        "confidence": 0.9,
        "source_file": "4ZDU3D7D.xlsx, D7RSP2LU.xlsx, F5265UR2.xlsx",
        "address": "9656+CW7, Dauh Puri Kaja, Kec. Denpasar Utara, Kota Denpasar, Bali 80231"
      },
      "geometry": {
        "type": "Point",
        "coordinates": [
          115.2123072,
          -8.6414746
        ]
      }
    },
    {
      "type": "Feature",
      "properties": {
        "name": "Banjar Manut Negara",
        "category": "balai_masyarakat",
        "region": "Denpasar City",
        "confidence": 0.84,
        "source_file": "4ZDU3D7D.xlsx",
        "address": "Gg. IV No.15, Tegal Kertha, Kec. Denpasar Bar., Kota Denpasar, Bali 80112"
      },
      "geometry": {
        "type": "Point",
        "coordinates": [
          115.1997987,
          -8.6589946
        ]
      }
    },
    {
      "type": "Feature",
      "properties": {
        "name": "Banjar Margajati",
        "category": "community_center",
        "region": "Denpasar City",
        "confidence": 0.87,
        "source_file": "D7RSP2LU.xlsx",
        "address": "Jl. Cokroaminoto No.78A, Pemecutan Kaja, Kec. Denpasar Utara, Kota Denpasar, Bali 80111"
      },
      "geometry": {
        "type": "Point",
        "coordinates": [
          115.2085671,
          -8.6399677
        ]
      }
    },
    {
      "type": "Feature",
      "properties": {
        "name": "Banjar Margaya",
        "category": "balai_masyarakat",
        "region": "Denpasar City",
        "confidence": 0.9,
        "source_file": "4ZDU3D7D.xlsx, D7RSP2LU.xlsx, F5265UR2.xlsx",
        "address": "75XM+CCG, Jl. Marga Puri Ayu, Pemecutan Klod, Kec. Denpasar Bar., Kota Denpasar, Bali 80119"
      },
      "geometry": {
        "type": "Point",
        "coordinates": [
          115.1835689,
          -8.701441
        ]
      }
    },
    {
      "type": "Feature",
      "properties": {
        "name": "Banjar Medura Intaran",
        "category": "balai_masyarakat",
        "region": "Denpasar City",
        "confidence": 0.87,
        "source_file": "4ZDU3D7D.xlsx, D7RSP2LU.xlsx",
        "address": "Jl. Batur Sari No.10, Sanur Kauh, Denpasar Selatan, Kota Denpasar, Bali 80227"
      },
      "geometry": {
        "type": "Point",
        "coordinates": [
          115.2519294,
          -8.6852377
        ]
      }
    },
    {
      "type": "Feature",
      "properties": {
        "name": "Banjar Mekar Buana",
        "category": "balai_masyarakat",
        "region": "Denpasar City",
        "confidence": 0.84,
        "source_file": "4ZDU3D7D.xlsx",
        "address": "Jl. Gunung Gede No.21, Padangsambian, Denpasar Barat, Denpasar City, Bali 80117"
      },
      "geometry": {
        "type": "Point",
        "coordinates": [
          115.191978,
          -8.6626599
        ]
      }
    },
    {
      "type": "Feature",
      "properties": {
        "name": "Banjar Mekar Jaya",
        "category": "balai_masyarakat",
        "region": "Denpasar City",
        "confidence": 0.9,
        "source_file": "4ZDU3D7D.xlsx, D7RSP2LU.xlsx",
        "address": "Jl. Mekar II Blk. I No.2A, Pemogan, Denpasar Selatan, Kota Denpasar, Bali 80222"
      },
      "geometry": {
        "type": "Point",
        "coordinates": [
          115.205408,
          -8.7067615
        ]
      }
    },
    {
      "type": "Feature",
      "properties": {
        "name": "Banjar Mekar Manis",
        "category": "balai_masyarakat",
        "region": "Denpasar City",
        "confidence": 0.9,
        "source_file": "D7RSP2LU.xlsx",
        "address": "9634+G3G, Jl. Bung Tomo X, Pemecutan Kaja, Kec. Denpasar Utara, Kota Denpasar, Bali 80111"
      },
      "geometry": {
        "type": "Point",
        "coordinates": [
          115.2052137,
          -8.6461916
        ]
      }
    },
    {
      "type": "Feature",
      "properties": {
        "name": "Banjar Menesa",
        "category": "balai_masyarakat",
        "region": "Denpasar City",
        "confidence": 0.9,
        "source_file": "QP4FQ600.xlsx",
        "address": "C668+4Q5, Jl. Antasura, Peguyangan Kangin, Kec. Denpasar Utara, Kota Denpasar, Bali 80238"
      },
      "geometry": {
        "type": "Point",
        "coordinates": [
          115.2170603,
          -8.5896904
        ]
      }
    },
    {
      "type": "Feature",
      "properties": {
        "name": "Banjar Meranggi",
        "category": "balai_masyarakat",
        "region": "Denpasar City",
        "confidence": 0.9,
        "source_file": "4ZDU3D7D.xlsx, D7RSP2LU.xlsx",
        "address": "Jl. Noja II No.42-40, Kesiman Petilan, Kec. Denpasar Tim., Kota Denpasar, Bali 80237"
      },
      "geometry": {
        "type": "Point",
        "coordinates": [
          115.2379587,
          -8.6394523
        ]
      }
    },
    {
      "type": "Feature",
      "properties": {
        "name": "Banjar Merta Jaya",
        "category": "balai_masyarakat",
        "region": "Denpasar City",
        "confidence": 0.87,
        "source_file": "4ZDU3D7D.xlsx, D7RSP2LU.xlsx, F5265UR2.xlsx",
        "address": "Jl. Mertajaya No.20, Pemecutan, Kec. Denpasar Bar., Kota Denpasar, Bali 80111"
      },
      "geometry": {
        "type": "Point",
        "coordinates": [
          115.2023165,
          -8.6545953
        ]
      }
    },
    {
      "type": "Feature",
      "properties": {
        "name": "Banjar Merta Rauh",
        "category": "balai_masyarakat",
        "region": "Denpasar City",
        "confidence": 0.87,
        "source_file": "4ZDU3D7D.xlsx, D7RSP2LU.xlsx",
        "address": "Jl. Trijata II No.10, Tonja, Kec. Denpasar Utara, Kota Denpasar, Bali 80234"
      },
      "geometry": {
        "type": "Point",
        "coordinates": [
          115.2251059,
          -8.6439375
        ]
      }
    },
    {
      "type": "Feature",
      "properties": {
        "name": "Banjar Merta Rauh Kaja",
        "category": "balai_masyarakat",
        "region": "Denpasar City",
        "confidence": 0.87,
        "source_file": "4ZDU3D7D.xlsx, D7RSP2LU.xlsx",
        "address": "Jl. Wijaya Kusuma No.30, Dangin Puri Kangin, Kec. Denpasar Utara, Kota Denpasar, Bali 80234"
      },
      "geometry": {
        "type": "Point",
        "coordinates": [
          115.2257634,
          -8.6396021
        ]
      }
    },
    {
      "type": "Feature",
      "properties": {
        "name": "Banjar Mertha Buana Padangsambian",
        "category": "balai_masyarakat",
        "region": "Denpasar City",
        "confidence": 0.87,
        "source_file": "4ZDU3D7D.xlsx, F5265UR2.xlsx",
        "address": "Jl. Mahendradatta No.89, Padangsambian, Kec. Denpasar Bar., Kota Denpasar, Bali 80119"
      },
      "geometry": {
        "type": "Point",
        "coordinates": [
          115.1894436,
          -8.6678119
        ]
      }
    },
    {
      "type": "Feature",
      "properties": {
        "name": "Banjar Pabean Kesiman",
        "category": "balai_masyarakat",
        "region": "Denpasar City",
        "confidence": 0.87,
        "source_file": "4ZDU3D7D.xlsx, D7RSP2LU.xlsx",
        "address": "962Q+632, Jl. WR Supratman, Sumerta Kelod, Kec. Denpasar Tim., Kota Denpasar, Bali 80235"
      },
      "geometry": {
        "type": "Point",
        "coordinates": [
          115.2376345,
          -8.6494835
        ]
      }
    },
    {
      "type": "Feature",
      "properties": {
        "name": "Banjar Pagan Kaja",
        "category": "balai_masyarakat",
        "region": "Denpasar City",
        "confidence": 0.87,
        "source_file": "4ZDU3D7D.xlsx, D7RSP2LU.xlsx",
        "address": "962G+9W8, Jalan Ratna, Sumerta Kauh, Denpasar Timur, Sumerta Kauh, Denpasar, Kota Denpasar, Bali 80236"
      },
      "geometry": {
        "type": "Point",
        "coordinates": [
          115.2273338,
          -8.6490779
        ]
      }
    },
    {
      "type": "Feature",
      "properties": {
        "name": "Banjar Pagutan",
        "category": "community_center",
        "region": "Denpasar City",
        "confidence": 0.9,
        "source_file": "S33E300D.xlsx",
        "address": "959M+88F, Banjar Pagutan, Padangsambian Kaja, Denpasar Barat, Denpasar City, Bali 80117"
      },
      "geometry": {
        "type": "Point",
        "coordinates": [
          115.1832912,
          -8.6316962
        ]
      }
    },
    {
      "type": "Feature",
      "properties": {
        "name": "Banjar Panca Kertha \u1b29\u1b1c\u1b44\u1b1a\u1b03\u1b27\u1b1c\u1b44\u1b18\u1b13\u1b3e\u1b03\u1b23",
        "category": "balai_masyarakat",
        "region": "Denpasar City",
        "confidence": 0.9,
        "source_file": "4ZDU3D7D.xlsx, F5265UR2.xlsx",
        "address": "Gg. Gn. Bromo VII, Tegal Kertha, Kec. Denpasar Bar., Kota Denpasar, Bali 80119"
      },
      "geometry": {
        "type": "Point",
        "coordinates": [
          115.1970007,
          -8.663174
        ]
      }
    },
    {
      "type": "Feature",
      "properties": {
        "name": "Banjar Pande Desa Adat Sumerta",
        "category": "balai_masyarakat",
        "region": "Denpasar City",
        "confidence": 0.9,
        "source_file": "4ZDU3D7D.xlsx, D7RSP2LU.xlsx",
        "address": "Jl. Kecubung No.24, Sumerta Kaja, Kec. Denpasar Tim., Kota Denpasar, Bali 80236"
      },
      "geometry": {
        "type": "Point",
        "coordinates": [
          115.2296919,
          -8.6511525
        ]
      }
    },
    {
      "type": "Feature",
      "properties": {
        "name": "Banjar Pande Pedungan",
        "category": "balai_masyarakat",
        "region": "Denpasar City",
        "confidence": 0.9,
        "source_file": "4ZDU3D7D.xlsx, D7RSP2LU.xlsx, F5265UR2.xlsx",
        "address": "Jl. Pulau Saelus No.80, Pedungan, Denpasar Selatan, Kota Denpasar, Bali 80114"
      },
      "geometry": {
        "type": "Point",
        "coordinates": [
          115.2083129,
          -8.6848738
        ]
      }
    },
    {
      "type": "Feature",
      "properties": {
        "name": "Banjar Pande, Desa Adat Renon",
        "category": "community_center",
        "region": "Denpasar City",
        "confidence": 0.9,
        "source_file": "4ZDU3D7D.xlsx, D7RSP2LU.xlsx",
        "address": "86CW+J2Q, Renon, Denpasar Selatan, Kota Denpasar, Bali 80239"
      },
      "geometry": {
        "type": "Point",
        "coordinates": [
          115.2450998,
          -8.6784012
        ]
      }
    },
    {
      "type": "Feature",
      "properties": {
        "name": "Banjar Panti Sari Pemogan",
        "category": "balai_masyarakat",
        "region": "Denpasar City",
        "confidence": 0.87,
        "source_file": "4ZDU3D7D.xlsx, D7RSP2LU.xlsx, F5265UR2.xlsx",
        "address": "Jl. Raya Pemogan No.2x, Pemogan, Denpasar Selatan, Kota Denpasar, Bali 80221"
      },
      "geometry": {
        "type": "Point",
        "coordinates": [
          115.1986912,
          -8.6904067
        ]
      }
    },
    {
      "type": "Feature",
      "properties": {
        "name": "Banjar Panti Sari, Desa Pakraman Denpasar",
        "category": "balai_masyarakat",
        "region": "Denpasar City",
        "confidence": 0.87,
        "source_file": "4ZDU3D7D.xlsx, F5265UR2.xlsx",
        "address": "Jl. Gambuh No.3, Pemecutan Kaja, Kec. Denpasar Utara, Kota Denpasar, Bali 80231"
      },
      "geometry": {
        "type": "Point",
        "coordinates": [
          115.2094536,
          -8.6521309
        ]
      }
    },
    {
      "type": "Feature",
      "properties": {
        "name": "Banjar Pegok",
        "category": "community_center",
        "region": "Denpasar City",
        "confidence": 0.9,
        "source_file": "4ZDU3D7D.xlsx, D7RSP2LU.xlsx",
        "address": "Sesetan, Denpasar Selatan, Kota Denpasar, Bali 80223"
      },
      "geometry": {
        "type": "Point",
        "coordinates": [
          115.2195608,
          -8.700745
        ]
      }
    },
    {
      "type": "Feature",
      "properties": {
        "name": "Banjar Pekambingan",
        "category": "community_center",
        "region": "Denpasar City",
        "confidence": 0.87,
        "source_file": "D7RSP2LU.xlsx, F5265UR2.xlsx",
        "address": "Jl. Pulau Buru III No.4, Dauh Puri, Kec. Denpasar Bar., Kota Denpasar, Bali 80232"
      },
      "geometry": {
        "type": "Point",
        "coordinates": [
          115.2137378,
          -8.6628984
        ]
      }
    },
    {
      "type": "Feature",
      "properties": {
        "name": "Banjar Pekandelan, Desa Pemecutan Kelod",
        "category": "balai_masyarakat",
        "region": "Denpasar City",
        "confidence": 0.9,
        "source_file": "4ZDU3D7D.xlsx, D7RSP2LU.xlsx, F5265UR2.xlsx",
        "address": "Jl. Imam Bonjol No.310, Pemecutan Klod, Kec. Denpasar Bar., Kota Denpasar, Bali 80119"
      },
      "geometry": {
        "type": "Point",
        "coordinates": [
          115.1938624,
          -8.6856957
        ]
      }
    },
    {
      "type": "Feature",
      "properties": {
        "name": "Banjar Peken Desa Adat Renon",
        "category": "balai_masyarakat",
        "region": "Denpasar City",
        "confidence": 0.9,
        "source_file": "4ZDU3D7D.xlsx, D7RSP2LU.xlsx, F5265UR2.xlsx",
        "address": "Jl. Tukad Balian No.52, Renon, Denpasar Selatan, Kota Denpasar, Bali 80227"
      },
      "geometry": {
        "type": "Point",
        "coordinates": [
          115.2422086,
          -8.677969
        ]
      }
    },
    {
      "type": "Feature",
      "properties": {
        "name": "Banjar Peken Desa Adat Sumerta",
        "category": "balai_masyarakat",
        "region": "Denpasar City",
        "confidence": 0.9,
        "source_file": "4ZDU3D7D.xlsx, D7RSP2LU.xlsx",
        "address": "Jl. Kenyeri No.3, Sumerta Kaja, Kec. Denpasar Tim., Kota Denpasar, Bali 80236"
      },
      "geometry": {
        "type": "Point",
        "coordinates": [
          115.2297184,
          -8.6485949
        ]
      }
    },
    {
      "type": "Feature",
      "properties": {
        "name": "Banjar Pelagan Penatih",
        "category": "balai_masyarakat",
        "region": "Denpasar City",
        "confidence": 0.9,
        "source_file": "QP4FQ600.xlsx",
        "address": "Jl. Trenggana No.132, Penatih, Kec. Denpasar Tim., Kota Denpasar, Bali 80238"
      },
      "geometry": {
        "type": "Point",
        "coordinates": [
          115.2352081,
          -8.6023664
        ]
      }
    },
    {
      "type": "Feature",
      "properties": {
        "name": "Banjar Pemangkalan",
        "category": "balai_masyarakat",
        "region": "Denpasar City",
        "confidence": 0.9,
        "source_file": "4ZDU3D7D.xlsx, D7RSP2LU.xlsx, F5265UR2.xlsx, S33E300D.xlsx",
        "address": "Jl. Cokroaminoto No.344, Ubung Kaja, Kec. Denpasar Utara, Kota Denpasar, Bali 80115"
      },
      "geometry": {
        "type": "Point",
        "coordinates": [
          115.2000582,
          -8.6237225
        ]
      }
    },
    {
      "type": "Feature",
      "properties": {
        "name": "Banjar Pembungan",
        "category": "balai_masyarakat",
        "region": "Denpasar City",
        "confidence": 0.9,
        "source_file": "4ZDU3D7D.xlsx, D7RSP2LU.xlsx, F5265UR2.xlsx",
        "address": "Jl. Pulau Saelus No.37, Sesetan, Denpasar Selatan, Kota Denpasar, Bali 80114"
      },
      "geometry": {
        "type": "Point",
        "coordinates": [
          115.2120967,
          -8.6852188
        ]
      }
    },
    {
      "type": "Feature",
      "properties": {
        "name": "Banjar Pemedilan",
        "category": "community_center",
        "region": "Denpasar City",
        "confidence": 0.9,
        "source_file": "4ZDU3D7D.xlsx, D7RSP2LU.xlsx, F5265UR2.xlsx",
        "address": "Jl. Gn. Batur No.34, Pemecutan, Kec. Denpasar Bar., Kota Denpasar, Bali 80112"
      },
      "geometry": {
        "type": "Point",
        "coordinates": [
          115.2082744,
          -8.6582224
        ]
      }
    },
    {
      "type": "Feature",
      "properties": {
        "name": "Banjar Pemeregan",
        "category": "balai_masyarakat",
        "region": "Denpasar City",
        "confidence": 0.9,
        "source_file": "D7RSP2LU.xlsx",
        "address": "Jl. Gunung Kawi No.55, Pemecutan, Kec. Denpasar Bar., Kota Denpasar, Bali 80231"
      },
      "geometry": {
        "type": "Point",
        "coordinates": [
          115.211417,
          -8.6572215
        ]
      }
    },
    {
      "type": "Feature",
      "properties": {
        "name": "Banjar Pemogan Kaja",
        "category": "balai_masyarakat",
        "region": "Denpasar City",
        "confidence": 0.9,
        "source_file": "4ZDU3D7D.xlsx, D7RSP2LU.xlsx, F5265UR2.xlsx",
        "address": "Pemogan, Denpasar Selatan, Kota Denpasar, Bali 80221"
      },
      "geometry": {
        "type": "Point",
        "coordinates": [
          115.1994533,
          -8.6887853
        ]
      }
    },
    {
      "type": "Feature",
      "properties": {
        "name": "Banjar Pengiasan",
        "category": "balai_masyarakat",
        "region": "Denpasar City",
        "confidence": 0.9,
        "source_file": "4ZDU3D7D.xlsx, D7RSP2LU.xlsx, F5265UR2.xlsx",
        "address": "86J5+GC7, Jl. Nusa Kambangan, Dauh Puri Kauh, Kec. Denpasar Bar., Kota Denpasar, Bali 80113"
      },
      "geometry": {
        "type": "Point",
        "coordinates": [
          115.2085414,
          -8.6687133
        ]
      }
    },
    {
      "type": "Feature",
      "properties": {
        "name": "Banjar Penyaitan",
        "category": "balai_masyarakat",
        "region": "Denpasar City",
        "confidence": 0.87,
        "source_file": "4ZDU3D7D.xlsx, D7RSP2LU.xlsx, F5265UR2.xlsx",
        "address": "Jl. Gn. Batur No.82, Pemecutan, Kec. Denpasar Bar., Kota Denpasar, Bali 80111"
      },
      "geometry": {
        "type": "Point",
        "coordinates": [
          115.204415,
          -8.6575472
        ]
      }
    },
    {
      "type": "Feature",
      "properties": {
        "name": "Banjar Pesanggaran",
        "category": "balai_masyarakat",
        "region": "Denpasar City",
        "confidence": 0.9,
        "source_file": "4ZDU3D7D.xlsx, D7RSP2LU.xlsx, F5265UR2.xlsx",
        "address": "76M8+54R, Jl. Diponegoro, Pedungan, Denpasar Selatan, Kota Denpasar, Bali 80222"
      },
      "geometry": {
        "type": "Point",
        "coordinates": [
          115.215279,
          -8.717008
        ]
      }
    },
    {
      "type": "Feature",
      "properties": {
        "name": "Banjar Praja Sari",
        "category": "balai_masyarakat",
        "region": "Denpasar City",
        "confidence": 0.87,
        "source_file": "D7RSP2LU.xlsx",
        "address": "Jl. Bedahulu II No.9, Tonja, Kec. Denpasar Utara, Kota Denpasar, Bali 80233"
      },
      "geometry": {
        "type": "Point",
        "coordinates": [
          115.2175169,
          -8.6350533
        ]
      }
    },
    {
      "type": "Feature",
      "properties": {
        "name": "Banjar Puri Agung Sesetan",
        "category": "balai_masyarakat",
        "region": "Denpasar City",
        "confidence": 0.87,
        "source_file": "4ZDU3D7D.xlsx, D7RSP2LU.xlsx",
        "address": "8649+FF7, Gg. Batur Sari, Sesetan, Denpasar Selatan, Kota Denpasar, Bali 80225"
      },
      "geometry": {
        "type": "Point",
        "coordinates": [
          115.2186428,
          -8.6937209
        ]
      }
    },
    {
      "type": "Feature",
      "properties": {
        "name": "Banjar Purnama Asri",
        "category": "community_center",
        "region": "Denpasar City",
        "confidence": 0.87,
        "source_file": "4ZDU3D7D.xlsx, D7RSP2LU.xlsx",
        "address": "Jl. Dewi Supraba VI No.10A, Peguyangan Kangin, Kec. Denpasar Utara, Kota Denpasar, Bali 80239"
      },
      "geometry": {
        "type": "Point",
        "coordinates": [
          115.2211169,
          -8.6231399
        ]
      }
    },
    {
      "type": "Feature",
      "properties": {
        "name": "Banjar Puseh Kangin Intaran",
        "category": "community_center",
        "region": "Denpasar City",
        "confidence": 0.9,
        "source_file": "4ZDU3D7D.xlsx, D7RSP2LU.xlsx, F5265UR2.xlsx",
        "address": "Jl. Tukad Bilok No.34A, Sanur Kauh, Denpasar Selatan, Kota Denpasar, Bali 80227"
      },
      "geometry": {
        "type": "Point",
        "coordinates": [
          115.2501467,
          -8.6815886
        ]
      }
    },
    {
      "type": "Feature",
      "properties": {
        "name": "Banjar Ratna Bhuwana",
        "category": "balai_masyarakat",
        "region": "Denpasar City",
        "confidence": 0.87,
        "source_file": "4ZDU3D7D.xlsx, D7RSP2LU.xlsx",
        "address": "Jl. Ratna Jl. Ratna Gg. VIII No.Timur, Tonja, Kec. Denpasar Utara, Kota Denpasar, Bali 80234"
      },
      "geometry": {
        "type": "Point",
        "coordinates": [
          115.2271317,
          -8.6461262
        ]
      }
    },
    {
      "type": "Feature",
      "properties": {
        "name": "Banjar Robokan",
        "category": "balai_masyarakat",
        "region": "Denpasar City",
        "confidence": 0.87,
        "source_file": "S33E300D.xlsx",
        "address": "95CP+MJM, Gg. Gn. Raung, Padangsambian Kaja, Kec. Denpasar Bar., Kota Denpasar, Bali 80117"
      },
      "geometry": {
        "type": "Point",
        "coordinates": [
          115.1866182,
          -8.6282905
        ]
      }
    },
    {
      "type": "Feature",
      "properties": {
        "name": "Banjar Saba Penatih",
        "category": "balai_masyarakat",
        "region": "Denpasar City",
        "confidence": 0.9,
        "source_file": "4ZDU3D7D.xlsx, D7RSP2LU.xlsx",
        "address": "Gg. V No.1, Penatih, Kec. Denpasar Tim., Kota Denpasar, Bali 80237"
      },
      "geometry": {
        "type": "Point",
        "coordinates": [
          115.2381877,
          -8.6243889
        ]
      }
    },
    {
      "type": "Feature",
      "properties": {
        "name": "Banjar Sading Sari - Denpasar",
        "category": "community_center",
        "region": "Denpasar City",
        "confidence": 0.87,
        "source_file": "4ZDU3D7D.xlsx, F5265UR2.xlsx",
        "address": "Jl. Imam Bonjol No.295, Pemecutan Klod, Kec. Denpasar Bar., Kota Denpasar, Bali 80119"
      },
      "geometry": {
        "type": "Point",
        "coordinates": [
          115.1951371,
          -8.6844554
        ]
      }
    },
    {
      "type": "Feature",
      "properties": {
        "name": "Banjar Sama Pedungan",
        "category": "balai_masyarakat",
        "region": "Denpasar City",
        "confidence": 0.9,
        "source_file": "4ZDU3D7D.xlsx, D7RSP2LU.xlsx, F5265UR2.xlsx",
        "address": "8664+PF4, Jl. Pulau Bungin, Pedungan, Denpasar Selatan, Kota Denpasar, Bali 80114"
      },
      "geometry": {
        "type": "Point",
        "coordinates": [
          115.2062002,
          -8.6882397
        ]
      }
    },
    {
      "type": "Feature",
      "properties": {
        "name": "Banjar Samping Buni Monang Maning",
        "category": "balai_masyarakat",
        "region": "Denpasar City",
        "confidence": 0.87,
        "source_file": "F5265UR2.xlsx",
        "address": "Jl. Imam Bonjol No.152, Pemecutan Klod, Kec. Denpasar Bar., Kota Denpasar, Bali 80113"
      },
      "geometry": {
        "type": "Point",
        "coordinates": [
          115.203951,
          -8.671779
        ]
      }
    },
    {
      "type": "Feature",
      "properties": {
        "name": "Banjar Sangga Agung",
        "category": "balai_masyarakat",
        "region": "Denpasar City",
        "confidence": 0.87,
        "source_file": "4ZDU3D7D.xlsx, F5265UR2.xlsx",
        "address": "Jl. Gn. Patuha No.130, Tegal Harum, Kec. Denpasar Bar., Kota Denpasar, Bali 80112"
      },
      "geometry": {
        "type": "Point",
        "coordinates": [
          115.199191,
          -8.6667026
        ]
      }
    },
    {
      "type": "Feature",
      "properties": {
        "name": "Banjar Sapta Bumi",
        "category": "community_center",
        "region": "Denpasar City",
        "confidence": 0.9,
        "source_file": "4ZDU3D7D.xlsx, F5265UR2.xlsx",
        "address": "Jl. Gn. Cemara Raya, Tegal Harum, Kec. Denpasar Bar., Kota Denpasar, Bali 80119"
      },
      "geometry": {
        "type": "Point",
        "coordinates": [
          115.1951919,
          -8.665153
        ]
      }
    },
    {
      "type": "Feature",
      "properties": {
        "name": "Banjar Saraswati Kesiman Petilan",
        "category": "balai_masyarakat",
        "region": "Denpasar City",
        "confidence": 0.87,
        "source_file": "4ZDU3D7D.xlsx, D7RSP2LU.xlsx",
        "address": "967M+VRX, Jl. Noja Saraswati, Kesiman Petilan, Kec. Denpasar Tim., Kota Denpasar, Bali 80237"
      },
      "geometry": {
        "type": "Point",
        "coordinates": [
          115.2345979,
          -8.6352681
        ]
      }
    },
    {
      "type": "Feature",
      "properties": {
        "name": "Banjar Sari Sidakarya",
        "category": "balai_masyarakat",
        "region": "Denpasar City",
        "confidence": 0.87,
        "source_file": "4ZDU3D7D.xlsx, D7RSP2LU.xlsx, F5265UR2.xlsx",
        "address": "76XG+XWX, Jl. Bedugul, Sidakarya, Denpasar Selatan, Kota Denpasar, Bali 80224"
      },
      "geometry": {
        "type": "Point",
        "coordinates": [
          115.2273727,
          -8.7000013
        ]
      }
    },
    {
      "type": "Feature",
      "properties": {
        "name": "Banjar Sasih Panjer",
        "category": "balai_masyarakat",
        "region": "Denpasar City",
        "confidence": 0.9,
        "source_file": "4ZDU3D7D.xlsx, D7RSP2LU.xlsx, F5265UR2.xlsx",
        "address": "Jl. Tukad Ijo Gading No.12, Panjer, Denpasar Selatan, Kota Denpasar, Bali 80224"
      },
      "geometry": {
        "type": "Point",
        "coordinates": [
          115.2263951,
          -8.6769846
        ]
      }
    },
    {
      "type": "Feature",
      "properties": {
        "name": "Banjar Sawah Pedungan",
        "category": "balai_masyarakat",
        "region": "Denpasar City",
        "confidence": 0.9,
        "source_file": "F5265UR2.xlsx",
        "address": "8673+9C2, Jl. Pulau Bangka, Pedungan, Denpasar Selatan, Kota Denpasar, Bali 80113"
      },
      "geometry": {
        "type": "Point",
        "coordinates": [
          115.2035046,
          -8.6866101
        ]
      }
    },
    {
      "type": "Feature",
      "properties": {
        "name": "Banjar Sebelanga",
        "category": "community_center",
        "region": "Denpasar City",
        "confidence": 0.9,
        "source_file": "4ZDU3D7D.xlsx, F5265UR2.xlsx",
        "address": "Jl. Pulau Batanta No.69, Dauh Puri Kauh, Kec. Denpasar Bar., Kota Denpasar, Bali 80113"
      },
      "geometry": {
        "type": "Point",
        "coordinates": [
          115.1973343,
          -8.6867616
        ]
      }
    },
    {
      "type": "Feature",
      "properties": {
        "name": "Banjar Sedana Mertha Ubung",
        "category": "balai_masyarakat",
        "region": "Denpasar City",
        "confidence": 0.9,
        "source_file": "D7RSP2LU.xlsx",
        "address": "9684+WJX, Ubung, Kec. Denpasar Utara, Kota Denpasar, Bali 80115"
      },
      "geometry": {
        "type": "Point",
        "coordinates": [
          115.206598,
          -8.6326433
        ]
      }
    },
    {
      "type": "Feature",
      "properties": {
        "name": "Banjar Sekar Kangin Sidakarya",
        "category": "balai_masyarakat",
        "region": "Denpasar City",
        "confidence": 0.9,
        "source_file": "4ZDU3D7D.xlsx, D7RSP2LU.xlsx",
        "address": "Jl. Sidakarya No.92, Sidakarya, Denpasar Selatan, Kota Denpasar, Bali 80224"
      },
      "geometry": {
        "type": "Point",
        "coordinates": [
          115.2315824,
          -8.7017718
        ]
      }
    },
    {
      "type": "Feature",
      "properties": {
        "name": "Banjar Sengguan Tonja",
        "category": "balai_masyarakat",
        "region": "Denpasar City",
        "confidence": 0.9,
        "source_file": "4ZDU3D7D.xlsx, D7RSP2LU.xlsx",
        "address": "Jl. Seroja No.26, Tonja, Kec. Denpasar Utara, Kota Denpasar, Bali 80235"
      },
      "geometry": {
        "type": "Point",
        "coordinates": [
          115.2288617,
          -8.6328351
        ]
      }
    },
    {
      "type": "Feature",
      "properties": {
        "name": "Banjar Sima",
        "category": "balai_masyarakat",
        "region": "Denpasar City",
        "confidence": 0.9,
        "source_file": "4ZDU3D7D.xlsx, D7RSP2LU.xlsx",
        "address": "Jl. Kenyeri No.52b, Sumerta Kaja, Kec. Denpasar Tim., Kota Denpasar, Bali 80236"
      },
      "geometry": {
        "type": "Point",
        "coordinates": [
          115.2300947,
          -8.6443466
        ]
      }
    },
    {
      "type": "Feature",
      "properties": {
        "name": "Banjar Suci",
        "category": "balai_masyarakat",
        "region": "Denpasar City",
        "confidence": 0.87,
        "source_file": "D7RSP2LU.xlsx, F5265UR2.xlsx",
        "address": "Gg. II, Dauh Puri Kangin, Kec. Denpasar Bar., Kota Denpasar, Bali 80112"
      },
      "geometry": {
        "type": "Point",
        "coordinates": [
          115.2141647,
          -8.6596442
        ]
      }
    },
    {
      "type": "Feature",
      "properties": {
        "name": "Banjar Sumuh",
        "category": "community_center",
        "region": "Denpasar City",
        "confidence": 0.9,
        "source_file": "4ZDU3D7D.xlsx, D7RSP2LU.xlsx, F5265UR2.xlsx",
        "address": "86F3+MH9, Jl. Pulau Misol, Dauh Puri Kauh, Kec. Denpasar Bar., Kota Denpasar, Bali 80112"
      },
      "geometry": {
        "type": "Point",
        "coordinates": [
          115.2039794,
          -8.6758365
        ]
      }
    },
    {
      "type": "Feature",
      "properties": {
        "name": "Banjar Suwung Kangin",
        "category": "balai_masyarakat",
        "region": "Denpasar City",
        "confidence": 0.9,
        "source_file": "4ZDU3D7D.xlsx, D7RSP2LU.xlsx",
        "address": "Jl. Mertasari No.141, Sidakarya, Denpasar Selatan, Kota Denpasar, Bali 80224"
      },
      "geometry": {
        "type": "Point",
        "coordinates": [
          115.2350489,
          -8.7050518
        ]
      }
    },
    {
      "type": "Feature",
      "properties": {
        "name": "Banjar TAMPAK GANGSUL",
        "category": "balai_masyarakat",
        "region": "Denpasar City",
        "confidence": 0.9,
        "source_file": "D7RSP2LU.xlsx",
        "address": "Jl. Nakula No.33, Dangin Puri Kauh, Kec. Denpasar Utara, Kota Denpasar, Bali 80232"
      },
      "geometry": {
        "type": "Point",
        "coordinates": [
          115.2156462,
          -8.6512176
        ]
      }
    },
    {
      "type": "Feature",
      "properties": {
        "name": "Banjar Tainsiat",
        "category": "balai_masyarakat",
        "region": "Denpasar City",
        "confidence": 0.9,
        "source_file": "4ZDU3D7D.xlsx, D7RSP2LU.xlsx, F5265UR2.xlsx",
        "address": "9628+CX3, Jl. Patimura, Dangin Puri Kaja, Kec. Denpasar Utara, Kota Denpasar, Bali 80233"
      },
      "geometry": {
        "type": "Point",
        "coordinates": [
          115.2174321,
          -8.6489879
        ]
      }
    },
    {
      "type": "Feature",
      "properties": {
        "name": "Banjar Taman Suci Sesetan",
        "category": "balai_masyarakat",
        "region": "Denpasar City",
        "confidence": 0.84,
        "source_file": "4ZDU3D7D.xlsx, D7RSP2LU.xlsx",
        "address": "Jl. Sidakarya No.27-41, Sesetan, Denpasar Selatan, Kota Denpasar, Bali"
      },
      "geometry": {
        "type": "Point",
        "coordinates": [
          115.222938,
          -8.7007573
        ]
      }
    },
    {
      "type": "Feature",
      "properties": {
        "name": "Banjar Taman Yangbatu",
        "category": "community_center",
        "region": "Denpasar City",
        "confidence": 0.87,
        "source_file": "4ZDU3D7D.xlsx, D7RSP2LU.xlsx, F5265UR2.xlsx",
        "address": "86QF+JW7, Jl. Kapten Japa, Dangin Puri Klod, Kec. Denpasar Tim., Kota Denpasar, Bali 80232"
      },
      "geometry": {
        "type": "Point",
        "coordinates": [
          115.2248008,
          -8.6609638
        ]
      }
    },
    {
      "type": "Feature",
      "properties": {
        "name": "Banjar Tangguntiti Tonja",
        "category": "balai_masyarakat",
        "region": "Denpasar City",
        "confidence": 0.9,
        "source_file": "4ZDU3D7D.xlsx, D7RSP2LU.xlsx",
        "address": "Jl. Nangka Utara No.338, Tonja, Kec. Denpasar Utara, Kota Denpasar, Bali 80235"
      },
      "geometry": {
        "type": "Point",
        "coordinates": [
          115.2236655,
          -8.6253943
        ]
      }
    },
    {
      "type": "Feature",
      "properties": {
        "name": "Banjar Tanjung Bungkak I",
        "category": "balai_masyarakat",
        "region": "Denpasar City",
        "confidence": 0.87,
        "source_file": "4ZDU3D7D.xlsx, D7RSP2LU.xlsx",
        "address": "Jl. Hayam Wuruk No.141, Sumerta Kelod, Kec. Denpasar Tim., Kota Denpasar, Bali 80239"
      },
      "geometry": {
        "type": "Point",
        "coordinates": [
          115.2389079,
          -8.6571332
        ]
      }
    },
    {
      "type": "Feature",
      "properties": {
        "name": "Banjar Tanjung Bungkak Kelod",
        "category": "balai_masyarakat",
        "region": "Denpasar City",
        "confidence": 0.9,
        "source_file": "4ZDU3D7D.xlsx, D7RSP2LU.xlsx",
        "address": "Jl. Pandu No.31, Sumerta Kelod, Kec. Denpasar Tim., Kota Denpasar, Bali 80239"
      },
      "geometry": {
        "type": "Point",
        "coordinates": [
          115.2389871,
          -8.6629025
        ]
      }
    },
    {
      "type": "Feature",
      "properties": {
        "name": "Banjar Tanjung Bungkak kaja",
        "category": "community_center",
        "region": "Denpasar City",
        "confidence": 0.9,
        "source_file": "4ZDU3D7D.xlsx, D7RSP2LU.xlsx",
        "address": "Jl. Pandu No.22a, Sumerta Kelod, Kec. Denpasar Tim., Kota Denpasar, Bali 80239"
      },
      "geometry": {
        "type": "Point",
        "coordinates": [
          115.2384217,
          -8.6606762
        ]
      }
    },
    {
      "type": "Feature",
      "properties": {
        "name": "Banjar Tatasan Kaja",
        "category": "balai_masyarakat",
        "region": "Denpasar City",
        "confidence": 0.9,
        "source_file": "4ZDU3D7D.xlsx, D7RSP2LU.xlsx, F5265UR2.xlsx",
        "address": "Jl. Ratna No.51, Tonja, Kec. Denpasar Utara, Kota Denpasar, Bali 80236"
      },
      "geometry": {
        "type": "Point",
        "coordinates": [
          115.2277751,
          -8.6429118
        ]
      }
    },
    {
      "type": "Feature",
      "properties": {
        "name": "Banjar Tegal Agung",
        "category": "balai_masyarakat",
        "region": "Denpasar City",
        "confidence": 0.9,
        "source_file": "4ZDU3D7D.xlsx, D7RSP2LU.xlsx, F5265UR2.xlsx",
        "address": "Jl. Imam Bonjol No.56, Pemecutan Klod, Kec. Denpasar Bar., Kota Denpasar, Bali 80112"
      },
      "geometry": {
        "type": "Point",
        "coordinates": [
          115.2076232,
          -8.6642878
        ]
      }
    },
    {
      "type": "Feature",
      "properties": {
        "name": "Banjar Tegal Dukuh Anyar",
        "category": "balai_masyarakat",
        "region": "Denpasar City",
        "confidence": 0.9,
        "source_file": "4ZDU3D7D.xlsx, D7RSP2LU.xlsx, F5265UR2.xlsx",
        "address": "86P4+86J, Jl. Gn. Krakatau I, Pemecutan Klod, Kec. Denpasar Bar., Kota Denpasar, Bali 80112"
      },
      "geometry": {
        "type": "Point",
        "coordinates": [
          115.2055194,
          -8.6641597
        ]
      }
    },
    {
      "type": "Feature",
      "properties": {
        "name": "Banjar Tegal Gede",
        "category": "community_center",
        "region": "Denpasar City",
        "confidence": 0.9,
        "source_file": "4ZDU3D7D.xlsx, D7RSP2LU.xlsx, F5265UR2.xlsx",
        "address": "Jl. Imam Bonjol No.91, Pemecutan Klod, Kec. Denpasar Bar., Kota Denpasar, Bali 80112"
      },
      "geometry": {
        "type": "Point",
        "coordinates": [
          115.2075562,
          -8.6647235
        ]
      }
    },
    {
      "type": "Feature",
      "properties": {
        "name": "Banjar Tegal Kawan",
        "category": "community_center",
        "region": "Denpasar City",
        "confidence": 0.9,
        "source_file": "F5265UR2.xlsx",
        "address": "86P4+P2J, Pemecutan Klod, Denpasar Barat, Denpasar City, Bali 80112"
      },
      "geometry": {
        "type": "Point",
        "coordinates": [
          115.2050208,
          -8.6631632
        ]
      }
    },
    {
      "type": "Feature",
      "properties": {
        "name": "Banjar Tegal Langon",
        "category": "community_center",
        "region": "Denpasar City",
        "confidence": 0.9,
        "source_file": "4ZDU3D7D.xlsx, D7RSP2LU.xlsx, F5265UR2.xlsx",
        "address": "Jl. Gn. Krakatau I No.9, Pemecutan Klod, Kec. Denpasar Bar., Kota Denpasar, Bali 80112"
      },
      "geometry": {
        "type": "Point",
        "coordinates": [
          115.2061323,
          -8.6630255
        ]
      }
    },
    {
      "type": "Feature",
      "properties": {
        "name": "Banjar Tegal Wangi",
        "category": "balai_masyarakat",
        "region": "Denpasar City",
        "confidence": 0.87,
        "source_file": "4ZDU3D7D.xlsx, F5265UR2.xlsx",
        "address": "85RX+3C8, Tegal Kertha, Kec. Denpasar Bar., Kota Denpasar, Bali 80112"
      },
      "geometry": {
        "type": "Point",
        "coordinates": [
          115.1985933,
          -8.6598339
        ]
      }
    },
    {
      "type": "Feature",
      "properties": {
        "name": "Banjar Tegalkuwalon",
        "category": "balai_masyarakat",
        "region": "Denpasar City",
        "confidence": 0.87,
        "source_file": "4ZDU3D7D.xlsx, D7RSP2LU.xlsx",
        "address": "Jl. Kenyeri No.53a, Sumerta Kaja, Kec. Denpasar Tim., Kota Denpasar, Bali 80236"
      },
      "geometry": {
        "type": "Point",
        "coordinates": [
          115.2305878,
          -8.6416982
        ]
      }
    },
    {
      "type": "Feature",
      "properties": {
        "name": "Banjar Tegallantang Klod",
        "category": "balai_masyarakat",
        "region": "Denpasar City",
        "confidence": 0.9,
        "source_file": "4ZDU3D7D.xlsx, D7RSP2LU.xlsx, F5265UR2.xlsx, S33E300D.xlsx",
        "address": "Jl. Gunung Salak No.184, Padangsambian Klod, Kec. Denpasar Bar., Kota Denpasar, Bali 80117"
      },
      "geometry": {
        "type": "Point",
        "coordinates": [
          115.1811854,
          -8.6756506
        ]
      }
    },
    {
      "type": "Feature",
      "properties": {
        "name": "Banjar Tegallinggah, Desa Adat Padangsambian",
        "category": "balai_masyarakat",
        "region": "Denpasar City",
        "confidence": 0.87,
        "source_file": "D7RSP2LU.xlsx, S33E300D.xlsx",
        "address": "95JJ+GG2, Padangsambian Kaja, Kec. Denpasar Bar., Kota Denpasar, Bali 80117"
      },
      "geometry": {
        "type": "Point",
        "coordinates": [
          115.1814332,
          -8.6187901
        ]
      }
    },
    {
      "type": "Feature",
      "properties": {
        "name": "Banjar Tegeh Sari Padang Sambian",
        "category": "balai_masyarakat",
        "region": "Denpasar City",
        "confidence": 0.9,
        "source_file": "S33E300D.xlsx",
        "address": "Jl. Tunjung Sari banjar tegeh sari No.22, Padangsambian Kaja, Kec. Denpasar Bar., Kota Denpasar, Bali 80711"
      },
      "geometry": {
        "type": "Point",
        "coordinates": [
          115.182312,
          -8.6414137
        ]
      }
    },
    {
      "type": "Feature",
      "properties": {
        "name": "Banjar Teges Mas Jati",
        "category": "balai_masyarakat",
        "region": "Denpasar City",
        "confidence": 0.87,
        "source_file": "4ZDU3D7D.xlsx",
        "address": "856Q+42C, Gg. Ulun Suwi, Pemecutan Klod, Kec. Denpasar Bar., Kota Denpasar, Bali 80119"
      },
      "geometry": {
        "type": "Point",
        "coordinates": [
          115.1876623,
          -8.6896693
        ]
      }
    },
    {
      "type": "Feature",
      "properties": {
        "name": "Banjar Teges Village Hall",
        "category": "balai_masyarakat",
        "region": "Denpasar City",
        "confidence": 0.9,
        "source_file": "4ZDU3D7D.xlsx, 20F8ADAH.xlsx, D7RSP2LU.xlsx, F5265UR2.xlsx, JQLVN4D2.xlsx, QP4FQ600.xlsx, S33E300D.xlsx",
        "address": "85RJ+6JV, Padangsambian Klod, Kec. Denpasar Bar., Kota Denpasar, Bali 80117"
      },
      "geometry": {
        "type": "Point",
        "coordinates": [
          115.18156,
          -8.6593919
        ]
      }
    },
    {
      "type": "Feature",
      "properties": {
        "name": "Banjar Tembau Kaja",
        "category": "balai_masyarakat",
        "region": "Denpasar City",
        "confidence": 0.9,
        "source_file": "4ZDU3D7D.xlsx, D7RSP2LU.xlsx",
        "address": "Jl. Trengguli No.38, Penatih, Kec. Denpasar Tim., Kota Denpasar, Bali 80237"
      },
      "geometry": {
        "type": "Point",
        "coordinates": [
          115.2414003,
          -8.6309158
        ]
      }
    },
    {
      "type": "Feature",
      "properties": {
        "name": "Banjar Tembau Tengah",
        "category": "balai_masyarakat",
        "region": "Denpasar City",
        "confidence": 0.87,
        "source_file": "4ZDU3D7D.xlsx, D7RSP2LU.xlsx",
        "address": "Jl. Trengguli No.16, Penatih, Kec. Denpasar Tim., Kota Denpasar, Bali 80237"
      },
      "geometry": {
        "type": "Point",
        "coordinates": [
          115.2414919,
          -8.6332617
        ]
      }
    },
    {
      "type": "Feature",
      "properties": {
        "name": "Banjar Tembawu Kelod",
        "category": "balai_masyarakat",
        "region": "Denpasar City",
        "confidence": 0.87,
        "source_file": "4ZDU3D7D.xlsx, D7RSP2LU.xlsx",
        "address": "967R+CM3, Penatih, Kec. Denpasar Tim., Kota Denpasar, Bali 80237"
      },
      "geometry": {
        "type": "Point",
        "coordinates": [
          115.2416663,
          -8.6364878
        ]
      }
    },
    {
      "type": "Feature",
      "properties": {
        "name": "Banjar Tengah",
        "category": "balai_masyarakat",
        "region": "Denpasar City",
        "confidence": 0.87,
        "source_file": "D7RSP2LU.xlsx",
        "address": "Jl. Werkudara No.7a, Dangin Puri Kauh, Kec. Denpasar Utara, Kota Denpasar, Bali 80232"
      },
      "geometry": {
        "type": "Point",
        "coordinates": [
          115.2142839,
          -8.6522946
        ]
      }
    },
    {
      "type": "Feature",
      "properties": {
        "name": "Banjar Tengah Desa Adat Renon",
        "category": "balai_masyarakat",
        "region": "Denpasar City",
        "confidence": 0.87,
        "source_file": "4ZDU3D7D.xlsx, D7RSP2LU.xlsx",
        "address": "869R+XWR, Jl. Tukad Balian, Renon, Denpasar Selatan, Kota Denpasar, Bali 80239"
      },
      "geometry": {
        "type": "Point",
        "coordinates": [
          115.242254,
          -8.680014
        ]
      }
    },
    {
      "type": "Feature",
      "properties": {
        "name": "Banjar Tengah Sidakarya",
        "category": "balai_masyarakat",
        "region": "Denpasar City",
        "confidence": 0.9,
        "source_file": "4ZDU3D7D.xlsx, D7RSP2LU.xlsx",
        "address": "Jl. Dewata No.2, Sidakarya, Denpasar Selatan, Kota Denpasar, Bali 80224"
      },
      "geometry": {
        "type": "Point",
        "coordinates": [
          115.2290821,
          -8.7009409
        ]
      }
    },
    {
      "type": "Feature",
      "properties": {
        "name": "Banjar Tengah Ubung",
        "category": "balai_masyarakat",
        "region": "Denpasar City",
        "confidence": 0.9,
        "source_file": "D7RSP2LU.xlsx",
        "address": "Jl. Cokroaminoto No.226, Ubung, Kec. Denpasar Utara, Kota Denpasar, Bali 80115"
      },
      "geometry": {
        "type": "Point",
        "coordinates": [
          115.2044659,
          -8.6323597
        ]
      }
    },
    {
      "type": "Feature",
      "properties": {
        "name": "Banjar Tenten",
        "category": "balai_masyarakat",
        "region": "Denpasar City",
        "confidence": 0.9,
        "source_file": "4ZDU3D7D.xlsx, D7RSP2LU.xlsx, F5265UR2.xlsx",
        "address": "Jl. Imam Bonjol No.164, Pemecutan Klod, Kec. Denpasar Bar., Kota Denpasar, Bali 80113"
      },
      "geometry": {
        "type": "Point",
        "coordinates": [
          115.2032045,
          -8.6732248
        ]
      }
    },
    {
      "type": "Feature",
      "properties": {
        "name": "Banjar Tulangampiang",
        "category": "balai_masyarakat",
        "region": "Denpasar City",
        "confidence": 0.9,
        "source_file": "4ZDU3D7D.xlsx, D7RSP2LU.xlsx, S33E300D.xlsx",
        "address": "Jl. Tunjung Tutur No.2, Ubung Kaja, Kec. Denpasar Utara, Kota Denpasar, Bali 80115"
      },
      "geometry": {
        "type": "Point",
        "coordinates": [
          115.2014676,
          -8.61115
        ]
      }
    },
    {
      "type": "Feature",
      "properties": {
        "name": "Banjar Tunggul Aji",
        "category": "balai_masyarakat",
        "region": "Denpasar City",
        "confidence": 0.87,
        "source_file": "D7RSP2LU.xlsx",
        "address": "Gg. II L No.28, Pemecutan Kaja, Kec. Denpasar Utara, Kota Denpasar, Bali 80111"
      },
      "geometry": {
        "type": "Point",
        "coordinates": [
          115.2017777,
          -8.6464824
        ]
      }
    },
    {
      "type": "Feature",
      "properties": {
        "name": "Banjar Ujung",
        "category": "balai_masyarakat",
        "region": "Denpasar City",
        "confidence": 0.9,
        "source_file": "4ZDU3D7D.xlsx, D7RSP2LU.xlsx",
        "address": "Jl. Turi II, Kesiman, Kec. Denpasar Tim., Kota Denpasar, Bali 80235"
      },
      "geometry": {
        "type": "Point",
        "coordinates": [
          115.2347218,
          -8.6416453
        ]
      }
    },
    {
      "type": "Feature",
      "properties": {
        "name": "Banjar Uma Sari, Ubung Kaja",
        "category": "balai_masyarakat",
        "region": "Denpasar City",
        "confidence": 0.84,
        "source_file": "4ZDU3D7D.xlsx, 20F8ADAH.xlsx, D7RSP2LU.xlsx, QP4FQ600.xlsx",
        "address": "Jl. Cargo Kenanga No.11 A, Ubung Kaja, Kec. Denpasar Utara, Kota Denpasar, Bali 80116"
      },
      "geometry": {
        "type": "Point",
        "coordinates": [
          115.1930244,
          -8.6259207
        ]
      }
    },
    {
      "type": "Feature",
      "properties": {
        "name": "Banjar Wirasana",
        "category": "balai_masyarakat",
        "region": "Denpasar City",
        "confidence": 0.9,
        "source_file": "4ZDU3D7D.xlsx, D7RSP2LU.xlsx",
        "address": "Jl. Danau Beratan No.X/1, Sanur Kaja, Denpasar Selatan, Kota Denpasar, Bali 80227"
      },
      "geometry": {
        "type": "Point",
        "coordinates": [
          115.2540192,
          -8.6792913
        ]
      }
    },
    {
      "type": "Feature",
      "properties": {
        "name": "Banjar Yang Batu Kauh",
        "category": "balai_masyarakat",
        "region": "Denpasar City",
        "confidence": 0.9,
        "source_file": "F5265UR2.xlsx",
        "address": "Jl. Letda Reta No.26, Dangin Puri Klod, Kec. Denpasar Tim., Kota Denpasar, Bali 80232"
      },
      "geometry": {
        "type": "Point",
        "coordinates": [
          115.2229605,
          -8.662401
        ]
      }
    },
    {
      "type": "Feature",
      "properties": {
        "name": "Banjar adat Tegeh Sari Desa Adat Tonja",
        "category": "balai_masyarakat",
        "region": "Denpasar City",
        "confidence": 0.9,
        "source_file": "4ZDU3D7D.xlsx, D7RSP2LU.xlsx",
        "address": "Jl. Gatot Subroto I No.38, Tonja, Kec. Denpasar Utara, Kota Denpasar, Bali 80239"
      },
      "geometry": {
        "type": "Point",
        "coordinates": [
          115.221174,
          -8.6318717
        ]
      }
    },
    {
      "type": "Feature",
      "properties": {
        "name": "Banjar belong gede",
        "category": "balai_masyarakat",
        "region": "Denpasar City",
        "confidence": 0.9,
        "source_file": "D7RSP2LU.xlsx",
        "address": "86X6+XFG, Jl. Sutomo, Pemecutan Kaja, Kec. Denpasar Utara, Kota Denpasar, Bali 80231"
      },
      "geometry": {
        "type": "Point",
        "coordinates": [
          115.2112186,
          -8.6500535
        ]
      }
    },
    {
      "type": "Feature",
      "properties": {
        "name": "Banjar kaliungu klod",
        "category": "community_center",
        "region": "Denpasar City",
        "confidence": 0.87,
        "source_file": "D7RSP2LU.xlsx",
        "address": "86W9+PVP, Dangin Puri, Kec. Denpasar Tim., Kota Denpasar, Bali 80232"
      },
      "geometry": {
        "type": "Point",
        "coordinates": [
          115.2197118,
          -8.6531547
        ]
      }
    },
    {
      "type": "Feature",
      "properties": {
        "name": "Banjar padang asri",
        "category": "balai_masyarakat",
        "region": "Denpasar City",
        "confidence": 0.87,
        "source_file": "4ZDU3D7D.xlsx",
        "address": "Jl. Padang Asri VIII No.2, Padangsambian Klod, Kec. Denpasar Bar., Kota Denpasar, Bali 80117"
      },
      "geometry": {
        "type": "Point",
        "coordinates": [
          115.180593,
          -8.661235
        ]
      }
    },
    {
      "type": "Feature",
      "properties": {
        "name": "Basecamp Bacoth",
        "category": "komplek_perumahan",
        "region": "Denpasar City",
        "confidence": 0.87,
        "source_file": "ZDNRHRHP.xlsx",
        "address": "85HW+VPC sebelum pertigaan kalimutu, Jl. Pura Demak ujung, Pemecutan Klod, Kec. Denpasar Bar., Kota Denpasar, Bali 80119"
      },
      "geometry": {
        "type": "Point",
        "coordinates": [
          115.1967714,
          -8.6703215
        ]
      }
    },
    {
      "type": "Feature",
      "properties": {
        "name": "Biaung Traditional Market",
        "category": "pasar",
        "region": "Denpasar City",
        "confidence": 0.9,
        "source_file": "JQLVN4D2.xlsx",
        "address": "Jl. Prof. Dr. Ida Bagus Mantra No.120x, Kesiman Kertalangu, Kec. Denpasar Tim., Kota Denpasar, Bali"
      },
      "geometry": {
        "type": "Point",
        "coordinates": [
          115.2691504,
          -8.6482161
        ]
      }
    },
    {
      "type": "Feature",
      "properties": {
        "name": "Br Tag Tag Kelod",
        "category": "community_center",
        "region": "Denpasar City",
        "confidence": 0.9,
        "source_file": "D7RSP2LU.xlsx",
        "address": "9687+PQX, Peguyangan, Kec. Denpasar Utara, Kota Denpasar, Bali 80233"
      },
      "geometry": {
        "type": "Point",
        "coordinates": [
          115.214485,
          -8.6331483
        ]
      }
    },
    {
      "type": "Feature",
      "properties": {
        "name": "Br. Dukuh Kesiman Petilan",
        "category": "balai_masyarakat",
        "region": "Denpasar City",
        "confidence": 0.87,
        "source_file": "4ZDU3D7D.xlsx, D7RSP2LU.xlsx",
        "address": "966P+P9V, Jl. Noja, Kesiman Petilan, Kec. Denpasar Tim., Kota Denpasar, Bali 80237"
      },
      "geometry": {
        "type": "Point",
        "coordinates": [
          115.2359337,
          -8.6381353
        ]
      }
    },
    {
      "type": "Feature",
      "properties": {
        "name": "Br. Mertha Gangga",
        "category": "balai_masyarakat",
        "region": "Denpasar City",
        "confidence": 0.9,
        "source_file": "4ZDU3D7D.xlsx",
        "address": "85WW+J48, Gg. Puputan Baru III, Tegal Kertha, Kec. Denpasar Bar., Kota Denpasar, Bali 80111"
      },
      "geometry": {
        "type": "Point",
        "coordinates": [
          115.1953221,
          -8.653451
        ]
      }
    },
    {
      "type": "Feature",
      "properties": {
        "name": "Br. Munang Maning",
        "category": "attractions",
        "region": "Denpasar City",
        "confidence": 0.9,
        "source_file": "4ZDU3D7D.xlsx, D7RSP2LU.xlsx, F5265UR2.xlsx",
        "address": "Jl. Imam Bonjol No.132, Pemecutan Klod, Kec. Denpasar Bar., Kota Denpasar, Bali 80113"
      },
      "geometry": {
        "type": "Point",
        "coordinates": [
          115.2052885,
          -8.6695306
        ]
      }
    },
    {
      "type": "Feature",
      "properties": {
        "name": "Br. Puseh Desa Pakraman Pedungan",
        "category": "balai_masyarakat",
        "region": "Denpasar City",
        "confidence": 0.9,
        "source_file": "F5265UR2.xlsx",
        "address": "8674+CFH, Jl. Pulau Bungin, Pedungan, Denpasar Selatan, Kota Denpasar, Bali 80114"
      },
      "geometry": {
        "type": "Point",
        "coordinates": [
          115.2062423,
          -8.6864457
        ]
      }
    },
    {
      "type": "Feature",
      "properties": {
        "name": "Br. Tag Tag Tengah",
        "category": "balai_masyarakat",
        "region": "Denpasar City",
        "confidence": 0.9,
        "source_file": "D7RSP2LU.xlsx",
        "address": "9697+2M3, Jl. Singasari Utara, Peguyangan, Kec. Denpasar Utara, Kota Denpasar, Bali 80233"
      },
      "geometry": {
        "type": "Point",
        "coordinates": [
          115.2141662,
          -8.6324754
        ]
      }
    },
    {
      "type": "Feature",
      "properties": {
        "name": "Br. Teruna Sari",
        "category": "community_center",
        "region": "Denpasar City",
        "confidence": 0.87,
        "source_file": "D7RSP2LU.xlsx",
        "address": "Jl. Gatot Subroto VI No.L No.18, Dauh Puri Kaja, Kec. Denpasar Utara, Kota Denpasar, Bali 80233"
      },
      "geometry": {
        "type": "Point",
        "coordinates": [
          115.2151244,
          -8.6389667
        ]
      }
    },
    {
      "type": "Feature",
      "properties": {
        "name": "Br. Titih Denpasar",
        "category": "balai_masyarakat",
        "region": "Denpasar City",
        "confidence": 0.9,
        "source_file": "4ZDU3D7D.xlsx, D7RSP2LU.xlsx, F5265UR2.xlsx",
        "address": "Jl. Sumatera No.21, Dauh Puri Kangin, Kec. Denpasar Bar., Kota Denpasar, Bali 80232"
      },
      "geometry": {
        "type": "Point",
        "coordinates": [
          115.2148493,
          -8.6568109
        ]
      }
    },
    {
      "type": "Feature",
      "properties": {
        "name": "Br.Tek Tek",
        "category": "balai_masyarakat",
        "region": "Denpasar City",
        "confidence": 0.9,
        "source_file": "20F8ADAH.xlsx, D7RSP2LU.xlsx, QP4FQ600.xlsx",
        "address": "Jl. Ahmad Yani Utara No.320, Peguyangan, Kec. Denpasar Utara, Kota Denpasar, Bali 80239"
      },
      "geometry": {
        "type": "Point",
        "coordinates": [
          115.2116221,
          -8.6184062
        ]
      }
    },
    {
      "type": "Feature",
      "properties": {
        "name": "Burger King Mahendradata",
        "category": "hamburger_restaurant",
        "region": "Denpasar City",
        "confidence": 0.9,
        "source_file": "JQLVN4D2.xlsx",
        "address": "Padangsambian, Kec. Denpasar Bar., Kota Denpasar, Bali 80119"
      },
      "geometry": {
        "type": "Point",
        "coordinates": [
          115.1894759,
          -8.6815511
        ]
      }
    },
    {
      "type": "Feature",
      "properties": {
        "name": "Circle K",
        "category": "minimarket",
        "region": "Denpasar City",
        "confidence": 0.87,
        "source_file": "JQLVN4D2.xlsx",
        "address": "Jl. Diponegoro No.181-183, Dauh Puri Klod, Kec. Denpasar Bar., Kota Denpasar, Bali 80114"
      },
      "geometry": {
        "type": "Point",
        "coordinates": [
          115.2154401,
          -8.6752175
        ]
      }
    },
    {
      "type": "Feature",
      "properties": {
        "name": "Circle K Gunung Rinjani",
        "category": "minimarket",
        "region": "Denpasar City",
        "confidence": 0.87,
        "source_file": "ZDNRHRHP.xlsx",
        "address": "85PX+5FH, Jl. Gunung Rinjani Perum Monang Maning, Tegal Harum, Kec. Denpasar Bar., Kota Denpasar, Bali 80112"
      },
      "geometry": {
        "type": "Point",
        "coordinates": [
          115.1987319,
          -8.6645662
        ]
      }
    },
    {
      "type": "Feature",
      "properties": {
        "name": "D'Crepes Level 21",
        "category": "restaurants",
        "region": "Denpasar City",
        "confidence": 0.87,
        "source_file": "GY9B25DK.xlsx",
        "address": "DENPASAR JUNCTION, Jl. Teuku Umar No.1, Dauh Puri Klod, Kec. Denpasar Bar., Kota Denpasar, Bali 80113"
      },
      "geometry": {
        "type": "Point",
        "coordinates": [
          115.214762,
          -8.6698129
        ]
      }
    },
    {
      "type": "Feature",
      "properties": {
        "name": "DINAS TENAGA KERJA DAN ENERGI SUMBER DAYA MINERAL PROVINSI BALI",
        "category": "pusat_tenaga_kerja",
        "region": "Denpasar City",
        "confidence": 0.87,
        "source_file": "RZVRQ2SY.xlsx",
        "address": "86HF+472, Jalan Raya Puputan, Renon, Denpasar Timur, Dangin Puri Klod, Kec. Denpasar Tim., Kota Denpasar, Bali 80235"
      },
      "geometry": {
        "type": "Point",
        "coordinates": [
          115.2231264,
          -8.6722274
        ]
      }
    },
    {
      "type": "Feature",
      "properties": {
        "name": "Denpasar City Government",
        "category": "kantor_pemerintah",
        "region": "Denpasar City",
        "confidence": 0.84,
        "source_file": "4ZDU3D7D.xlsx, D7RSP2LU.xlsx",
        "address": "76WM+PJ9, Jl. Sidakarya, Sidakarya, Denpasar Selatan, Kota Denpasar, Bali 80224"
      },
      "geometry": {
        "type": "Point",
        "coordinates": [
          115.2341094,
          -8.7032161
        ]
      }
    },
    {
      "type": "Feature",
      "properties": {
        "name": "Dinas Pariwisata Kota Denpasar",
        "category": "kantor_pemerintahan_kota",
        "region": "Denpasar City",
        "confidence": 0.9,
        "source_file": "RZVRQ2SY.xlsx",
        "address": "Jl. Majapahit No.1, Dauh Puri Kaja, Kec. Denpasar Utara, Kota Denpasar, Bali 80231"
      },
      "geometry": {
        "type": "Point",
        "coordinates": [
          115.2119522,
          -8.6360092
        ]
      }
    },
    {
      "type": "Feature",
      "properties": {
        "name": "Dinas Peternakan dan Kesehatan Hewan Provinsi Bali",
        "category": "kantor_pemerintahan_daerah",
        "region": "Denpasar City",
        "confidence": 0.87,
        "source_file": "RZVRQ2SY.xlsx",
        "address": "Jl. WR Supratman No.71, Sumerta Kaja, Kec. Denpasar Tim., Kota Denpasar, Bali 80236"
      },
      "geometry": {
        "type": "Point",
        "coordinates": [
          115.231101,
          -8.6486554
        ]
      }
    },
    {
      "type": "Feature",
      "properties": {
        "name": "Dinas Tenaga Kerja dan Sertifikasi Kompetensi Kota Denpasar",
        "category": "kantor_pemerintah_kota",
        "region": "Denpasar City",
        "confidence": 0.87,
        "source_file": "RZVRQ2SY.xlsx",
        "address": "\u301280231 Bali, Kota Denpasar, Kec. Denpasar Utara, Dauh Puri Kaja, No."
      },
      "geometry": {
        "type": "Point",
        "coordinates": [
          115.2138336,
          -8.6391483
        ]
      }
    },
    {
      "type": "Feature",
      "properties": {
        "name": "Dinas pertanian tanaman pangan dan hortikultura kota denpasar",
        "category": "kantor_pemerintahan_kota",
        "region": "Denpasar City",
        "confidence": 0.87,
        "source_file": "RZVRQ2SY.xlsx",
        "address": "Jl. Ahmad Yani Utara No.112, Dauh Puri Kaja, Kec. Denpasar Utara, Kota Denpasar, Bali 80231"
      },
      "geometry": {
        "type": "Point",
        "coordinates": [
          115.2106776,
          -8.6362121
        ]
      }
    },
    {
      "type": "Feature",
      "properties": {
        "name": "Dusun / Banjar Lumbung Sari",
        "category": "balai_masyarakat",
        "region": "Denpasar City",
        "confidence": 0.87,
        "source_file": "D7RSP2LU.xlsx",
        "address": "Jl. Gatot Subroto II No.7, Dangin Puri Kaja, Kec. Denpasar Utara, Kota Denpasar, Bali 80234"
      },
      "geometry": {
        "type": "Point",
        "coordinates": [
          115.2208103,
          -8.6373905
        ]
      }
    },
    {
      "type": "Feature",
      "properties": {
        "name": "Eko Wisata Subak Ubung Denpasar Bali",
        "category": "attractions",
        "region": "Denpasar City",
        "confidence": 0.87,
        "source_file": "wisata.xlsx, XLU5DC2A.xlsx",
        "address": "Ubung Kaja, Denpasar Utara, Denpasar City, Bali 80115"
      },
      "geometry": {
        "type": "Point",
        "coordinates": [
          115.1996212,
          -8.6253227
        ]
      }
    },
    {
      "type": "Feature",
      "properties": {
        "name": "Elementary School # 9 Padangsambian",
        "category": "sekolah_dasar",
        "region": "Denpasar City",
        "confidence": 0.84,
        "source_file": "LZIT5G8W.xlsx",
        "address": "Jl. Gunung Sanghyang Gg. Pajajaran No.4, Padangsambian, Kec. Denpasar Bar., Kota Denpasar, Bali 80118"
      },
      "geometry": {
        "type": "Point",
        "coordinates": [
          115.1851764,
          -8.6499816
        ]
      }
    },
    {
      "type": "Feature",
      "properties": {
        "name": "Elementary School 16 Kesiman",
        "category": "sekolah_dasar",
        "region": "Denpasar City",
        "confidence": 0.84,
        "source_file": "LZIT5G8W.xlsx",
        "address": "Jl. Bakung No.73, Kesiman Kertalangu, Kec. Denpasar Tim., Kota Denpasar, Bali 80237"
      },
      "geometry": {
        "type": "Point",
        "coordinates": [
          115.260908,
          -8.637882
        ]
      }
    },
    {
      "type": "Feature",
      "properties": {
        "name": "Freshindo Tiara Sanglah",
        "category": "toko_swalayan",
        "region": "Denpasar City",
        "confidence": 0.9,
        "source_file": "ZDNRHRHP.xlsx",
        "address": "Jl. Diponegoro No.183, Dauh Puri Klod, Kec. Denpasar Bar., Kota Denpasar, Bali 80113"
      },
      "geometry": {
        "type": "Point",
        "coordinates": [
          115.2154319,
          -8.6756927
        ]
      }
    },
    {
      "type": "Feature",
      "properties": {
        "name": "Halte Pesanggaran 1",
        "category": "perhentian_bus",
        "region": "Denpasar City",
        "confidence": 0.84,
        "source_file": "JQLVN4D2.xlsx",
        "address": "Jl. Bypass Ngurah Rai, Pedungan, Denpasar Selatan, Kota Denpasar, Bali 80222"
      },
      "geometry": {
        "type": "Point",
        "coordinates": [
          115.2133279,
          -8.716886
        ]
      }
    },
    {
      "type": "Feature",
      "properties": {
        "name": "Hawwak Motor Sewa",
        "category": "layanan_transportasi",
        "region": "Denpasar City",
        "confidence": 0.9,
        "source_file": "JQLVN4D2.xlsx",
        "address": "Jl. Soka No.82, Kesiman Kertalangu, Kec. Denpasar Tim., Kota Denpasar, Bali 80237"
      },
      "geometry": {
        "type": "Point",
        "coordinates": [
          115.2524331,
          -8.6497876
        ]
      }
    },
    {
      "type": "Feature",
      "properties": {
        "name": "HokBen Mahendradatta",
        "category": "restaurants",
        "region": "Denpasar City",
        "confidence": 0.9,
        "source_file": "JQLVN4D2.xlsx",
        "address": "Padangsambian, Kec. Denpasar Bar., Kota Denpasar, Bali 80119"
      },
      "geometry": {
        "type": "Point",
        "coordinates": [
          115.1893638,
          -8.680468
        ]
      }
    },
    {
      "type": "Feature",
      "properties": {
        "name": "Holland Bakery Teuku Umar",
        "category": "toko_roti",
        "region": "Denpasar City",
        "confidence": 0.9,
        "source_file": "JQLVN4D2.xlsx",
        "address": "Jl. Teuku Umar No.204, Dauh Puri Kauh, Kec. Denpasar Bar., Kota Denpasar, Bali 80113"
      },
      "geometry": {
        "type": "Point",
        "coordinates": [
          115.2027792,
          -8.6804178
        ]
      }
    },
    {
      "type": "Feature",
      "properties": {
        "name": "Holycow! STEAKHOUSE By Chef Afit",
        "category": "restaurants",
        "region": "Denpasar City",
        "confidence": 0.9,
        "source_file": "JQLVN4D2.xlsx",
        "address": "Perempatan Teuku Umar Barat &, Jl. Mahendradatta Selatan Jl. Teuku Umar Barat, Padangsambian, Kec. Denpasar Bar., Kota Denpasar, Bali 80119"
      },
      "geometry": {
        "type": "Point",
        "coordinates": [
          115.189359,
          -8.6816743
        ]
      }
    },
    {
      "type": "Feature",
      "properties": {
        "name": "Imam Bonjol",
        "category": "komplek_perumahan",
        "region": "Denpasar City",
        "confidence": 0.9,
        "source_file": "JQLVN4D2.xlsx",
        "address": "Gg. Rahayu II No.1, Pemecutan Klod, Kec. Denpasar Bar., Kota Denpasar, Bali 80113"
      },
      "geometry": {
        "type": "Point",
        "coordinates": [
          115.2041654,
          -8.6725242
        ]
      }
    },
    {
      "type": "Feature",
      "properties": {
        "name": "Indomaret Point Teuku Umar",
        "category": "minimarket",
        "region": "Denpasar City",
        "confidence": 0.87,
        "source_file": "JQLVN4D2.xlsx",
        "address": "Jl. Teuku Umar No.85 X, Pedungan, Kec. Denpasar Bar., Kota Denpasar, Bali 80222"
      },
      "geometry": {
        "type": "Point",
        "coordinates": [
          115.2084571,
          -8.6731628
        ]
      }
    },
    {
      "type": "Feature",
      "properties": {
        "name": "Indomaret Raya Gunung Agung",
        "category": "minimarket",
        "region": "Denpasar City",
        "confidence": 0.84,
        "source_file": "JQLVN4D2.xlsx",
        "address": "Jl. Gn. Agung No.155, Pemecutan Kaja, Kec. Denpasar Utara, Kota Denpasar, Bali 80111"
      },
      "geometry": {
        "type": "Point",
        "coordinates": [
          115.1985433,
          -8.6520861
        ]
      }
    },
    {
      "type": "Feature",
      "properties": {
        "name": "JUNA VAPE STORE",
        "category": "toko_rokok_elektrik",
        "region": "Denpasar City",
        "confidence": 0.9,
        "source_file": "JQLVN4D2.xlsx",
        "address": "Jl. Letda Made Putra No.6, Dangin Puri, Kec. Denpasar Tim., Kota Denpasar, Bali 80232"
      },
      "geometry": {
        "type": "Point",
        "coordinates": [
          115.2197385,
          -8.6586745
        ]
      }
    },
    {
      "type": "Feature",
      "properties": {
        "name": "Jenar Kopi",
        "category": "coffee_shops",
        "region": "Denpasar City",
        "confidence": 0.9,
        "source_file": "ZDNRHRHP.xlsx",
        "address": "Jl. Tukad Barito No.1C, Panjer, Denpasar Selatan, Kota Denpasar, Bali 80225"
      },
      "geometry": {
        "type": "Point",
        "coordinates": [
          115.2264315,
          -8.6846028
        ]
      }
    },
    {
      "type": "Feature",
      "properties": {
        "name": "Jl malboro",
        "category": "komplek_perumahan",
        "region": "Denpasar City",
        "confidence": 0.84,
        "source_file": "JQLVN4D2.xlsx",
        "address": "Gg. Marlboro VII No.22, Pemecutan Klod, Kec. Denpasar Bar., Kota Denpasar, Bali 80119"
      },
      "geometry": {
        "type": "Point",
        "coordinates": [
          115.193977,
          -8.679845
        ]
      }
    },
    {
      "type": "Feature",
      "properties": {
        "name": "Jl. Buana Raya gg. Buana Merta IV NO. 2 Padangsambian, Kota Denpasar Barat, Bali 80119",
        "category": "pusat_perbelanjaan",
        "region": "Denpasar City",
        "confidence": 0.84,
        "source_file": "ZDNRHRHP.xlsx",
        "address": "Gg. Buana Merta IV No.2, Padangsambian, Kec. Denpasar Bar., Kota Denpasar, Bali 80119"
      },
      "geometry": {
        "type": "Point",
        "coordinates": [
          115.188622,
          -8.6639235
        ]
      }
    },
    {
      "type": "Feature",
      "properties": {
        "name": "KFC",
        "category": "restaurants",
        "region": "Denpasar City",
        "confidence": 0.9,
        "source_file": "JQLVN4D2.xlsx",
        "address": "Jl. Gatot Subroto Tim., Tonja, Kec. Denpasar Utara, Kota Denpasar, Bali 80234"
      },
      "geometry": {
        "type": "Point",
        "coordinates": [
          115.2232,
          -8.635194
        ]
      }
    },
    {
      "type": "Feature",
      "properties": {
        "name": "KIDZ STATION",
        "category": "department_store",
        "region": "Denpasar City",
        "confidence": 0.87,
        "source_file": "GY9B25DK.xlsx",
        "address": "MALL LEVEL 21 BALI GF Level21 Mall, Jl. Teuku Umar No.1, Dauh Puri Klod, Kec. Denpasar Bar., Kota Denpasar, Bali 14090"
      },
      "geometry": {
        "type": "Point",
        "coordinates": [
          115.2142966,
          -8.6698669
        ]
      }
    },
    {
      "type": "Feature",
      "properties": {
        "name": "KOPI BOX",
        "category": "restaurants",
        "region": "Denpasar City",
        "confidence": 0.87,
        "source_file": "JQLVN4D2.xlsx",
        "address": "Jl. Raya Puputan No.172, Sumerta Kelod, Kec. Denpasar Tim., Kota Denpasar, Bali 80239"
      },
      "geometry": {
        "type": "Point",
        "coordinates": [
          115.2385706,
          -8.6734926
        ]
      }
    },
    {
      "type": "Feature",
      "properties": {
        "name": "Kos Tukad Yeh Biu",
        "category": "rumah_pondokan",
        "region": "Denpasar City",
        "confidence": 0.84,
        "source_file": "JQLVN4D2.xlsx",
        "address": "Jl. Tukad Yeh Biu Perempatan Karya Sari No.Dekat, Sesetan, Sesetan, Denpasar, Kota Denpasar, Bali 80114"
      },
      "geometry": {
        "type": "Point",
        "coordinates": [
          115.2168835,
          -8.6842757
        ]
      }
    },
    {
      "type": "Feature",
      "properties": {
        "name": "Kos tukad pertigaan",
        "category": "vila",
        "region": "Denpasar City",
        "confidence": 0.84,
        "source_file": "ZDNRHRHP.xlsx",
        "address": "86CQ+39P, Jl. Tukad Badung V, Renon, Denpasar Selatan, Kota Denpasar, Bali 80234"
      },
      "geometry": {
        "type": "Point",
        "coordinates": [
          115.2384547,
          -8.6797924
        ]
      }
    },
    {
      "type": "Feature",
      "properties": {
        "name": "Lapangan Puputan Badung (I Gusti Ngurah Made Agung)",
        "category": "taman_kota",
        "region": "Denpasar City",
        "confidence": 0.9,
        "source_file": "JQLVN4D2.xlsx",
        "address": "Dauh Puri Kangin, Kec. Denpasar Bar., Kota Denpasar, Bali"
      },
      "geometry": {
        "type": "Point",
        "coordinates": [
          115.2177422,
          -8.6564627
        ]
      }
    },
    {
      "type": "Feature",
      "properties": {
        "name": "Level 21 Cinema XXI",
        "category": "attractions",
        "region": "Denpasar City",
        "confidence": 0.9,
        "source_file": "GY9B25DK.xlsx",
        "address": "Jl. Teuku Umar No.1, Dauh Puri Klod, Kec. Denpasar Bar., Kota Denpasar, Bali 80113"
      },
      "geometry": {
        "type": "Point",
        "coordinates": [
          115.2141189,
          -8.6698541
        ]
      }
    },
    {
      "type": "Feature",
      "properties": {
        "name": "Level 21 Mall",
        "category": "pusat_perbelanjaan",
        "region": "Denpasar City",
        "confidence": 0.9,
        "source_file": "GY9B25DK.xlsx",
        "address": "Jl. Teuku Umar No.1, Dauh Puri Klod, Kec. Denpasar Bar., Kota Denpasar, Bali 80113"
      },
      "geometry": {
        "type": "Point",
        "coordinates": [
          115.213905,
          -8.6696679
        ]
      }
    },
    {
      "type": "Feature",
      "properties": {
        "name": "MABES Singa Betina",
        "category": "pembangunan_perumahan",
        "region": "Denpasar City",
        "confidence": 0.84,
        "source_file": "ZDNRHRHP.xlsx",
        "address": "masuk, no 17 X, pertigaan pertama belok kanan, rumah ketiga pagar putih, Jl. Tukad Pakerisan 99X gang depan pura puseh, Panjer, Denpasar Selatan"
      },
      "geometry": {
        "type": "Point",
        "coordinates": [
          115.2271,
          -8.6794908
        ]
      }
    },
    {
      "type": "Feature",
      "properties": {
        "name": "MASTER TEMPONG, Sp.NT.",
        "category": "restaurants",
        "region": "Denpasar City",
        "confidence": 0.9,
        "source_file": "ZDNRHRHP.xlsx",
        "address": "Jl. Tukad Badung, Pertigaan Jl. Tukad Yeh Aya No.1, Renon, Kota Denpasar, Bali 80237"
      },
      "geometry": {
        "type": "Point",
        "coordinates": [
          115.2376436,
          -8.6775674
        ]
      }
    },
    {
      "type": "Feature",
      "properties": {
        "name": "MINISO LEVEL 21",
        "category": "toko",
        "region": "Denpasar City",
        "confidence": 0.9,
        "source_file": "GY9B25DK.xlsx",
        "address": "Jl. Teuku Umar No.1, Dauh Puri Klod, Kec. Denpasar Bar., Kota Denpasar, Bali 80114"
      },
      "geometry": {
        "type": "Point",
        "coordinates": [
          115.2143882,
          -8.6700267
        ]
      }
    },
    {
      "type": "Feature",
      "properties": {
        "name": "Matahari Duta Plaza",
        "category": "toserba",
        "region": "Denpasar City",
        "confidence": 0.9,
        "source_file": "JQLVN4D2.xlsx",
        "address": "Jl. Dewi Sartika No.4G, Dauh Puri Klod, Kec. Denpasar Bar., Kota Denpasar, Bali 80232"
      },
      "geometry": {
        "type": "Point",
        "coordinates": [
          115.217263,
          -8.6699311
        ]
      }
    },
    {
      "type": "Feature",
      "properties": {
        "name": "Minimal Denpasar Junction",
        "category": "toko_pakaian",
        "region": "Denpasar City",
        "confidence": 0.84,
        "source_file": "GY9B25DK.xlsx",
        "address": "Denpasar Junction, Jl. Teuku Umar No.01b 1st floor \u2013 B, Dauh Puri Kauh, Kec. Denpasar Bar., Kota Denpasar, Bali 80113"
      },
      "geometry": {
        "type": "Point",
        "coordinates": [
          115.2064691,
          -8.6758584
        ]
      }
    },
    {
      "type": "Feature",
      "properties": {
        "name": "Moena Fresh Panjer - Buah Segar. Jus Sehat.",
        "category": "toko_buah_dan_sayuran",
        "region": "Denpasar City",
        "confidence": 0.9,
        "source_file": "JQLVN4D2.xlsx",
        "address": "Jl. Tukad Barito Jl. Tukad Batanghari, Panjer, Dauh Puri Klod, Kec. Denpasar Bar., Kota Denpasar, Bali 80361"
      },
      "geometry": {
        "type": "Point",
        "coordinates": [
          115.2302247,
          -8.6842504
        ]
      }
    },
    {
      "type": "Feature",
      "properties": {
        "name": "Nadhi Mart Sesetan",
        "category": "toko_alat_tulis",
        "region": "Denpasar City",
        "confidence": 0.9,
        "source_file": "ZDNRHRHP.xlsx",
        "address": "Jl. Raya Sesetan No.93, Sesetan, Denpasar Selatan, Kota Denpasar, Bali 80223"
      },
      "geometry": {
        "type": "Point",
        "coordinates": [
          115.2158874,
          -8.6842935
        ]
      }
    },
    {
      "type": "Feature",
      "properties": {
        "name": "Nasi Kuning Pemecutan",
        "category": "restaurants",
        "region": "Denpasar City",
        "confidence": 0.9,
        "source_file": "JQLVN4D2.xlsx",
        "address": "Jl. Thamrin No.1, Pemecutan, Kec. Denpasar Bar., Kota Denpasar, Bali 80112"
      },
      "geometry": {
        "type": "Point",
        "coordinates": [
          115.2097221,
          -8.6583517
        ]
      }
    },
    {
      "type": "Feature",
      "properties": {
        "name": "Office of Bali Provincial Legislatives Council",
        "category": "kantor_pemerintah",
        "region": "Denpasar City",
        "confidence": 0.87,
        "source_file": "RZVRQ2SY.xlsx",
        "address": "Jl. Dr. Kusuma Atmaja No. 3, Niti Mandala, Panjer, Denpasar Selatan, Kota Denpasar, Bali 80234"
      },
      "geometry": {
        "type": "Point",
        "coordinates": [
          115.2318544,
          -8.6688895
        ]
      }
    },
    {
      "type": "Feature",
      "properties": {
        "name": "Padang Galak",
        "category": "perhentian_bus",
        "region": "Denpasar City",
        "confidence": 0.84,
        "source_file": "JQLVN4D2.xlsx",
        "address": "Kesiman, Kec. Denpasar Tim., Kota Denpasar, Bali"
      },
      "geometry": {
        "type": "Point",
        "coordinates": [
          115.25364,
          -8.65896
        ]
      }
    },
    {
      "type": "Feature",
      "properties": {
        "name": "Patung Anumerta Tjokorda Agung Tresna",
        "category": "sculpture",
        "region": "Denpasar City",
        "confidence": 0.9,
        "source_file": "JQLVN4D2.xlsx",
        "address": "Jl. Nangka No.193, Dangin Puri Kaja, Kec. Denpasar Utara, Kota Denpasar, Bali 80234"
      },
      "geometry": {
        "type": "Point",
        "coordinates": [
          115.2230034,
          -8.6355691
        ]
      }
    },
    {
      "type": "Feature",
      "properties": {
        "name": "Patung Bung Karno",
        "category": "patung",
        "region": "Denpasar City",
        "confidence": 0.9,
        "source_file": "ZDNRHRHP.xlsx",
        "address": "86JC+3MV, Dangin Puri Klod, Kec. Denpasar Tim., Kota Denpasar, Bali 80234"
      },
      "geometry": {
        "type": "Point",
        "coordinates": [
          115.2216663,
          -8.6697532
        ]
      }
    },
    {
      "type": "Feature",
      "properties": {
        "name": "Pentol Gilaaa ( Kuah Pedas )",
        "category": "restaurants",
        "region": "Denpasar City",
        "confidence": 0.9,
        "source_file": "ZDNRHRHP.xlsx",
        "address": "Pojok sebelah kiri, Jl. Tukad Barito Timur, Renon. Pertigaan ketemu, Jl. Tukad Badung Kontener / Rombong, Warna Putih, Denpasar Selatan, Bali"
      },
      "geometry": {
        "type": "Point",
        "coordinates": [
          115.2378789,
          -8.6842058
        ]
      }
    },
    {
      "type": "Feature",
      "properties": {
        "name": "Perempatan Tolol",
        "category": "apartment_complex",
        "region": "Denpasar City",
        "confidence": 0.87,
        "source_file": "JQLVN4D2.xlsx",
        "address": "Jl. Teuku Umar Barat No.234A, Padangsambian, Kec. Denpasar Bar., Kota Denpasar, Bali 80119"
      },
      "geometry": {
        "type": "Point",
        "coordinates": [
          115.189278,
          -8.6811935
        ]
      }
    },
    {
      "type": "Feature",
      "properties": {
        "name": "Perjuangkan Untuk Kejayaan Bali",
        "category": "unknown",
        "region": "Denpasar City",
        "confidence": 0.87,
        "source_file": "JQLVN4D2.xlsx",
        "address": "859W+6P3, Jl. Imam Bonjol, Pemecutan Klod, Kec. Denpasar Bar., Kota Denpasar, Bali 80119"
      },
      "geometry": {
        "type": "Point",
        "coordinates": [
          115.1967867,
          -8.6819929
        ]
      }
    },
    {
      "type": "Feature",
      "properties": {
        "name": "Pertigaan Bird Sanur",
        "category": "unknown",
        "region": "Denpasar City",
        "confidence": 0.84,
        "source_file": "ZDNRHRHP.xlsx",
        "address": "Jl. Danau Tondano, Sanur Kauh, Denpasar Selatan, Kota Denpasar, Bali 80227"
      },
      "geometry": {
        "type": "Point",
        "coordinates": [
          115.2518624,
          -8.6841162
        ]
      }
    },
    {
      "type": "Feature",
      "properties": {
        "name": "Pertigaan Putra",
        "category": "cafes",
        "region": "Denpasar City",
        "confidence": 0.87,
        "source_file": "ZDNRHRHP.xlsx",
        "address": "86P2+RRC, Jl. Gn. Welirang, Pemecutan Klod, Kec. Denpasar Bar., Kota Denpasar, Bali 80112"
      },
      "geometry": {
        "type": "Point",
        "coordinates": [
          115.2020162,
          -8.6629483
        ]
      }
    },
    {
      "type": "Feature",
      "properties": {
        "name": "Pesona Multi Trans Cargo & Trucking Cabang Denpasar",
        "category": "jasa_pengiriman_kargo",
        "region": "Denpasar City",
        "confidence": 0.84,
        "source_file": "JQLVN4D2.xlsx",
        "address": "Jl. Wandira Sakti Jl. Buluh Indah No.10x, Pemecutan Kaja, Kec. Denpasar Utara, Kota Denpasar, Bali 80118"
      },
      "geometry": {
        "type": "Point",
        "coordinates": [
          115.196852,
          -8.6415127
        ]
      }
    },
    {
      "type": "Feature",
      "properties": {
        "name": "Pizza Hut Restoran",
        "category": "restaurants",
        "region": "Denpasar City",
        "confidence": 0.9,
        "source_file": "JQLVN4D2.xlsx",
        "address": "Jl. Diponegoro No.122, Dauh Puri, Kec. Denpasar Bar., Kota Denpasar, Bali 80361"
      },
      "geometry": {
        "type": "Point",
        "coordinates": [
          115.2152098,
          -8.6674293
        ]
      }
    },
    {
      "type": "Feature",
      "properties": {
        "name": "Pizza Hut Restoran",
        "category": "restaurants",
        "region": "Denpasar City",
        "confidence": 0.9,
        "source_file": "JQLVN4D2.xlsx",
        "address": "Jl. Teuku Umar Barat, Padangsambian Klod, Kec. Denpasar Bar., Kota Denpasar, Bali"
      },
      "geometry": {
        "type": "Point",
        "coordinates": [
          115.1892934,
          -8.680877
        ]
      }
    },
    {
      "type": "Feature",
      "properties": {
        "name": "Pos Polisi",
        "category": "polisi_lalu_lintas",
        "region": "Denpasar City",
        "confidence": 0.84,
        "source_file": "JQLVN4D2.xlsx",
        "address": "856R+9MF, Jl. Imam Bonjol, Pemecutan Klod, Kec. Denpasar Bar., Kota Denpasar, Bali 80119"
      },
      "geometry": {
        "type": "Point",
        "coordinates": [
          115.1916829,
          -8.6890657
        ]
      }
    },
    {
      "type": "Feature",
      "properties": {
        "name": "Public Works Department of the Government of Denpasar",
        "category": "dinas_pekerjaan_umum",
        "region": "Denpasar City",
        "confidence": 0.87,
        "source_file": "RZVRQ2SY.xlsx",
        "address": "Jl. Gatot Subroto VI No.J 22, Dauh Puri Kaja, Kec. Denpasar Utara, Kota Denpasar, Bali 80233"
      },
      "geometry": {
        "type": "Point",
        "coordinates": [
          115.2141418,
          -8.6384696
        ]
      }
    },
    {
      "type": "Feature",
      "properties": {
        "name": "RamenYA! Level 21",
        "category": "restoran_ramen",
        "region": "Denpasar City",
        "confidence": 0.9,
        "source_file": "GY9B25DK.xlsx",
        "address": "Jl. Teuku Umar No.1, Dauh Puri Klod, Kec. Denpasar Bar., Kota Denpasar, Bali 80113"
      },
      "geometry": {
        "type": "Point",
        "coordinates": [
          115.2148847,
          -8.6696472
        ]
      }
    },
    {
      "type": "Feature",
      "properties": {
        "name": "Rezeki Aluminium Dan Upvc",
        "category": "jendela_aluminium",
        "region": "Denpasar City",
        "confidence": 0.87,
        "source_file": "ZDNRHRHP.xlsx",
        "address": "pas pojok pertigaan depan biliar, Gg. 100 masuk, Pemecutan Klod, Kec. Denpasar Bar., Kota Denpasar, Bali 80119"
      },
      "geometry": {
        "type": "Point",
        "coordinates": [
          115.201446,
          -8.6710067
        ]
      }
    },
    {
      "type": "Feature",
      "properties": {
        "name": "Rujak Nektar Distributor bali",
        "category": "toko",
        "region": "Denpasar City",
        "confidence": 0.84,
        "source_file": "JQLVN4D2.xlsx",
        "address": "perempatan pertama lurus belok kiri rumah pertama kiri jalan, Jl. Gn. Andakasa Gg. Matahari IA, Kota Denpasar, Bali 80117"
      },
      "geometry": {
        "type": "Point",
        "coordinates": [
          115.1924966,
          -8.6439172
        ]
      }
    },
    {
      "type": "Feature",
      "properties": {
        "name": "Rujak Pak Yan",
        "category": "restaurants",
        "region": "Denpasar City",
        "confidence": 0.9,
        "source_file": "JQLVN4D2.xlsx",
        "address": "Jl. Wibisana Bar. No.30, Pemecutan Kaja, Kec. Denpasar Utara, Kota Denpasar, Bali 80111"
      },
      "geometry": {
        "type": "Point",
        "coordinates": [
          115.2035332,
          -8.6497947
        ]
      }
    },
    {
      "type": "Feature",
      "properties": {
        "name": "Rumah Arim",
        "category": "komplek_perumahan",
        "region": "Denpasar City",
        "confidence": 0.84,
        "source_file": "JQLVN4D2.xlsx",
        "address": "rumah cat abu, Jln. Ayani utara, Jl. Ahmad Yani Gg. Anugerah Gang nuansa anugrah VI No.perempatan, belok kiri"
      },
      "geometry": {
        "type": "Point",
        "coordinates": [
          115.212007,
          -8.6238386
        ]
      }
    },
    {
      "type": "Feature",
      "properties": {
        "name": "Rumah kepala lingkungan banjar oongan kelurahan tonja",
        "category": "balai_masyarakat",
        "region": "Denpasar City",
        "confidence": 0.84,
        "source_file": "4ZDU3D7D.xlsx, D7RSP2LU.xlsx",
        "address": "Jl. Gatot Subroto Tim. No.183, Tonja, Kec. Denpasar Utara, Kota Denpasar, Bali 80235"
      },
      "geometry": {
        "type": "Point",
        "coordinates": [
          115.231215,
          -8.6357783
        ]
      }
    },
    {
      "type": "Feature",
      "properties": {
        "name": "SD Negeri 1 Tonja",
        "category": "sekolah_dasar",
        "region": "Denpasar City",
        "confidence": 0.84,
        "source_file": "LZIT5G8W.xlsx",
        "address": "Jl. Seroja No.10, Tonja, Kec. Denpasar Utara, Kota Denpasar, Bali 80235"
      },
      "geometry": {
        "type": "Point",
        "coordinates": [
          115.2297583,
          -8.6337322
        ]
      }
    },
    {
      "type": "Feature",
      "properties": {
        "name": "SD Negeri 12 Pemecutan",
        "category": "sekolah_dasar",
        "region": "Denpasar City",
        "confidence": 0.84,
        "source_file": "LZIT5G8W.xlsx",
        "address": "Jl. Sutomo Gg. III, Pemecutan Kaja, Kec. Denpasar Utara, Kota Denpasar, Bali"
      },
      "geometry": {
        "type": "Point",
        "coordinates": [
          115.2111289,
          -8.6467125
        ]
      }
    },
    {
      "type": "Feature",
      "properties": {
        "name": "SD Negeri 2 Padangsambian",
        "category": "sekolah_dasar",
        "region": "Denpasar City",
        "confidence": 0.84,
        "source_file": "LZIT5G8W.xlsx",
        "address": "Jl. Kebo Iwa No.11, Padangsambian Kaja, Kec. Denpasar Bar., Kota Denpasar, Bali 80117"
      },
      "geometry": {
        "type": "Point",
        "coordinates": [
          115.1861748,
          -8.6304859
        ]
      }
    },
    {
      "type": "Feature",
      "properties": {
        "name": "SD Negeri 3 Tonja",
        "category": "sekolah_dasar",
        "region": "Denpasar City",
        "confidence": 0.84,
        "source_file": "LZIT5G8W.xlsx",
        "address": "96CH+X65, Gg. Nanas, Tonja, Kec. Denpasar Utara, Kota Denpasar, Bali 80237"
      },
      "geometry": {
        "type": "Point",
        "coordinates": [
          115.2281204,
          -8.6276162
        ]
      }
    },
    {
      "type": "Feature",
      "properties": {
        "name": "SD Negeri 3 Ubung",
        "category": "sekolah_dasar",
        "region": "Denpasar City",
        "confidence": 0.84,
        "source_file": "LZIT5G8W.xlsx",
        "address": "Jl. Tunggul Ametung No.15, Ubung Kaja, Kec. Denpasar Utara, Kota Denpasar, Bali 80115"
      },
      "geometry": {
        "type": "Point",
        "coordinates": [
          115.2043158,
          -8.6244197
        ]
      }
    },
    {
      "type": "Feature",
      "properties": {
        "name": "SD Negeri 4 Ubung",
        "category": "sekolah_dasar",
        "region": "Denpasar City",
        "confidence": 0.84,
        "source_file": "LZIT5G8W.xlsx",
        "address": "96G3+8RJ, Jl. Tunggul Ametung, Ubung Kaja, Kec. Denpasar Utara, Kota Denpasar, Bali 80115"
      },
      "geometry": {
        "type": "Point",
        "coordinates": [
          115.2045031,
          -8.6241611
        ]
      }
    },
    {
      "type": "Feature",
      "properties": {
        "name": "SD Negeri 5 Peguyangan",
        "category": "sekolah_dasar",
        "region": "Denpasar City",
        "confidence": 0.84,
        "source_file": "LZIT5G8W.xlsx",
        "address": "Jl. Singasari Utara No.28, Dauh Puri Kaja, Kec. Denpasar Utara, Kota Denpasar, Bali 80233"
      },
      "geometry": {
        "type": "Point",
        "coordinates": [
          115.2127654,
          -8.6283922
        ]
      }
    },
    {
      "type": "Feature",
      "properties": {
        "name": "SOL SEPATU KOPER RESLETINGGARANSI - PEREMPATAN TOHPATI POJOK BALI BARONG HP",
        "category": "penjahit",
        "region": "Denpasar City",
        "confidence": 0.9,
        "source_file": "JQLVN4D2.xlsx",
        "address": "Jl. Gatot Subroto Tim. No.2, Kesiman Kertalangu, Kec. Denpasar Tim., Kota Denpasar, Bali 80237"
      },
      "geometry": {
        "type": "Point",
        "coordinates": [
          115.2536969,
          -8.6384062
        ]
      }
    },
    {
      "type": "Feature",
      "properties": {
        "name": "SPBU MARLBORO TEUKU UMAR BARAT 54.801.38",
        "category": "pom_bensin_spbu",
        "region": "Denpasar City",
        "confidence": 0.87,
        "source_file": "JQLVN4D2.xlsx",
        "address": "Jl. Teuku Umar, Pemecutan Klod, Kec. Denpasar Bar., Kota Denpasar, Bali 80114"
      },
      "geometry": {
        "type": "Point",
        "coordinates": [
          115.1913771,
          -8.6818895
        ]
      }
    },
    {
      "type": "Feature",
      "properties": {
        "name": "SPBU Pertamina 54.801.32",
        "category": "pom_bensin_spbu",
        "region": "Denpasar City",
        "confidence": 0.87,
        "source_file": "JQLVN4D2.xlsx",
        "address": "Jl. Gn. Soputan No.29, Pemecutan Klod, Kec. Denpasar Bar., Kota Denpasar, Bali 80119"
      },
      "geometry": {
        "type": "Point",
        "coordinates": [
          115.1867784,
          -8.6869982
        ]
      }
    },
    {
      "type": "Feature",
      "properties": {
        "name": "SPORTS STATION LEVEL 21 MALL",
        "category": "sportswear_store",
        "region": "Denpasar City",
        "confidence": 0.9,
        "source_file": "GY9B25DK.xlsx",
        "address": "Level 21 Mall, Jl. Teuku Umar No.1 lt.2, Dauh Puri Klod, Denpasar Barat, Denpasar City, Bali 80113"
      },
      "geometry": {
        "type": "Point",
        "coordinates": [
          115.2142966,
          -8.6698669
        ]
      }
    },
    {
      "type": "Feature",
      "properties": {
        "name": "Sekolah Dasar Negeri 1 Peguyangan",
        "category": "sekolah_dasar",
        "region": "Denpasar City",
        "confidence": 0.84,
        "source_file": "LZIT5G8W.xlsx",
        "address": "Jl. Ahmad Yani Utara No.364, Peguyangan, Kec. Denpasar Utara, Kota Denpasar, Bali 80239"
      },
      "geometry": {
        "type": "Point",
        "coordinates": [
          115.213427,
          -8.6132417
        ]
      }
    },
    {
      "type": "Feature",
      "properties": {
        "name": "Sekolah Dasar Negeri 1 Penatih",
        "category": "sekolah_dasar",
        "region": "Denpasar City",
        "confidence": 0.84,
        "source_file": "LZIT5G8W.xlsx",
        "address": "Jl. Trenggana No.8, Penatih, Kec. Denpasar Tim., Kota Denpasar, Bali 80237"
      },
      "geometry": {
        "type": "Point",
        "coordinates": [
          115.2411545,
          -8.6222274
        ]
      }
    },
    {
      "type": "Feature",
      "properties": {
        "name": "Sekolah Dasar Negeri 1 Ubung",
        "category": "sekolah_dasar",
        "region": "Denpasar City",
        "confidence": 0.84,
        "source_file": "LZIT5G8W.xlsx",
        "address": "9693+328, Jl. Cokroaminoto, Ubung, Kec. Denpasar Utara, Kota Denpasar, Bali 80116"
      },
      "geometry": {
        "type": "Point",
        "coordinates": [
          115.2025791,
          -8.6323335
        ]
      }
    },
    {
      "type": "Feature",
      "properties": {
        "name": "Sekolah Dasar Negeri 10 Peguyangan",
        "category": "sekolah_dasar",
        "region": "Denpasar City",
        "confidence": 0.84,
        "source_file": "LZIT5G8W.xlsx",
        "address": "9697+5XX, Jl. Singasari Utara, Peguyangan, Kec. Denpasar Utara, Kota Denpasar, Bali 80233"
      },
      "geometry": {
        "type": "Point",
        "coordinates": [
          115.2149939,
          -8.6320108
        ]
      }
    },
    {
      "type": "Feature",
      "properties": {
        "name": "Sekolah Dasar Negeri 11 Kesiman",
        "category": "sekolah_dasar",
        "region": "Denpasar City",
        "confidence": 0.84,
        "source_file": "LZIT5G8W.xlsx",
        "address": "Gg. III No.IV, Kesiman, Kec. Denpasar Tim., Kota Denpasar, Bali 80237"
      },
      "geometry": {
        "type": "Point",
        "coordinates": [
          115.2413614,
          -8.6458957
        ]
      }
    },
    {
      "type": "Feature",
      "properties": {
        "name": "Sekolah Dasar Negeri 11 Peguyangan",
        "category": "sekolah_dasar",
        "region": "Denpasar City",
        "confidence": 0.84,
        "source_file": "LZIT5G8W.xlsx",
        "address": "Jl. Lembusora No.30, Peguyangan, Kec. Denpasar Utara, Kota Denpasar, Bali 80115"
      },
      "geometry": {
        "type": "Point",
        "coordinates": [
          115.2063326,
          -8.6199919
        ]
      }
    },
    {
      "type": "Feature",
      "properties": {
        "name": "Sekolah Dasar Negeri 12 Peguyangan",
        "category": "sekolah_dasar",
        "region": "Denpasar City",
        "confidence": 0.84,
        "source_file": "LZIT5G8W.xlsx",
        "address": "Jl. Tunjung Tutur No.11, Peguyangan Kaja, Kec. Denpasar Utara, Kota Denpasar, Bali 80115"
      },
      "geometry": {
        "type": "Point",
        "coordinates": [
          115.2078707,
          -8.6047646
        ]
      }
    },
    {
      "type": "Feature",
      "properties": {
        "name": "Sekolah Dasar Negeri 18 Dangin Puri",
        "category": "sekolah_dasar",
        "region": "Denpasar City",
        "confidence": 0.84,
        "source_file": "LZIT5G8W.xlsx",
        "address": "Jl. Sandat No.5, Dangin Puri Kangin, Kec. Denpasar Utara, Kota Denpasar, Bali 80234"
      },
      "geometry": {
        "type": "Point",
        "coordinates": [
          115.2237601,
          -8.6418909
        ]
      }
    },
    {
      "type": "Feature",
      "properties": {
        "name": "Sekolah Dasar Negeri 2 Penatih",
        "category": "sekolah_dasar",
        "region": "Denpasar City",
        "confidence": 0.84,
        "source_file": "LZIT5G8W.xlsx",
        "address": "96MW+62C, Jl. Nagasari, Penatih Dangin Puri, Kec. Denpasar Tim., Kota Denpasar, Bali 80237"
      },
      "geometry": {
        "type": "Point",
        "coordinates": [
          115.245022,
          -8.616949
        ]
      }
    },
    {
      "type": "Feature",
      "properties": {
        "name": "Sekolah Dasar Negeri 2 Ubung",
        "category": "sekolah_dasar",
        "region": "Denpasar City",
        "confidence": 0.84,
        "source_file": "LZIT5G8W.xlsx",
        "address": "Jl. Irawan No.16, Ubung Kaja, Kec. Denpasar Utara, Kota Denpasar, Bali 80116"
      },
      "geometry": {
        "type": "Point",
        "coordinates": [
          115.1974017,
          -8.6160248
        ]
      }
    },
    {
      "type": "Feature",
      "properties": {
        "name": "Sekolah Dasar Negeri 5 Penatih",
        "category": "sekolah_dasar",
        "region": "Denpasar City",
        "confidence": 0.84,
        "source_file": "LZIT5G8W.xlsx",
        "address": "Jl. Sangalangit No.3, Penatih, Kec. Denpasar Tim., Kota Denpasar, Bali 80237"
      },
      "geometry": {
        "type": "Point",
        "coordinates": [
          115.2427903,
          -8.633749
        ]
      }
    },
    {
      "type": "Feature",
      "properties": {
        "name": "Sekolah Dasar Negeri 6 Kesiman",
        "category": "sekolah_dasar",
        "region": "Denpasar City",
        "confidence": 0.84,
        "source_file": "LZIT5G8W.xlsx",
        "address": "Jl. Sulatri II No.11, Kesiman Petilan, Kec. Denpasar Tim., Kota Denpasar, Bali 80237"
      },
      "geometry": {
        "type": "Point",
        "coordinates": [
          115.2416822,
          -8.6432961
        ]
      }
    },
    {
      "type": "Feature",
      "properties": {
        "name": "Sekolah Dasar Negeri 7 Kesiman",
        "category": "sekolah_dasar",
        "region": "Denpasar City",
        "confidence": 0.84,
        "source_file": "LZIT5G8W.xlsx",
        "address": "Jl. Gemitir No.36, Kesiman Kertalangu, Kec. Denpasar Tim., Kota Denpasar, Bali 80237"
      },
      "geometry": {
        "type": "Point",
        "coordinates": [
          115.2637217,
          -8.6427428
        ]
      }
    },
    {
      "type": "Feature",
      "properties": {
        "name": "Sekolah Dasar Negeri 8 Padang Sambian",
        "category": "sekolah_dasar",
        "region": "Denpasar City",
        "confidence": 0.84,
        "source_file": "LZIT5G8W.xlsx",
        "address": "Jl. Kebo Iwa No.20, Padangsambian Kaja, Kec. Denpasar Bar., Kota Denpasar, Bali 80116"
      },
      "geometry": {
        "type": "Point",
        "coordinates": [
          115.1837644,
          -8.6202356
        ]
      }
    },
    {
      "type": "Feature",
      "properties": {
        "name": "Sekolah Dasar Negeri 8 Peguyangan",
        "category": "sekolah_dasar",
        "region": "Denpasar City",
        "confidence": 0.84,
        "source_file": "LZIT5G8W.xlsx",
        "address": "Jl. Sentanu No.24, Peguyangan Kaja, Kec. Denpasar Utara, Kota Denpasar, Bali 80239"
      },
      "geometry": {
        "type": "Point",
        "coordinates": [
          115.2156817,
          -8.6058033
        ]
      }
    },
    {
      "type": "Feature",
      "properties": {
        "name": "Sekolah Dasar Negeri No. 3 Peguyangan",
        "category": "sekolah_dasar",
        "region": "Denpasar City",
        "confidence": 0.84,
        "source_file": "LZIT5G8W.xlsx",
        "address": "Jl. Ahmad Yani Utara No.332, Peguyangan, Kec. Denpasar Utara, Kota Denpasar, Bali 80239"
      },
      "geometry": {
        "type": "Point",
        "coordinates": [
          115.2124903,
          -8.6169371
        ]
      }
    },
    {
      "type": "Feature",
      "properties": {
        "name": "Sekolah Dasar Negeri No. 3 Penatih",
        "category": "sekolah_dasar",
        "region": "Denpasar City",
        "confidence": 0.84,
        "source_file": "LZIT5G8W.xlsx",
        "address": "Jl. Trenggana No.167, Penatih, Kec. Denpasar Tim., Kota Denpasar, Bali 80238"
      },
      "geometry": {
        "type": "Point",
        "coordinates": [
          115.2333538,
          -8.599946
        ]
      }
    },
    {
      "type": "Feature",
      "properties": {
        "name": "Simpang Marlboro Teuku Umar",
        "category": "gedung_apartemen",
        "region": "Denpasar City",
        "confidence": 0.84,
        "source_file": "JQLVN4D2.xlsx",
        "address": "Jl. Teuku Umar Barat No.234A, Padangsambian, Kec. Denpasar Bar., Kota Denpasar, Bali 80119"
      },
      "geometry": {
        "type": "Point",
        "coordinates": [
          115.1893259,
          -8.6812433
        ]
      }
    },
    {
      "type": "Feature",
      "properties": {
        "name": "Simpang Sudirman",
        "category": "perhentian_bus",
        "region": "Denpasar City",
        "confidence": 0.87,
        "source_file": "JQLVN4D2.xlsx",
        "address": "Dauh Puri, Kec. Denpasar Bar., Kota Denpasar, Bali"
      },
      "geometry": {
        "type": "Point",
        "coordinates": [
          115.21849,
          -8.66953
        ]
      }
    },
    {
      "type": "Feature",
      "properties": {
        "name": "Starbucks",
        "category": "coffee_shops",
        "region": "Denpasar City",
        "confidence": 0.9,
        "source_file": "JQLVN4D2.xlsx",
        "address": "Jl. Teuku Umar Barat No.157, Padangsambian, Kec. Denpasar Bar., Kota Denpasar, Bali 80119"
      },
      "geometry": {
        "type": "Point",
        "coordinates": [
          115.1896565,
          -8.6816058
        ]
      }
    },
    {
      "type": "Feature",
      "properties": {
        "name": "TIKI Cabang Denpasar",
        "category": "jasa_kurir",
        "region": "Denpasar City",
        "confidence": 0.87,
        "source_file": "JQLVN4D2.xlsx",
        "address": "Jl. Kapten Regug No.1, Dangin Puri, Kec. Denpasar Tim., Kota Denpasar, Bali 80232"
      },
      "geometry": {
        "type": "Point",
        "coordinates": [
          115.2189006,
          -8.6580653
        ]
      }
    },
    {
      "type": "Feature",
      "properties": {
        "name": "TOKO CV FENNY BAHAN KUE - KARTINI",
        "category": "toko_peralatan_dan_bahan_kue",
        "region": "Denpasar City",
        "confidence": 0.9,
        "source_file": "JQLVN4D2.xlsx",
        "address": "Jl. Kartini No.83, Dauh Puri Kaja, Kec. Denpasar Utara, Kota Denpasar, Bali 80231"
      },
      "geometry": {
        "type": "Point",
        "coordinates": [
          115.2131637,
          -8.6521338
        ]
      }
    },
    {
      "type": "Feature",
      "properties": {
        "name": "TOKO KEBAYA SERBA 35rb",
        "category": "toko_pakaian",
        "region": "Denpasar City",
        "confidence": 0.9,
        "source_file": "JQLVN4D2.xlsx",
        "address": "Jl. Buluh Indah No.2, Pemecutan Kaja, Kec. Denpasar Utara, Kota Denpasar, Bali 80118"
      },
      "geometry": {
        "type": "Point",
        "coordinates": [
          115.1955961,
          -8.6511515
        ]
      }
    },
    {
      "type": "Feature",
      "properties": {
        "name": "Ta Wan - Level 21 Bali",
        "category": "restaurants",
        "region": "Denpasar City",
        "confidence": 0.9,
        "source_file": "GY9B25DK.xlsx",
        "address": "Jl. Teuku Umar No.1, Dauh Puri Klod, Kec. Denpasar Bar., Kota Denpasar, Bali 80114"
      },
      "geometry": {
        "type": "Point",
        "coordinates": [
          115.2146962,
          -8.6696437
        ]
      }
    },
    {
      "type": "Feature",
      "properties": {
        "name": "Taman Melanting Temple",
        "category": "pura",
        "region": "Denpasar City",
        "confidence": 0.87,
        "source_file": "JQLVN4D2.xlsx",
        "address": "Jl. Gunung Salak Tegal Lantang No.17x, Padangsambian Klod, Kec. Denpasar Bar., Kota Denpasar, Bali 80117"
      },
      "geometry": {
        "type": "Point",
        "coordinates": [
          115.1808915,
          -8.6736029
        ]
      }
    },
    {
      "type": "Feature",
      "properties": {
        "name": "Taman Pancing",
        "category": "komplek_perumahan",
        "region": "Denpasar City",
        "confidence": 0.84,
        "source_file": "JQLVN4D2.xlsx",
        "address": "Jl. Raya Pemogan No.6, Pemogan, Denpasar Selatan, Kota Denpasar, Bali 80221"
      },
      "geometry": {
        "type": "Point",
        "coordinates": [
          115.1976793,
          -8.7000152
        ]
      }
    },
    {
      "type": "Feature",
      "properties": {
        "name": "Taman Wisata Tukad Bindu",
        "category": "attractions",
        "region": "Denpasar City",
        "confidence": 0.9,
        "source_file": "wisata.xlsx, XLU5DC2A.xlsx",
        "address": "Jl. Turi No.68a, Kesiman, Kec. Denpasar Tim., Kota Denpasar, Bali 80235"
      },
      "geometry": {
        "type": "Point",
        "coordinates": [
          115.2358125,
          -8.6437911
        ]
      }
    },
    {
      "type": "Feature",
      "properties": {
        "name": "Taman pancing",
        "category": "komplek_perumahan",
        "region": "Denpasar City",
        "confidence": 0.87,
        "source_file": "JQLVN4D2.xlsx",
        "address": "75VR+9PC, Jl. Taman Pancing, Pemogan, Denpasar Selatan, Kota Denpasar, Bali"
      },
      "geometry": {
        "type": "Point",
        "coordinates": [
          115.1917762,
          -8.7065528
        ]
      }
    },
    {
      "type": "Feature",
      "properties": {
        "name": "Tengah Sesetan village hall",
        "category": "balai_masyarakat",
        "region": "Denpasar City",
        "confidence": 0.9,
        "source_file": "4ZDU3D7D.xlsx, D7RSP2LU.xlsx, F5265UR2.xlsx",
        "address": "Jl. Tukad Yeh Biu No.23, Sesetan, Denpasar Selatan, Kota Denpasar, Bali 80114"
      },
      "geometry": {
        "type": "Point",
        "coordinates": [
          115.2161374,
          -8.6853685
        ]
      }
    },
    {
      "type": "Feature",
      "properties": {
        "name": "Teuku Umar 4",
        "category": "perhentian_bus",
        "region": "Denpasar City",
        "confidence": 0.87,
        "source_file": "JQLVN4D2.xlsx",
        "address": "Dauh Puri Kauh, Kec. Denpasar Bar., Kota Denpasar, Bali"
      },
      "geometry": {
        "type": "Point",
        "coordinates": [
          115.2028,
          -8.68076
        ]
      }
    },
    {
      "type": "Feature",
      "properties": {
        "name": "Teuku Umar 5",
        "category": "perhentian_bus",
        "region": "Denpasar City",
        "confidence": 0.84,
        "source_file": "JQLVN4D2.xlsx",
        "address": "Dauh Puri Kauh, Kec. Denpasar Bar., Kota Denpasar, Bali"
      },
      "geometry": {
        "type": "Point",
        "coordinates": [
          115.20318,
          -8.68038
        ]
      }
    },
    {
      "type": "Feature",
      "properties": {
        "name": "Timezone Level 21 Mall 1st Floor - Arcade Games",
        "category": "attractions",
        "region": "Denpasar City",
        "confidence": 0.9,
        "source_file": "GY9B25DK.xlsx",
        "address": "Jl. Teuku Umar No.1, Dauh Puri Klod, Kec. Denpasar Bar., Kota Denpasar, Bali 80113"
      },
      "geometry": {
        "type": "Point",
        "coordinates": [
          115.2144994,
          -8.6698526
        ]
      }
    },
    {
      "type": "Feature",
      "properties": {
        "name": "Tohpati Garden",
        "category": "taman",
        "region": "Denpasar City",
        "confidence": 0.9,
        "source_file": "JQLVN4D2.xlsx",
        "address": "Jl. WR Supratman No.226, Kesiman Petilan, Kec. Denpasar Tim., Kota Denpasar, Bali 80237"
      },
      "geometry": {
        "type": "Point",
        "coordinates": [
          115.2465085,
          -8.6452733
        ]
      }
    },
    {
      "type": "Feature",
      "properties": {
        "name": "Toko Family",
        "category": "store",
        "region": "Denpasar City",
        "confidence": 0.84,
        "source_file": "ZDNRHRHP.xlsx",
        "address": "Jl. Tukad Melangit No.39, Dauh Puri Klod, Kec. Denpasar Bar., Kota Denpasar, Bali 80225"
      },
      "geometry": {
        "type": "Point",
        "coordinates": [
          115.2235097,
          -8.6811444
        ]
      }
    },
    {
      "type": "Feature",
      "properties": {
        "name": "Toko Iwaka",
        "category": "toko_bahan_makanan",
        "region": "Denpasar City",
        "confidence": 0.87,
        "source_file": "ZDNRHRHP.xlsx",
        "address": "Jl. Pulau Bungin No.102, Pedungan, Denpasar Selatan, Kota Denpasar, Bali 80114"
      },
      "geometry": {
        "type": "Point",
        "coordinates": [
          115.2009665,
          -8.6903189
        ]
      }
    },
    {
      "type": "Feature",
      "properties": {
        "name": "Toko Suci Sari Jaya",
        "category": "pusat_perbelanjaan",
        "region": "Denpasar City",
        "confidence": 0.87,
        "source_file": "JQLVN4D2.xlsx",
        "address": "Jl. Hasanudin Gg. 1 No.7, Dauh Puri Kangin, Kec. Denpasar Bar., Kota Denpasar, Bali 80112"
      },
      "geometry": {
        "type": "Point",
        "coordinates": [
          115.2144881,
          -8.6592707
        ]
      }
    },
    {
      "type": "Feature",
      "properties": {
        "name": "Total Kargo",
        "category": "jasa_pengiriman_kargo",
        "region": "Denpasar City",
        "confidence": 0.9,
        "source_file": "JQLVN4D2.xlsx",
        "address": "Jl. Gn. Himalaya No.11, Pemecutan Kaja, Kec. Denpasar Utara, Kota Denpasar, Bali 80111"
      },
      "geometry": {
        "type": "Point",
        "coordinates": [
          115.1977217,
          -8.6440563
        ]
      }
    },
    {
      "type": "Feature",
      "properties": {
        "name": "Tri spa",
        "category": "balai_masyarakat",
        "region": "Denpasar City",
        "confidence": 0.9,
        "source_file": "4ZDU3D7D.xlsx, F5265UR2.xlsx",
        "address": "Jl. Gn. Lebah I Gg. II, banjar sari buana, Kec. Denpasar Bar., Kota Denpasar, Bali 80112"
      },
      "geometry": {
        "type": "Point",
        "coordinates": [
          115.1941375,
          -8.6673284
        ]
      }
    },
    {
      "type": "Feature",
      "properties": {
        "name": "Triple A",
        "category": "minimarket",
        "region": "Denpasar City",
        "confidence": 0.87,
        "source_file": "ZDNRHRHP.xlsx",
        "address": "Jl. Waturenggong, Panjer, Denpasar Selatan, Kota Denpasar, Bali 80225"
      },
      "geometry": {
        "type": "Point",
        "coordinates": [
          115.2257651,
          -8.6785219
        ]
      }
    },
    {
      "type": "Feature",
      "properties": {
        "name": "UD. Buluh Indah",
        "category": "toko",
        "region": "Denpasar City",
        "confidence": 0.87,
        "source_file": "JQLVN4D2.xlsx",
        "address": "Jl. Buluh Indah No.26, Padangsambian, Kec. Denpasar Bar., Kota Denpasar, Bali 80119"
      },
      "geometry": {
        "type": "Point",
        "coordinates": [
          115.1905154,
          -8.6630979
        ]
      }
    },
    {
      "type": "Feature",
      "properties": {
        "name": "Urban Lane eatery & coffee",
        "category": "restaurants",
        "region": "Denpasar City",
        "confidence": 0.9,
        "source_file": "GY9B25DK.xlsx",
        "address": "Jl. Diponegoro, Dauh Puri Kangin, Kec. Denpasar Bar., Kota Denpasar, Bali 80113"
      },
      "geometry": {
        "type": "Point",
        "coordinates": [
          115.2145571,
          -8.6701549
        ]
      }
    },
    {
      "type": "Feature",
      "properties": {
        "name": "Warung Bambang",
        "category": "toko",
        "region": "Denpasar City",
        "confidence": 0.9,
        "source_file": "ZDNRHRHP.xlsx",
        "address": "Jl. Tukad Pancoran IV A2 No. 2, Panjer, Denpasar Selatan, Dauh Puri Klod, Kec. Denpasar Bar., Kota Denpasar, Bali 80223"
      },
      "geometry": {
        "type": "Point",
        "coordinates": [
          115.2291986,
          -8.6905756
        ]
      }
    },
    {
      "type": "Feature",
      "properties": {
        "name": "Warung Frengki 2024",
        "category": "warung_nasi",
        "region": "Denpasar City",
        "confidence": 0.87,
        "source_file": "JQLVN4D2.xlsx",
        "address": "Jl. Gn. Ringin V No.7, Tegal Harum, Kec. Denpasar Bar., Kota Denpasar, Bali 80111"
      },
      "geometry": {
        "type": "Point",
        "coordinates": [
          115.1970847,
          -8.6696593
        ]
      }
    },
    {
      "type": "Feature",
      "properties": {
        "name": "Warung PRABA",
        "category": "restaurants",
        "region": "Denpasar City",
        "confidence": 0.87,
        "source_file": "ZDNRHRHP.xlsx",
        "address": "H (masuk, Gg. Bumiayu gang H pertigaan pertama, belok kanan, Kec. Denpasar Bar., Kota Denpasar, Bali 80111"
      },
      "geometry": {
        "type": "Point",
        "coordinates": [
          115.1982064,
          -8.656218
        ]
      }
    },
    {
      "type": "Feature",
      "properties": {
        "name": "Warung Perempatan Tegal Dukuh",
        "category": "restaurants",
        "region": "Denpasar City",
        "confidence": 0.87,
        "source_file": "JQLVN4D2.xlsx",
        "address": "954Q+WQW, Jl. Tegal Dukuh Sel., Padangsambian, Kec. Denpasar Bar., Kota Denpasar, Bali 80118"
      },
      "geometry": {
        "type": "Point",
        "coordinates": [
          115.1894574,
          -8.642642
        ]
      }
    },
    {
      "type": "Feature",
      "properties": {
        "name": "Warung Sembako Yusma",
        "category": "toko",
        "region": "Denpasar City",
        "confidence": 0.84,
        "source_file": "ZDNRHRHP.xlsx",
        "address": "Jl. Tukad Buaji Pertigaan No.285, Sesetan, Denpasar Selatan, Kota Denpasar, Bali 80225"
      },
      "geometry": {
        "type": "Point",
        "coordinates": [
          115.2223325,
          -8.6892715
        ]
      }
    },
    {
      "type": "Feature",
      "properties": {
        "name": "Warung terapi susi",
        "category": "warung_nasi",
        "region": "Denpasar City",
        "confidence": 0.87,
        "source_file": "ZDNRHRHP.xlsx",
        "address": "Pertigaan lampu merah watu renggong arah, Rumah Sakit Sanglah, Persis di pertigaan lampu merah tusuk sate, Jl. Waturenggong Dekat sma 2 No.40, Kota Denpasar, Bali 80223"
      },
      "geometry": {
        "type": "Point",
        "coordinates": [
          115.2172916,
          -8.6770785
        ]
      }
    },
    {
      "type": "Feature",
      "properties": {
        "name": "Warungmu Sate Kambing Asli Solo",
        "category": "restoran_sate",
        "region": "Denpasar City",
        "confidence": 0.9,
        "source_file": "JQLVN4D2.xlsx",
        "address": "Jl. Teuku Umar Barat No 160 ( Perempatan Gunung Lumut), Padangsambian,, Padangsambian Klod, Kec. Denpasar Bar., Kota Denpasar, Bali 80117"
      },
      "geometry": {
        "type": "Point",
        "coordinates": [
          115.182502,
          -8.6732794
        ]
      }
    },
    {
      "type": "Feature",
      "properties": {
        "name": "Wisata Edukasi Subak Teba Majalangu",
        "category": "attractions",
        "region": "Denpasar City",
        "confidence": 0.9,
        "source_file": "wisata.xlsx, XLU5DC2A.xlsx",
        "address": "Gg. Bakung Sari No.D-15, Kesiman Kertalangu, Kec. Denpasar Tim., Kota Denpasar, Bali 80237"
      },
      "geometry": {
        "type": "Point",
        "coordinates": [
          115.2599448,
          -8.6433169
        ]
      }
    },
    {
      "type": "Feature",
      "properties": {
        "name": "ZUMA Denpasar Junction Level 21 Mall",
        "category": "shoe_store",
        "region": "Denpasar City",
        "confidence": 0.9,
        "source_file": "GY9B25DK.xlsx",
        "address": "3rd Floor Level 21 Mall FF 39, Jl. Teuku Umar No.1, Dauh Puri Klod, Kota Denpasar, Bali 80113"
      },
      "geometry": {
        "type": "Point",
        "coordinates": [
          115.2142966,
          -8.6698669
        ]
      }
    },
    {
      "type": "Feature",
      "properties": {
        "name": "banjar mertanadhi",
        "category": "community_center",
        "region": "Denpasar City",
        "confidence": 0.84,
        "source_file": "4ZDU3D7D.xlsx, D7RSP2LU.xlsx, F5265UR2.xlsx",
        "address": "86WG+MM6, Sumerta Kauh, Kec. Denpasar Tim., Kota Denpasar, Bali 80236"
      },
      "geometry": {
        "type": "Point",
        "coordinates": [
          115.2266472,
          -8.6533463
        ]
      }
    },
    {
      "type": "Feature",
      "properties": {
        "name": "iFotel Ex-Hotel",
        "category": "toko",
        "region": "Denpasar City",
        "confidence": 0.9,
        "source_file": "ZDNRHRHP.xlsx",
        "address": "tepat di pertigaaan Tepat di ujung pertigaan, Jl. Bedugul No.31, Sidakarya, Denpasar Selatan, Kota Denpasar, Bali 80224"
      },
      "geometry": {
        "type": "Point",
        "coordinates": [
          115.2269509,
          -8.6951222
        ]
      }
    },
    {
      "type": "Feature",
      "properties": {
        "name": "pertigaan mantap",
        "category": "komplek_perumahan",
        "region": "Denpasar City",
        "confidence": 0.84,
        "source_file": "ZDNRHRHP.xlsx",
        "address": "Kos Durian No.18, Sumerta Kelod, Kec. Denpasar Tim., Kota Denpasar, Bali 80239"
      },
      "geometry": {
        "type": "Point",
        "coordinates": [
          115.2452426,
          -8.6586391
        ]
      }
    },
    {
      "type": "Feature",
      "properties": {
        "name": "\uae40\uc9dc\uc7a5",
        "category": "restaurants",
        "region": "Denpasar City",
        "confidence": 0.84,
        "source_file": "GY9B25DK.xlsx",
        "address": "DENPASAR JUNCTION, Jl. Teuku Umar No.1, Dauh Puri Klod, Kec. Denpasar Bar., Kota Denpasar, Bali 80113"
      },
      "geometry": {
        "type": "Point",
        "coordinates": [
          115.2144107,
          -8.6697772
        ]
      }
    },
    {
      "type": "Feature",
      "properties": {
        "name": "Bali Car Charter & Hire Bali Driver - Pacung Transport",
        "category": "layanan_transportasi",
        "region": "Denpasar Selatan",
        "confidence": 0.87,
        "source_file": "JQLVN4D2.xlsx",
        "address": "Jl. Glogor Carik Gg. Perempatan No.2, Pemogan, Denpasar Selatan, Bali 80221"
      },
      "geometry": {
        "type": "Point",
        "coordinates": [
          115.1897411,
          -8.7086508
        ]
      }
    },
    {
      "type": "Feature",
      "properties": {
        "name": "Gauri Helm Shop WR Supratman",
        "category": "store",
        "region": "Denpasar Timur",
        "confidence": 0.9,
        "source_file": "JQLVN4D2.xlsx",
        "address": "Jalan Wage R Supratman No 105 Perempatan, Jl. Kecubung Jl. Kenyeri, Sumerta Kaja, East Denpasar, Denpasar Timur, Bali 80237"
      },
      "geometry": {
        "type": "Point",
        "coordinates": [
          115.2296653,
          -8.6490991
        ]
      }
    },
    {
      "type": "Feature",
      "properties": {
        "name": "Balai Banjar Batur, Peguyangan Kaja",
        "category": "balai_masyarakat",
        "region": "Denpasar Utara",
        "confidence": 0.87,
        "source_file": "4ZDU3D7D.xlsx, 20F8ADAH.xlsx, D7RSP2LU.xlsx, F5265UR2.xlsx, QP4FQ600.xlsx, S33E300D.xlsx",
        "address": "96X7+9PX, Jl. Ahmad Yani Utara, Peguyangan Kaja, Denpasar Utara, Kota Denpasar, Bali, Peguyangan Kaja, Kec. Denpasar Utara, Denpasar Utara, Bali 80239"
      },
      "geometry": {
        "type": "Point",
        "coordinates": [
          115.2143548,
          -8.6015123
        ]
      }
    },
    {
      "type": "Feature",
      "properties": {
        "name": "\"Balai\" Banjar Bayad (Bayad Village)",
        "category": "balai_pertemuan_desa",
        "region": "Gianyar Regency",
        "confidence": 0.9,
        "source_file": "4ZDU3D7D.xlsx, 20F8ADAH.xlsx, D7RSP2LU.xlsx, GQ3D8NMP.xlsx, MKMOSR5C.xlsx, QP4FQ600.xlsx, S33E300D.xlsx",
        "address": "Jl. Raya Kedisah No.16, Kedisan, Kec. Tegallalang, Kabupaten Gianyar, Bali 80561"
      },
      "geometry": {
        "type": "Point",
        "coordinates": [
          115.2979097,
          -8.4202471
        ]
      }
    },
    {
      "type": "Feature",
      "properties": {
        "name": "AIR TERJUN LAYANA",
        "category": "attractions",
        "region": "Gianyar Regency",
        "confidence": 0.9,
        "source_file": "wisata.xlsx, XLU5DC2A.xlsx",
        "address": "Bedulu, Blahbatuh, Gianyar Regency, Bali 80582"
      },
      "geometry": {
        "type": "Point",
        "coordinates": [
          115.28478,
          -8.5221916
        ]
      }
    },
    {
      "type": "Feature",
      "properties": {
        "name": "Adi Tara Rahayu",
        "category": "attractions",
        "region": "Gianyar Regency",
        "confidence": 0.84,
        "source_file": "wisata.xlsx, XLU5DC2A.xlsx",
        "address": "Tulikup, Gianyar, Gianyar Regency, Bali 80515"
      },
      "geometry": {
        "type": "Point",
        "coordinates": [
          115.3586974,
          -8.5478247
        ]
      }
    },
    {
      "type": "Feature",
      "properties": {
        "name": "Agro Wisata Tulikup",
        "category": "attractions",
        "region": "Gianyar Regency",
        "confidence": 0.9,
        "source_file": "wisata.xlsx, XLU5DC2A.xlsx",
        "address": "F926+C86 Carik ten dangin, Tulikup, Kec. Gianyar, Kabupaten Gianyar, Bali"
      },
      "geometry": {
        "type": "Point",
        "coordinates": [
          115.36077,
          -8.5489662
        ]
      }
    },
    {
      "type": "Feature",
      "properties": {
        "name": "Air Terjun Apit Aungan Pejeng",
        "category": "attractions",
        "region": "Gianyar Regency",
        "confidence": 0.9,
        "source_file": "wisata.xlsx, XLU5DC2A.xlsx",
        "address": "F7PW+VF5, Jl. Raya Pejeng Tampaksiring, Pejeng, Kec. Tampaksiring, Kabupaten Gianyar, Bali 80552"
      },
      "geometry": {
        "type": "Point",
        "coordinates": [
          115.2962342,
          -8.512856
        ]
      }
    },
    {
      "type": "Feature",
      "properties": {
        "name": "Air Terjun Canyon Apit Pejeng",
        "category": "attractions",
        "region": "Gianyar Regency",
        "confidence": 0.87,
        "source_file": "wisata.xlsx, XLU5DC2A.xlsx",
        "address": "F7PW+VG5, Jl. Raya Pejeng Tampaksiring, Pejeng, Kec. Tampaksiring, Kabupaten Gianyar, Bali 80552"
      },
      "geometry": {
        "type": "Point",
        "coordinates": [
          115.2967239,
          -8.5126103
        ]
      }
    },
    {
      "type": "Feature",
      "properties": {
        "name": "Air Terjun Gulung Tikeh Siangan",
        "category": "attractions",
        "region": "Gianyar Regency",
        "confidence": 0.87,
        "source_file": "wisata.xlsx, XLU5DC2A.xlsx",
        "address": "F8W8+PQ2, Desa Siangan banjar, siladan, Kec. Gianyar, Kabupaten Gianyar, Bali 80515"
      },
      "geometry": {
        "type": "Point",
        "coordinates": [
          115.3168837,
          -8.5032287
        ]
      }
    },
    {
      "type": "Feature",
      "properties": {
        "name": "Alun-Alun Kota Gianyar",
        "category": "attractions",
        "region": "Gianyar Regency",
        "confidence": 0.9,
        "source_file": "wisata.xlsx, XLU5DC2A.xlsx",
        "address": "F84J+Q39, Jl. Pudak, Gianyar, Kec. Gianyar, Kabupaten Gianyar, Bali 80511"
      },
      "geometry": {
        "type": "Point",
        "coordinates": [
          115.3298633,
          -8.5424452
        ]
      }
    },
    {
      "type": "Feature",
      "properties": {
        "name": "Anddy Bali Gypsum",
        "category": "kantor_pendaftaran_kekayaan_intelektual",
        "region": "Gianyar Regency",
        "confidence": 0.87,
        "source_file": "RZVRQ2SY.xlsx",
        "address": "Jl. Giri Sari No.1 A, Buruan, Kec. Blahbatuh, Kabupaten Gianyar, Bali 80581"
      },
      "geometry": {
        "type": "Point",
        "coordinates": [
          115.304854,
          -8.5427072
        ]
      }
    },
    {
      "type": "Feature",
      "properties": {
        "name": "Anja Print",
        "category": "balai_masyarakat",
        "region": "Gianyar Regency",
        "confidence": 0.9,
        "source_file": "4ZDU3D7D.xlsx, 20F8ADAH.xlsx, D7RSP2LU.xlsx, QP4FQ600.xlsx",
        "address": "Br. Tameng, Celuk, Kec. Sukawati, Kabupaten Gianyar, Bali 80582"
      },
      "geometry": {
        "type": "Point",
        "coordinates": [
          115.2770248,
          -8.6032568
        ]
      }
    },
    {
      "type": "Feature",
      "properties": {
        "name": "Atv Ride Keramas Park",
        "category": "attractions",
        "region": "Gianyar Regency",
        "confidence": 0.87,
        "source_file": "wisata.xlsx, XLU5DC2A.xlsx",
        "address": "Jl. Maruti No.8, Keramas, Kec. Blahbatuh, Kabupaten Gianyar, Bali 80581"
      },
      "geometry": {
        "type": "Point",
        "coordinates": [
          115.3272119,
          -8.5716251
        ]
      }
    },
    {
      "type": "Feature",
      "properties": {
        "name": "Ayu offering class",
        "category": "attractions",
        "region": "Gianyar Regency",
        "confidence": 0.87,
        "source_file": "wisata.xlsx, XLU5DC2A.xlsx",
        "address": "Tedung, Jl. Mulawarman, Abianbase, Kec. Gianyar, Kabupaten Gianyar, Bali 80515"
      },
      "geometry": {
        "type": "Point",
        "coordinates": [
          115.3273391,
          -8.5597576
        ]
      }
    },
    {
      "type": "Feature",
      "properties": {
        "name": "BALAI BANJAR BANGKIANG SIDEM",
        "category": "balai_masyarakat",
        "region": "Gianyar Regency",
        "confidence": 0.87,
        "source_file": "20F8ADAH.xlsx, GQ3D8NMP.xlsx, MKMOSR5C.xlsx, QP4FQ600.xlsx",
        "address": "Kelusa, Payangan, Gianyar Regency, Bali 80571"
      },
      "geometry": {
        "type": "Point",
        "coordinates": [
          115.2581558,
          -8.4845819
        ]
      }
    },
    {
      "type": "Feature",
      "properties": {
        "name": "BALAI BANJAR CAGAAN KELOD",
        "category": "balai_masyarakat",
        "region": "Gianyar Regency",
        "confidence": 0.9,
        "source_file": "20F8ADAH.xlsx, GQ3D8NMP.xlsx, MKMOSR5C.xlsx, QP4FQ600.xlsx",
        "address": "Jl. Raya Pejeng Kangin No.18, Pejeng Kangin, Kec. Tampaksiring, Kabupaten Gianyar, Bali 80552"
      },
      "geometry": {
        "type": "Point",
        "coordinates": [
          115.2975584,
          -8.4967749
        ]
      }
    },
    {
      "type": "Feature",
      "properties": {
        "name": "BALAI BANJAR PASEDANA",
        "category": "balai_masyarakat",
        "region": "Gianyar Regency",
        "confidence": 0.9,
        "source_file": "4ZDU3D7D.xlsx, 20F8ADAH.xlsx, D7RSP2LU.xlsx, GQ3D8NMP.xlsx, MKMOSR5C.xlsx",
        "address": "C8W7+QWM, Bona, Kec. Blahbatuh, Kabupaten Gianyar, Bali 80581"
      },
      "geometry": {
        "type": "Point",
        "coordinates": [
          115.314804,
          -8.5530496
        ]
      }
    },
    {
      "type": "Feature",
      "properties": {
        "name": "BALAI BANJAR PERING",
        "category": "balai_masyarakat",
        "region": "Gianyar Regency",
        "confidence": 0.84,
        "source_file": "20F8ADAH.xlsx",
        "address": "C898+M27, Pering, Kec. Blahbatuh, Kabupaten Gianyar, Bali 80581"
      },
      "geometry": {
        "type": "Point",
        "coordinates": [
          115.3150401,
          -8.5808253
        ]
      }
    },
    {
      "type": "Feature",
      "properties": {
        "name": "BALAI BANJAR SEMA",
        "category": "community_center",
        "region": "Gianyar Regency",
        "confidence": 0.9,
        "source_file": "20F8ADAH.xlsx, GQ3D8NMP.xlsx, MKMOSR5C.xlsx, QP4FQ600.xlsx",
        "address": "H67W+5HG, Jl. Raya Br Sema, Melinggih, Kec. Payangan, Kabupaten Gianyar, Bali 80572, Indonesia"
      },
      "geometry": {
        "type": "Point",
        "coordinates": [
          115.2464488,
          -8.4370629
        ]
      }
    },
    {
      "type": "Feature",
      "properties": {
        "name": "BALAI BANJAR TEGENUNGAN",
        "category": "balai_masyarakat",
        "region": "Gianyar Regency",
        "confidence": 0.84,
        "source_file": "4ZDU3D7D.xlsx, 20F8ADAH.xlsx, D7RSP2LU.xlsx, QP4FQ600.xlsx",
        "address": "C7FP+6JX, Kemenuh, Kec. Sukawati, Kabupaten Gianyar, Bali"
      },
      "geometry": {
        "type": "Point",
        "coordinates": [
          115.2866006,
          -8.5768861
        ]
      }
    },
    {
      "type": "Feature",
      "properties": {
        "name": "BALAI BANJAR TEGES KANGINAN",
        "category": "balai_masyarakat",
        "region": "Gianyar Regency",
        "confidence": 0.84,
        "source_file": "20F8ADAH.xlsx",
        "address": "F7FF+XJF, Gg. Jempiring, Peliatan, Kecamatan Ubud, Kabupaten Gianyar, Bali 80571"
      },
      "geometry": {
        "type": "Point",
        "coordinates": [
          115.2740498,
          -8.5250743
        ]
      }
    },
    {
      "type": "Feature",
      "properties": {
        "name": "BALAI BANJAR TEMEN",
        "category": "tempat_acara",
        "region": "Gianyar Regency",
        "confidence": 0.87,
        "source_file": "MKMOSR5C.xlsx",
        "address": "J86J+7X2, Manukaya, Kec. Tampaksiring, Kabupaten Gianyar, Bali 80552"
      },
      "geometry": {
        "type": "Point",
        "coordinates": [
          115.332398,
          -8.3893669
        ]
      }
    },
    {
      "type": "Feature",
      "properties": {
        "name": "BALI SWING",
        "category": "attractions",
        "region": "Gianyar Regency",
        "confidence": 0.9,
        "source_file": "wisata.xlsx, XLU5DC2A.xlsx",
        "address": "Jl. Raya Sidan, Sidan, east of Ubud, Kabupaten Gianyar, Bali 80515"
      },
      "geometry": {
        "type": "Point",
        "coordinates": [
          115.3475191,
          -8.5346068
        ]
      }
    },
    {
      "type": "Feature",
      "properties": {
        "name": "BKD Kabupaten Gianyar",
        "category": "kantor_pemda",
        "region": "Gianyar Regency",
        "confidence": 0.84,
        "source_file": "RZVRQ2SY.xlsx",
        "address": "Jl. Kebo Iwa No.99, Gianyar, Kec. Gianyar, Kabupaten Gianyar, Bali 80511"
      },
      "geometry": {
        "type": "Point",
        "coordinates": [
          115.3225396,
          -8.5418225
        ]
      }
    },
    {
      "type": "Feature",
      "properties": {
        "name": "BKPSDM - Gianyar",
        "category": "federal_government_office",
        "region": "Gianyar Regency",
        "confidence": 0.84,
        "source_file": "RZVRQ2SY.xlsx",
        "address": "Jl. Ngurah Rai-Gianyar No.5-7, Gianyar, Kec. Gianyar, Kabupaten Gianyar, Bali 80511"
      },
      "geometry": {
        "type": "Point",
        "coordinates": [
          115.3242293,
          -8.5408958
        ]
      }
    },
    {
      "type": "Feature",
      "properties": {
        "name": "BPBD KABUPATEN GIANYAR",
        "category": "kantor_pemerintah",
        "region": "Gianyar Regency",
        "confidence": 0.84,
        "source_file": "RZVRQ2SY.xlsx",
        "address": "Jl. Dharma Giri, Gianyar, Kec. Gianyar, Kabupaten Gianyar, Bali 80511"
      },
      "geometry": {
        "type": "Point",
        "coordinates": [
          115.3143517,
          -8.5414974
        ]
      }
    },
    {
      "type": "Feature",
      "properties": {
        "name": "BPJS Ketenagakerjaan Bali Gianyar",
        "category": "kantor_jaminan_sosial",
        "region": "Gianyar Regency",
        "confidence": 0.9,
        "source_file": "RZVRQ2SY.xlsx",
        "address": "Jl. By Pass Darmagiri Blok J, No. 6, kel, Buruan, Kec. Blahbatuh, Kabupaten Gianyar, Bali 80581"
      },
      "geometry": {
        "type": "Point",
        "coordinates": [
          115.3059729,
          -8.5482412
        ]
      }
    },
    {
      "type": "Feature",
      "properties": {
        "name": "BPN GIANYAR / Kantor Pertanahan Kabupaten Gianyar",
        "category": "kantor_pemerintahan_daerah",
        "region": "Gianyar Regency",
        "confidence": 0.9,
        "source_file": "RZVRQ2SY.xlsx",
        "address": "Komplek Civic Center, Jl. Sahadewa No.7, Gianyar, Kec. Gianyar, Kabupaten Gianyar, Bali 80511"
      },
      "geometry": {
        "type": "Point",
        "coordinates": [
          115.3232462,
          -8.5420945
        ]
      }
    },
    {
      "type": "Feature",
      "properties": {
        "name": "BPP Tampaksiring",
        "category": "kantor_pemerintahan_regional",
        "region": "Gianyar Regency",
        "confidence": 0.87,
        "source_file": "RZVRQ2SY.xlsx",
        "address": "G78V+JHJ, Jl. Raya Pejeng Tampaksiring, Pejeng Kaja, Kec. Tampaksiring, Kabupaten Gianyar, Bali 80552"
      },
      "geometry": {
        "type": "Point",
        "coordinates": [
          115.2939053,
          -8.4834133
        ]
      }
    },
    {
      "type": "Feature",
      "properties": {
        "name": "BRIDA GIANYAR",
        "category": "kantor_pemerintah",
        "region": "Gianyar Regency",
        "confidence": 0.84,
        "source_file": "RZVRQ2SY.xlsx",
        "address": "F85F+MG2, Gianyar, Kec. Gianyar, Kabupaten Gianyar, Bali"
      },
      "geometry": {
        "type": "Point",
        "coordinates": [
          115.3237696,
          -8.5408712
        ]
      }
    },
    {
      "type": "Feature",
      "properties": {
        "name": "BUCU TELU",
        "category": "pusat_perkumpulan_remaja",
        "region": "Gianyar Regency",
        "confidence": 0.87,
        "source_file": "RZVRQ2SY.xlsx",
        "address": "Jl. Ratna No.68, Tegal Tugu, Kec. Gianyar, Kabupaten Gianyar, Bali 80515"
      },
      "geometry": {
        "type": "Point",
        "coordinates": [
          115.3352847,
          -8.5528546
        ]
      }
    },
    {
      "type": "Feature",
      "properties": {
        "name": "Badan Kesatuan Bangsa dan Politik Kabupaten Gianyar",
        "category": "kantor_pemerintah",
        "region": "Gianyar Regency",
        "confidence": 0.87,
        "source_file": "RZVRQ2SY.xlsx",
        "address": "Jl. Burung Gereja No.3, Beng, Kec. Gianyar, Kabupaten Gianyar, Bali 80513"
      },
      "geometry": {
        "type": "Point",
        "coordinates": [
          115.3245065,
          -8.5353717
        ]
      }
    },
    {
      "type": "Feature",
      "properties": {
        "name": "Badan Kesatuan Bangsa dan Politik Kabupaten Gianyar",
        "category": "kantor_pemerintah",
        "region": "Gianyar Regency",
        "confidence": 0.84,
        "source_file": "RZVRQ2SY.xlsx",
        "address": "Jl. Burung Gereja No.3, Beng, Kec. Gianyar, Kabupaten Gianyar, Bali 80513"
      },
      "geometry": {
        "type": "Point",
        "coordinates": [
          115.3245052,
          -8.5353562
        ]
      }
    },
    {
      "type": "Feature",
      "properties": {
        "name": "Badan Pendapatan Daerah Provinsi Bali Di Kab. Gianyar",
        "category": "public_works_department",
        "region": "Gianyar Regency",
        "confidence": 0.84,
        "source_file": "RZVRQ2SY.xlsx",
        "address": "F86V+FMV, Samplangan, Kec. Gianyar, Kabupaten Gianyar, Bali 80515"
      },
      "geometry": {
        "type": "Point",
        "coordinates": [
          115.3441854,
          -8.5387645
        ]
      }
    },
    {
      "type": "Feature",
      "properties": {
        "name": "Badan Pengelolaan Keuangan dan Aset Daerah Kabupaten Gianyar",
        "category": "kantor_pajak",
        "region": "Gianyar Regency",
        "confidence": 0.87,
        "source_file": "RZVRQ2SY.xlsx",
        "address": "F86C+8WQ, Gianyar, Kec. Gianyar, Kabupaten Gianyar, Bali 80511"
      },
      "geometry": {
        "type": "Point",
        "coordinates": [
          115.3223541,
          -8.5391721
        ]
      }
    },
    {
      "type": "Feature",
      "properties": {
        "name": "Badan Pusat Statistik Kabupaten Gianyar",
        "category": "kantor_pemerintah",
        "region": "Gianyar Regency",
        "confidence": 0.87,
        "source_file": "RZVRQ2SY.xlsx",
        "address": "Jl. Erlangga No.5, Gianyar, Kec. Gianyar, Kabupaten Gianyar, Bali 80511"
      },
      "geometry": {
        "type": "Point",
        "coordinates": [
          115.3232492,
          -8.5430071
        ]
      }
    },
    {
      "type": "Feature",
      "properties": {
        "name": "Bagian Umum Setda Kabupaten Gianyar",
        "category": "kantor_pemerintah",
        "region": "Gianyar Regency",
        "confidence": 0.84,
        "source_file": "RZVRQ2SY.xlsx",
        "address": "Jl. Ngurah Rai-Gianyar No.5, Gianyar, Kec. Gianyar, Kabupaten Gianyar, Bali 80511"
      },
      "geometry": {
        "type": "Point",
        "coordinates": [
          115.3242907,
          -8.5407457
        ]
      }
    },
    {
      "type": "Feature",
      "properties": {
        "name": "Bagustourbali.com - tour Bali and travelling",
        "category": "attractions",
        "region": "Gianyar Regency",
        "confidence": 0.84,
        "source_file": "wisata.xlsx, XLU5DC2A.xlsx",
        "address": "Jl. Wisma Udayana No.88, Bedulu, Kec. Blahbatuh, Kabupaten Gianyar, Bali 80581"
      },
      "geometry": {
        "type": "Point",
        "coordinates": [
          115.3027628,
          -8.5335686
        ]
      }
    },
    {
      "type": "Feature",
      "properties": {
        "name": "Balai BR. Sanding Bitra",
        "category": "balai_masyarakat",
        "region": "Gianyar Regency",
        "confidence": 0.9,
        "source_file": "MKMOSR5C.xlsx",
        "address": "Sanding, Kec. Tampaksiring, Kabupaten Gianyar, Bali 80552"
      },
      "geometry": {
        "type": "Point",
        "coordinates": [
          115.2960365,
          -8.4682075
        ]
      }
    },
    {
      "type": "Feature",
      "properties": {
        "name": "Balai Banjar - Banjar Benawah Kangin",
        "category": "community_center",
        "region": "Gianyar Regency",
        "confidence": 0.87,
        "source_file": "20F8ADAH.xlsx, GQ3D8NMP.xlsx, MKMOSR5C.xlsx",
        "address": "G8G7+FRX, Petak, Gianyar, Gianyar Regency, Bali 80515"
      },
      "geometry": {
        "type": "Point",
        "coordinates": [
          115.3146005,
          -8.4737674
        ]
      }
    },
    {
      "type": "Feature",
      "properties": {
        "name": "Balai Banjar - Banjar Benawah Kawan",
        "category": "community_center",
        "region": "Gianyar Regency",
        "confidence": 0.87,
        "source_file": "20F8ADAH.xlsx, MKMOSR5C.xlsx",
        "address": "G8G7+M8H, Jl. Raya Suwat, Petak, Kec. Gianyar, Kabupaten Gianyar, Bali 80515"
      },
      "geometry": {
        "type": "Point",
        "coordinates": [
          115.3133509,
          -8.4733197
        ]
      }
    },
    {
      "type": "Feature",
      "properties": {
        "name": "Balai Banjar Abiansemal",
        "category": "balai_masyarakat",
        "region": "Gianyar Regency",
        "confidence": 0.84,
        "source_file": "20F8ADAH.xlsx, F5265UR2.xlsx, GQ3D8NMP.xlsx, MKMOSR5C.xlsx, QP4FQ600.xlsx",
        "address": "F766+RXJ, Lodtunduh, Ubud, Gianyar Regency, Bali 80571"
      },
      "geometry": {
        "type": "Point",
        "coordinates": [
          115.262395,
          -8.5379155
        ]
      }
    },
    {
      "type": "Feature",
      "properties": {
        "name": "Balai Banjar Adat Semeton Satria",
        "category": "balai_masyarakat",
        "region": "Gianyar Regency",
        "confidence": 0.84,
        "source_file": "MKMOSR5C.xlsx",
        "address": "F82J+26C, Abianbase, Kec. Gianyar, Kabupaten Gianyar, Bali"
      },
      "geometry": {
        "type": "Point",
        "coordinates": [
          115.3305187,
          -8.5499251
        ]
      }
    },
    {
      "type": "Feature",
      "properties": {
        "name": "Balai Banjar Banda, Desa Saba",
        "category": "community_center",
        "region": "Gianyar Regency",
        "confidence": 0.9,
        "source_file": "4ZDU3D7D.xlsx, 20F8ADAH.xlsx, D7RSP2LU.xlsx, QP4FQ600.xlsx",
        "address": "Jl. Pantai Saba No.2, Saba, Kec. Blahbatuh, Kabupaten Gianyar, Bali 80581"
      },
      "geometry": {
        "type": "Point",
        "coordinates": [
          115.2968691,
          -8.5919038
        ]
      }
    },
    {
      "type": "Feature",
      "properties": {
        "name": "Balai Banjar Bangkilesan, Mas, Ubud",
        "category": "community_center",
        "region": "Gianyar Regency",
        "confidence": 0.9,
        "source_file": "4ZDU3D7D.xlsx, 20F8ADAH.xlsx, D7RSP2LU.xlsx, MKMOSR5C.xlsx, QP4FQ600.xlsx",
        "address": "F728+QWG, Unnamed Road, Mas, Ubud, Gianyar Regency, Bali 80571"
      },
      "geometry": {
        "type": "Point",
        "coordinates": [
          115.2673182,
          -8.5480511
        ]
      }
    },
    {
      "type": "Feature",
      "properties": {
        "name": "Balai Banjar Batanancak Mas",
        "category": "balai_masyarakat",
        "region": "Gianyar Regency",
        "confidence": 0.87,
        "source_file": "20F8ADAH.xlsx, GQ3D8NMP.xlsx, MKMOSR5C.xlsx, QP4FQ600.xlsx",
        "address": "F75C+RVJ, Jl. Raya Mas, 80751MASKecamatan, Kecamatan Ubud, Kabupaten Gianyar, Bali 80751"
      },
      "geometry": {
        "type": "Point",
        "coordinates": [
          115.2721401,
          -8.5404207
        ]
      }
    },
    {
      "type": "Feature",
      "properties": {
        "name": "Balai Banjar Batur Sari",
        "category": "community_center",
        "region": "Gianyar Regency",
        "confidence": 0.9,
        "source_file": "20F8ADAH.xlsx, GQ3D8NMP.xlsx, MKMOSR5C.xlsx",
        "address": "F895+9PF, Bitera, Gianyar, Gianyar Regency, Bali 80514"
      },
      "geometry": {
        "type": "Point",
        "coordinates": [
          115.3092891,
          -8.5315627
        ]
      }
    },
    {
      "type": "Feature",
      "properties": {
        "name": "Balai Banjar Bayad",
        "category": "balai_masyarakat",
        "region": "Gianyar Regency",
        "confidence": 0.87,
        "source_file": "20F8ADAH.xlsx, GQ3D8NMP.xlsx, MKMOSR5C.xlsx, QP4FQ600.xlsx",
        "address": "H62R+HW8, Melinggih Kelod, Kec. Payangan, Kabupaten Gianyar, Bali, Indonesia"
      },
      "geometry": {
        "type": "Point",
        "coordinates": [
          115.2423398,
          -8.4485852
        ]
      }
    },
    {
      "type": "Feature",
      "properties": {
        "name": "Balai Banjar Begawan, Desa Melinggih Kelod, Kecamatan Payangan, Gianyar",
        "category": "community_center",
        "region": "Gianyar Regency",
        "confidence": 0.87,
        "source_file": "GQ3D8NMP.xlsx, MKMOSR5C.xlsx, QP4FQ600.xlsx",
        "address": "H63M+5QQ, Melinggih Kelod, Kec. Payangan, Kabupaten Gianyar, Bali 80572"
      },
      "geometry": {
        "type": "Point",
        "coordinates": [
          115.2344841,
          -8.4470287
        ]
      }
    },
    {
      "type": "Feature",
      "properties": {
        "name": "Balai Banjar Bitra",
        "category": "balai_masyarakat",
        "region": "Gianyar Regency",
        "confidence": 0.9,
        "source_file": "20F8ADAH.xlsx, GQ3D8NMP.xlsx",
        "address": "F8H3+M32, Jl. Raya Petemon, Pejeng Kelod, Kec. Tampaksiring, Kabupaten Gianyar, Bali 80552"
      },
      "geometry": {
        "type": "Point",
        "coordinates": [
          115.3026545,
          -8.5208616
        ]
      }
    },
    {
      "type": "Feature",
      "properties": {
        "name": "Balai Banjar Biya",
        "category": "balai_masyarakat",
        "region": "Gianyar Regency",
        "confidence": 0.9,
        "source_file": "20F8ADAH.xlsx, QP4FQ600.xlsx",
        "address": "C8FC+PP7, Keramas, Kec. Blahbatuh, Kabupaten Gianyar, Bali 80581, Indonesia"
      },
      "geometry": {
        "type": "Point",
        "coordinates": [
          115.3218046,
          -8.5757198
        ]
      }
    },
    {
      "type": "Feature",
      "properties": {
        "name": "Balai Banjar Blahpane Kelod",
        "category": "balai_masyarakat",
        "region": "Gianyar Regency",
        "confidence": 0.9,
        "source_file": "20F8ADAH.xlsx, QP4FQ600.xlsx",
        "address": "Sidan, Gianyar, Gianyar Regency, Bali 80515"
      },
      "geometry": {
        "type": "Point",
        "coordinates": [
          115.3582065,
          -8.5308913
        ]
      }
    },
    {
      "type": "Feature",
      "properties": {
        "name": "Balai Banjar Blahtanah",
        "category": "community_center",
        "region": "Gianyar Regency",
        "confidence": 0.9,
        "source_file": "4ZDU3D7D.xlsx, 20F8ADAH.xlsx, D7RSP2LU.xlsx, MKMOSR5C.xlsx, QP4FQ600.xlsx",
        "address": "Jl. Raya Mas No.1, Batuan Kaler, Kec. Sukawati, Kabupaten Gianyar, Bali 80582"
      },
      "geometry": {
        "type": "Point",
        "coordinates": [
          115.2735332,
          -8.5619243
        ]
      }
    },
    {
      "type": "Feature",
      "properties": {
        "name": "Balai Banjar Blangsinga",
        "category": "village_hall",
        "region": "Gianyar Regency",
        "confidence": 0.84,
        "source_file": "20F8ADAH.xlsx",
        "address": "C7GW+JJM, Jl. Raya Blangsinga, Saba, Kec. Blahbatuh, Kabupaten Gianyar, Bali 80581, Indonesia"
      },
      "geometry": {
        "type": "Point",
        "coordinates": [
          115.296537,
          -8.5734232
        ]
      }
    },
    {
      "type": "Feature",
      "properties": {
        "name": "Balai Banjar Bona Kelod",
        "category": "kantor_pemerintah",
        "region": "Gianyar Regency",
        "confidence": 0.87,
        "source_file": "20F8ADAH.xlsx, F5265UR2.xlsx, QP4FQ600.xlsx",
        "address": "C8R8+H26, Ja, Bona, Kec. Blahbatuh, Kabupaten Gianyar, Bali 80581"
      },
      "geometry": {
        "type": "Point",
        "coordinates": [
          115.3150092,
          -8.5585932
        ]
      }
    },
    {
      "type": "Feature",
      "properties": {
        "name": "Balai Banjar Bonjaka",
        "category": "museums",
        "region": "Gianyar Regency",
        "confidence": 0.9,
        "source_file": "4ZDU3D7D.xlsx, D7RSP2LU.xlsx, GQ3D8NMP.xlsx, MKMOSR5C.xlsx, S33E300D.xlsx",
        "address": "J78V+8XV, Jl. Raya Bonjaka, Sebatu, Kec. Tegallalang, Kabupaten Gianyar, Bali 80561"
      },
      "geometry": {
        "type": "Point",
        "coordinates": [
          115.2949107,
          -8.3841421
        ]
      }
    },
    {
      "type": "Feature",
      "properties": {
        "name": "Balai Banjar Br. Celuk",
        "category": "balai_pertemuan_desa",
        "region": "Gianyar Regency",
        "confidence": 0.87,
        "source_file": "20F8ADAH.xlsx, QP4FQ600.xlsx",
        "address": "F846+W7M, Jl. Giri Sari, Buruan, Kec. Blahbatuh, Kabupaten Gianyar, Bali 80581, Indonesia"
      },
      "geometry": {
        "type": "Point",
        "coordinates": [
          115.3106814,
          -8.5426712
        ]
      }
    },
    {
      "type": "Feature",
      "properties": {
        "name": "Balai Banjar Br. Sanding",
        "category": "balai_masyarakat",
        "region": "Gianyar Regency",
        "confidence": 0.87,
        "source_file": "MKMOSR5C.xlsx",
        "address": "F8P9+9F9, Bakbakan, Kec. Gianyar, Kabupaten Gianyar, Bali 80515"
      },
      "geometry": {
        "type": "Point",
        "coordinates": [
          115.3187284,
          -8.5140769
        ]
      }
    },
    {
      "type": "Feature",
      "properties": {
        "name": "Balai Banjar Buahan",
        "category": "balai_pertemuan_desa",
        "region": "Gianyar Regency",
        "confidence": 0.9,
        "source_file": "20F8ADAH.xlsx, GQ3D8NMP.xlsx, MKMOSR5C.xlsx, QP4FQ600.xlsx",
        "address": "J63P+XPG, Jl. Raya, Buahan, Kec. Payangan, Kabupaten Gianyar, Bali 80572"
      },
      "geometry": {
        "type": "Point",
        "coordinates": [
          115.2368423,
          -8.3950632
        ]
      }
    },
    {
      "type": "Feature",
      "properties": {
        "name": "Balai Banjar Bukian",
        "category": "kantor_perusahaan",
        "region": "Gianyar Regency",
        "confidence": 0.84,
        "source_file": "4ZDU3D7D.xlsx, D7RSP2LU.xlsx, GQ3D8NMP.xlsx, MKMOSR5C.xlsx",
        "address": "H7V8+6C4 Balai Banjar, Bukian, Kec. Payangan, Kabupaten Gianyar, Bali 80572"
      },
      "geometry": {
        "type": "Point",
        "coordinates": [
          115.2660628,
          -8.406985
        ]
      }
    },
    {
      "type": "Feature",
      "properties": {
        "name": "Balai Banjar Bukian Kawan, Desa Bukian",
        "category": "balai_masyarakat",
        "region": "Gianyar Regency",
        "confidence": 0.87,
        "source_file": "GQ3D8NMP.xlsx, MKMOSR5C.xlsx",
        "address": "H7V8+66M, Bukian, Kec. Payangan, Kabupaten Gianyar, Bali 80572"
      },
      "geometry": {
        "type": "Point",
        "coordinates": [
          115.2654983,
          -8.4070056
        ]
      }
    },
    {
      "type": "Feature",
      "properties": {
        "name": "Balai Banjar Bukit Batu",
        "category": "corporate_office",
        "region": "Gianyar Regency",
        "confidence": 0.9,
        "source_file": "4ZDU3D7D.xlsx, 20F8ADAH.xlsx, D7RSP2LU.xlsx, F5265UR2.xlsx, GQ3D8NMP.xlsx, MKMOSR5C.xlsx, QP4FQ600.xlsx, S33E300D.xlsx",
        "address": "F8CQ+4WH, Jl. Bukit Batu, Samplangan, Kec. Gianyar, Kabupaten Gianyar, Bali 80512"
      },
      "geometry": {
        "type": "Point",
        "coordinates": [
          115.3398641,
          -8.5296979
        ]
      }
    },
    {
      "type": "Feature",
      "properties": {
        "name": "Balai Banjar Buluh",
        "category": "balai_masyarakat",
        "region": "Gianyar Regency",
        "confidence": 0.9,
        "source_file": "4ZDU3D7D.xlsx, 20F8ADAH.xlsx, D7RSP2LU.xlsx, QP4FQ600.xlsx",
        "address": "97PM+7FR, Jl. Raya Guwang No.5, Guwang, Kec. Sukawati, Kabupaten Gianyar, Bali 80582"
      },
      "geometry": {
        "type": "Point",
        "coordinates": [
          115.2834547,
          -8.6063739
        ]
      }
    },
    {
      "type": "Feature",
      "properties": {
        "name": "Balai Banjar Bungsu",
        "category": "balai_masyarakat",
        "region": "Gianyar Regency",
        "confidence": 0.87,
        "source_file": "4ZDU3D7D.xlsx, 20F8ADAH.xlsx, D7RSP2LU.xlsx, F5265UR2.xlsx, QP4FQ600.xlsx",
        "address": "Jl. Bird Park No.11, Batubulan, Kec. Sukawati, Kabupaten Gianyar, Bali 80582"
      },
      "geometry": {
        "type": "Point",
        "coordinates": [
          115.2485223,
          -8.5992038
        ]
      }
    },
    {
      "type": "Feature",
      "properties": {
        "name": "Balai Banjar Bunteh",
        "category": "balai_masyarakat",
        "region": "Gianyar Regency",
        "confidence": 0.9,
        "source_file": "4ZDU3D7D.xlsx, D7RSP2LU.xlsx, GQ3D8NMP.xlsx, MKMOSR5C.xlsx, S33E300D.xlsx",
        "address": "J7V5+HVW, Br Bunteh, Kerta, Kec. Payangan, Kabupaten Gianyar, Bali 80572"
      },
      "geometry": {
        "type": "Point",
        "coordinates": [
          115.259986,
          -8.356396
        ]
      }
    },
    {
      "type": "Feature",
      "properties": {
        "name": "Balai Banjar Candi Baru Gianyar",
        "category": "city_or_town_hall",
        "region": "Gianyar Regency",
        "confidence": 0.9,
        "source_file": "RZVRQ2SY.xlsx",
        "address": "F86C+9HV, Jl. Pepaya, Gianyar, Kec. Gianyar, Kabupaten Gianyar, Bali 80511"
      },
      "geometry": {
        "type": "Point",
        "coordinates": [
          115.3214267,
          -8.5390029
        ]
      }
    },
    {
      "type": "Feature",
      "properties": {
        "name": "Balai Banjar Cangi",
        "category": "balai_masyarakat",
        "region": "Gianyar Regency",
        "confidence": 0.87,
        "source_file": "4ZDU3D7D.xlsx, 20F8ADAH.xlsx, D7RSP2LU.xlsx, F5265UR2.xlsx, MKMOSR5C.xlsx, QP4FQ600.xlsx, S33E300D.xlsx",
        "address": "Jl. Cangi, Batuan Kaler, Kec. Sukawati, Kabupaten Gianyar, Bali 80582"
      },
      "geometry": {
        "type": "Point",
        "coordinates": [
          115.279586,
          -8.5703342
        ]
      }
    },
    {
      "type": "Feature",
      "properties": {
        "name": "Balai Banjar Ceba ang",
        "category": "community_center",
        "region": "Gianyar Regency",
        "confidence": 0.84,
        "source_file": "20F8ADAH.xlsx",
        "address": "C8MM+4HV, Gg. Gagaa, Serongga, Kec. Gianyar, Kabupaten Gianyar, Bali 80515"
      },
      "geometry": {
        "type": "Point",
        "coordinates": [
          115.3339365,
          -8.5675684
        ]
      }
    },
    {
      "type": "Feature",
      "properties": {
        "name": "Balai Banjar Cebok",
        "category": "community_center",
        "region": "Gianyar Regency",
        "confidence": 0.87,
        "source_file": "20F8ADAH.xlsx, GQ3D8NMP.xlsx, MKMOSR5C.xlsx",
        "address": "Jalan Raya, Cebok, Kedisan, Tegallalang, Gianyar Regency, Bali 80561"
      },
      "geometry": {
        "type": "Point",
        "coordinates": [
          115.2900164,
          -8.4366878
        ]
      }
    },
    {
      "type": "Feature",
      "properties": {
        "name": "Balai Banjar Dauhuma",
        "category": "balai_masyarakat",
        "region": "Gianyar Regency",
        "confidence": 0.87,
        "source_file": "4ZDU3D7D.xlsx, 20F8ADAH.xlsx, D7RSP2LU.xlsx, QP4FQ600.xlsx",
        "address": "Jl. Dauh Uma No.10, Batuan Kaler, Kec. Sukawati, Kabupaten Gianyar, Bali 80582"
      },
      "geometry": {
        "type": "Point",
        "coordinates": [
          115.2695297,
          -8.5727231
        ]
      }
    },
    {
      "type": "Feature",
      "properties": {
        "name": "Balai Banjar Dauhuma, Bitera, Gianyar",
        "category": "balai_masyarakat",
        "region": "Gianyar Regency",
        "confidence": 0.9,
        "source_file": "4ZDU3D7D.xlsx, 20F8ADAH.xlsx, D7RSP2LU.xlsx, MKMOSR5C.xlsx, QP4FQ600.xlsx",
        "address": "F8C9+H2J, Jl. Mundeh, Bitera, Kec. Gianyar, Kabupaten Gianyar, Bali 80515"
      },
      "geometry": {
        "type": "Point",
        "coordinates": [
          115.3175109,
          -8.5285313
        ]
      }
    },
    {
      "type": "Feature",
      "properties": {
        "name": "Balai Banjar Demayu Lodtunduh",
        "category": "balai_masyarakat",
        "region": "Gianyar Regency",
        "confidence": 0.87,
        "source_file": "20F8ADAH.xlsx, GQ3D8NMP.xlsx, MKMOSR5C.xlsx, QP4FQ600.xlsx, S33E300D.xlsx",
        "address": "F68Q+948, Singakerta, Ubud, Gianyar Regency, Bali 80571"
      },
      "geometry": {
        "type": "Point",
        "coordinates": [
          115.237836,
          -8.5340786
        ]
      }
    },
    {
      "type": "Feature",
      "properties": {
        "name": "Balai Banjar Dentiyis",
        "category": "balai_masyarakat",
        "region": "Gianyar Regency",
        "confidence": 0.84,
        "source_file": "4ZDU3D7D.xlsx, 20F8ADAH.xlsx, D7RSP2LU.xlsx, QP4FQ600.xlsx",
        "address": "C7CG+CXQ, Jl. Raya Sakah, Batuan, Kec. Sukawati, Kabupaten Gianyar, Bali 80582"
      },
      "geometry": {
        "type": "Point",
        "coordinates": [
          115.2774801,
          -8.5789187
        ]
      }
    },
    {
      "type": "Feature",
      "properties": {
        "name": "Balai Banjar Desa Adat Belahan",
        "category": "balai_masyarakat",
        "region": "Gianyar Regency",
        "confidence": 0.9,
        "source_file": "4ZDU3D7D.xlsx, 20F8ADAH.xlsx, D7RSP2LU.xlsx, F5265UR2.xlsx, GQ3D8NMP.xlsx, MKMOSR5C.xlsx, QP4FQ600.xlsx",
        "address": "H8VF+QV7, Manukaya, Kec. Tampaksiring, Kabupaten Gianyar, Bali 80552"
      },
      "geometry": {
        "type": "Point",
        "coordinates": [
          115.3246621,
          -8.4055854
        ]
      }
    },
    {
      "type": "Feature",
      "properties": {
        "name": "Balai Banjar Desa Adat Kebon",
        "category": "community_center",
        "region": "Gianyar Regency",
        "confidence": 0.9,
        "source_file": "4ZDU3D7D.xlsx, 20F8ADAH.xlsx, D7RSP2LU.xlsx, F5265UR2.xlsx, GQ3D8NMP.xlsx, MKMOSR5C.xlsx, QP4FQ600.xlsx, S33E300D.xlsx",
        "address": "Kebon Road, Kedisan, Tegallalang, Gianyar Regency, Bali 80561"
      },
      "geometry": {
        "type": "Point",
        "coordinates": [
          115.285466,
          -8.4273262
        ]
      }
    },
    {
      "type": "Feature",
      "properties": {
        "name": "Balai Banjar Desa Adat Tiyingan",
        "category": "community_center",
        "region": "Gianyar Regency",
        "confidence": 0.84,
        "source_file": "GQ3D8NMP.xlsx, MKMOSR5C.xlsx",
        "address": "H7P2+MXF, Bukian, Kec. Payangan, Kabupaten Gianyar, Bali"
      },
      "geometry": {
        "type": "Point",
        "coordinates": [
          115.2524211,
          -8.4133214
        ]
      }
    },
    {
      "type": "Feature",
      "properties": {
        "name": "Balai Banjar Desa Medahan",
        "category": "village_hall",
        "region": "Gianyar Regency",
        "confidence": 0.9,
        "source_file": "20F8ADAH.xlsx, QP4FQ600.xlsx",
        "address": "C8HP+37G, Medahan, Blahbatuh, Gianyar Regency, Bali 80581"
      },
      "geometry": {
        "type": "Point",
        "coordinates": [
          115.3357146,
          -8.5723053
        ]
      }
    },
    {
      "type": "Feature",
      "properties": {
        "name": "Balai Banjar Desa Pakraman Kulub",
        "category": "balai_masyarakat",
        "region": "Gianyar Regency",
        "confidence": 0.9,
        "source_file": "4ZDU3D7D.xlsx, D7RSP2LU.xlsx, F5265UR2.xlsx, GQ3D8NMP.xlsx, MKMOSR5C.xlsx, S33E300D.xlsx",
        "address": "G8X6+JXP, Jl. Raya Ayodya, Tampaksiring, Kec. Tampaksiring, Kabupaten Gianyar, Bali 80515"
      },
      "geometry": {
        "type": "Point",
        "coordinates": [
          115.312446,
          -8.4509107
        ]
      }
    },
    {
      "type": "Feature",
      "properties": {
        "name": "Balai Banjar Desa Pakraman Pengaji",
        "category": "balai_masyarakat",
        "region": "Gianyar Regency",
        "confidence": 0.9,
        "source_file": "GQ3D8NMP.xlsx, MKMOSR5C.xlsx, QP4FQ600.xlsx",
        "address": "Jalan Raya Payangan No.45 Payangan, Melinggih Kelod, Kec. Gianyar, Kabupaten Gianyar, Bali 80572"
      },
      "geometry": {
        "type": "Point",
        "coordinates": [
          115.2443816,
          -8.439517
        ]
      }
    },
    {
      "type": "Feature",
      "properties": {
        "name": "Balai Banjar Desa Pekraman Suwat",
        "category": "balai_pertemuan_desa",
        "region": "Gianyar Regency",
        "confidence": 0.9,
        "source_file": "20F8ADAH.xlsx, GQ3D8NMP.xlsx, MKMOSR5C.xlsx, QP4FQ600.xlsx",
        "address": "G877+JG7, Suwat, Gianyar, Gianyar Regency, Bali 80515"
      },
      "geometry": {
        "type": "Point",
        "coordinates": [
          115.3137834,
          -8.4859511
        ]
      }
    },
    {
      "type": "Feature",
      "properties": {
        "name": "Balai Banjar Desa Tegal Tugu",
        "category": "kantor_pemerintah",
        "region": "Gianyar Regency",
        "confidence": 0.87,
        "source_file": "4ZDU3D7D.xlsx, D7RSP2LU.xlsx, F5265UR2.xlsx, GQ3D8NMP.xlsx, MKMOSR5C.xlsx, RZVRQ2SY.xlsx, S33E300D.xlsx",
        "address": "Jl. Ratna No.37, Tegal Tugu, Kec. Gianyar, Kabupaten Gianyar, Bali 80515"
      },
      "geometry": {
        "type": "Point",
        "coordinates": [
          115.3351374,
          -8.549612
        ]
      }
    },
    {
      "type": "Feature",
      "properties": {
        "name": "Balai Banjar Dinas Desa Kenderan",
        "category": "balai_pertemuan_desa",
        "region": "Gianyar Regency",
        "confidence": 0.87,
        "source_file": "4ZDU3D7D.xlsx, 20F8ADAH.xlsx, D7RSP2LU.xlsx, GQ3D8NMP.xlsx, MKMOSR5C.xlsx, S33E300D.xlsx",
        "address": "G7HM+RRR, Kenderan, Kec. Tegallalang, Kabupaten Gianyar, Bali 80561"
      },
      "geometry": {
        "type": "Point",
        "coordinates": [
          115.2845048,
          -8.4703786
        ]
      }
    },
    {
      "type": "Feature",
      "properties": {
        "name": "Balai Banjar Dinas Tegallalang Gianyar",
        "category": "balai_masyarakat",
        "region": "Gianyar Regency",
        "confidence": 0.87,
        "source_file": "20F8ADAH.xlsx, GQ3D8NMP.xlsx, MKMOSR5C.xlsx, QP4FQ600.xlsx, S33E300D.xlsx",
        "address": "H72J+H69, Tegallalang, Gianyar Regency, Bali 80561"
      },
      "geometry": {
        "type": "Point",
        "coordinates": [
          115.2806059,
          -8.4485777
        ]
      }
    },
    {
      "type": "Feature",
      "properties": {
        "name": "Balai Banjar Dlodrurung Batubulan Kangin",
        "category": "museums",
        "region": "Gianyar Regency",
        "confidence": 0.9,
        "source_file": "20F8ADAH.xlsx, QP4FQ600.xlsx",
        "address": "97GF+R8W, Batubulan Kangin, Sukawati, Gianyar Regency, Bali 80582"
      },
      "geometry": {
        "type": "Point",
        "coordinates": [
          115.273332,
          -8.6228753
        ]
      }
    },
    {
      "type": "Feature",
      "properties": {
        "name": "Balai Banjar Dukuh Suladri",
        "category": "balai_masyarakat",
        "region": "Gianyar Regency",
        "confidence": 0.87,
        "source_file": "20F8ADAH.xlsx, GQ3D8NMP.xlsx, MKMOSR5C.xlsx, QP4FQ600.xlsx",
        "address": "Pejeng Kawan, Tampaksiring, Gianyar Regency, Bali 80552"
      },
      "geometry": {
        "type": "Point",
        "coordinates": [
          115.2855381,
          -8.5157102
        ]
      }
    },
    {
      "type": "Feature",
      "properties": {
        "name": "Balai Banjar Gelogor",
        "category": "balai_masyarakat",
        "region": "Gianyar Regency",
        "confidence": 0.87,
        "source_file": "4ZDU3D7D.xlsx, 20F8ADAH.xlsx, D7RSP2LU.xlsx, F5265UR2.xlsx, MKMOSR5C.xlsx, QP4FQ600.xlsx",
        "address": "Jl. Nakula Banjar Gelogor No.83, Lodtunduh, Kecamatan Ubud, Kabupaten Gianyar, Bali 80571"
      },
      "geometry": {
        "type": "Point",
        "coordinates": [
          115.2562631,
          -8.5578845
        ]
      }
    },
    {
      "type": "Feature",
      "properties": {
        "name": "Balai Banjar Gepokan",
        "category": "balai_masyarakat",
        "region": "Gianyar Regency",
        "confidence": 0.87,
        "source_file": "20F8ADAH.xlsx, GQ3D8NMP.xlsx, MKMOSR5C.xlsx",
        "address": "Br.Gepokan, Pejeng Kelod, Kec. Tampaksiring, Kabupaten Gianyar, Bali 80552"
      },
      "geometry": {
        "type": "Point",
        "coordinates": [
          115.3014879,
          -8.5047334
        ]
      }
    },
    {
      "type": "Feature",
      "properties": {
        "name": "Balai Banjar Getas Kangin, Buruan, Blahbatuh, Gianyar, Bali",
        "category": "balai_masyarakat",
        "region": "Gianyar Regency",
        "confidence": 0.84,
        "source_file": "20F8ADAH.xlsx",
        "address": "C8W5+6JF, Banjar Getas Kangin, Buruan, Kec. Blahbatuh, Kabupaten Gianyar, Bali 80581"
      },
      "geometry": {
        "type": "Point",
        "coordinates": [
          115.309033,
          -8.554428
        ]
      }
    },
    {
      "type": "Feature",
      "properties": {
        "name": "Balai Banjar Gubat",
        "category": "balai_pertemuan_desa",
        "region": "Gianyar Regency",
        "confidence": 0.87,
        "source_file": "4ZDU3D7D.xlsx, D7RSP2LU.xlsx, GQ3D8NMP.xlsx, MKMOSR5C.xlsx",
        "address": "F8J3+W6X, Pejeng Kelod, Kec. Tampaksiring, Kabupaten Gianyar, Bali 80552"
      },
      "geometry": {
        "type": "Point",
        "coordinates": [
          115.3031136,
          -8.5176499
        ]
      }
    },
    {
      "type": "Feature",
      "properties": {
        "name": "Balai Banjar Guliang",
        "category": "community_center",
        "region": "Gianyar Regency",
        "confidence": 0.9,
        "source_file": "20F8ADAH.xlsx, GQ3D8NMP.xlsx, MKMOSR5C.xlsx",
        "address": "F7QV+M72, Pejeng, Tampaksiring, Gianyar Regency, Bali 80552"
      },
      "geometry": {
        "type": "Point",
        "coordinates": [
          115.2931455,
          -8.5108562
        ]
      }
    },
    {
      "type": "Feature",
      "properties": {
        "name": "Balai Banjar Jaang",
        "category": "balai_pertemuan_desa",
        "region": "Gianyar Regency",
        "confidence": 0.84,
        "source_file": "4ZDU3D7D.xlsx, 20F8ADAH.xlsx, D7RSP2LU.xlsx, GQ3D8NMP.xlsx, MKMOSR5C.xlsx",
        "address": "J69P+2GX, Buahan, Kec. Payangan, Kabupaten Gianyar, Bali"
      },
      "geometry": {
        "type": "Point",
        "coordinates": [
          115.2363686,
          -8.3823875
        ]
      }
    },
    {
      "type": "Feature",
      "properties": {
        "name": "Balai Banjar Junjungan",
        "category": "balai_masyarakat",
        "region": "Gianyar Regency",
        "confidence": 0.9,
        "source_file": "20F8ADAH.xlsx, GQ3D8NMP.xlsx, MKMOSR5C.xlsx, QP4FQ600.xlsx",
        "address": "G7GC+3QV, Ubud, Gianyar Regency, Bali 80571"
      },
      "geometry": {
        "type": "Point",
        "coordinates": [
          115.2719068,
          -8.4747626
        ]
      }
    },
    {
      "type": "Feature",
      "properties": {
        "name": "Balai Banjar Kacagan\u200c",
        "category": "balai_masyarakat",
        "region": "Gianyar Regency",
        "confidence": 0.9,
        "source_file": "4ZDU3D7D.xlsx, 20F8ADAH.xlsx, D7RSP2LU.xlsx, F5265UR2.xlsx, GQ3D8NMP.xlsx, QP4FQ600.xlsx",
        "address": "97CP+HMR, Ketewel, Kec. Sukawati, Kabupaten Gianyar, Bali 80582"
      },
      "geometry": {
        "type": "Point",
        "coordinates": [
          115.2866524,
          -8.6285135
        ]
      }
    },
    {
      "type": "Feature",
      "properties": {
        "name": "Balai Banjar Kaja Kauh",
        "category": "community_center",
        "region": "Gianyar Regency",
        "confidence": 0.84,
        "source_file": "20F8ADAH.xlsx",
        "address": "F934+73H, Gg. Sahadewa, Tulikup, Kec. Gianyar, Kabupaten Gianyar, Bali 80515"
      },
      "geometry": {
        "type": "Point",
        "coordinates": [
          115.3552189,
          -8.5468108
        ]
      }
    },
    {
      "type": "Feature",
      "properties": {
        "name": "Balai Banjar Kalah,Peliatan",
        "category": "tempat_acara",
        "region": "Gianyar Regency",
        "confidence": 0.87,
        "source_file": "20F8ADAH.xlsx, QP4FQ600.xlsx",
        "address": "Jl. Raya Teges No.2, Peliatan, Kecamatan Ubud, Kabupaten Gianyar, Bali 80571"
      },
      "geometry": {
        "type": "Point",
        "coordinates": [
          115.2683307,
          -8.5240136
        ]
      }
    },
    {
      "type": "Feature",
      "properties": {
        "name": "Balai Banjar Kawan Bakbakan",
        "category": "balai_masyarakat",
        "region": "Gianyar Regency",
        "confidence": 0.9,
        "source_file": "20F8ADAH.xlsx, GQ3D8NMP.xlsx, MKMOSR5C.xlsx",
        "address": "F8R9+PQX, Jl. Triwanisa-kawan, Bakbakan, Kec. Gianyar, Kabupaten Gianyar, Bali 80515"
      },
      "geometry": {
        "type": "Point",
        "coordinates": [
          115.3194922,
          -8.5081259
        ]
      }
    },
    {
      "type": "Feature",
      "properties": {
        "name": "Balai Banjar Kebon Blahbatuh\u1b29\u1b2e\u1b3f\u1b29\u1b1c\u1b44\u1b1a\u1b03\u1b13\u1b42\u1b29\u1b40\u1b26\u1b44\u200c\u1b29\u1b44\u1b2e\u1b04\u1b29\u1b22\u1b38\u1b04\u1b5f",
        "category": "community_center",
        "region": "Gianyar Regency",
        "confidence": 0.84,
        "source_file": "20F8ADAH.xlsx",
        "address": "Jl. Serma Darya No.13, Blahbatuh, Kec. Blahbatuh, Kabupaten Gianyar, Bali 80581"
      },
      "geometry": {
        "type": "Point",
        "coordinates": [
          115.3002436,
          -8.5674448
        ]
      }
    },
    {
      "type": "Feature",
      "properties": {
        "name": "Balai Banjar Kebon Kaja, Desa Belega",
        "category": "balai_masyarakat",
        "region": "Gianyar Regency",
        "confidence": 0.87,
        "source_file": "20F8ADAH.xlsx, MKMOSR5C.xlsx, QP4FQ600.xlsx, S33E300D.xlsx",
        "address": "C8M5+GGV, Belega, Kec. Blahbatuh, Kabupaten Gianyar, Bali 80581, Indonesia"
      },
      "geometry": {
        "type": "Point",
        "coordinates": [
          115.3087912,
          -8.5661448
        ]
      }
    },
    {
      "type": "Feature",
      "properties": {
        "name": "Balai Banjar Kebon Kelod, Belega",
        "category": "pusat_kegiatan_warga",
        "region": "Gianyar Regency",
        "confidence": 0.84,
        "source_file": "20F8ADAH.xlsx, GQ3D8NMP.xlsx, QP4FQ600.xlsx",
        "address": "C8J6+VC8 Balai, Jl. Banjar Kb. Kelod, Belega, Kec. Blahbatuh, Kabupaten Gianyar, Bali 80581"
      },
      "geometry": {
        "type": "Point",
        "coordinates": [
          115.3110715,
          -8.5678371
        ]
      }
    },
    {
      "type": "Feature",
      "properties": {
        "name": "Balai Banjar Keden\u200c\u1b11",
        "category": "balai_masyarakat",
        "region": "Gianyar Regency",
        "confidence": 0.9,
        "source_file": "4ZDU3D7D.xlsx, 20F8ADAH.xlsx, D7RSP2LU.xlsx, F5265UR2.xlsx, QP4FQ600.xlsx",
        "address": "Jl. Raya Ketewel No.24, Ketewel, Kec. Sukawati, Kabupaten Gianyar, Bali 80582"
      },
      "geometry": {
        "type": "Point",
        "coordinates": [
          115.2884677,
          -8.6288139
        ]
      }
    },
    {
      "type": "Feature",
      "properties": {
        "name": "Balai Banjar Kederi",
        "category": "balai_masyarakat",
        "region": "Gianyar Regency",
        "confidence": 0.87,
        "source_file": "4ZDU3D7D.xlsx, 20F8ADAH.xlsx, D7RSP2LU.xlsx, GQ3D8NMP.xlsx, MKMOSR5C.xlsx, QP4FQ600.xlsx, S33E300D.xlsx",
        "address": "C7P2+CX2, Jl. Banjar Kederi, Singapadu Kaler, Kec. Sukawati, Kabupaten Gianyar, Bali 80582"
      },
      "geometry": {
        "type": "Point",
        "coordinates": [
          115.2523793,
          -8.5639958
        ]
      }
    },
    {
      "type": "Feature",
      "properties": {
        "name": "Balai Banjar Kedewatan",
        "category": "balai_masyarakat",
        "region": "Gianyar Regency",
        "confidence": 0.9,
        "source_file": "4ZDU3D7D.xlsx, 20F8ADAH.xlsx, D7RSP2LU.xlsx, F5265UR2.xlsx, GQ3D8NMP.xlsx, MKMOSR5C.xlsx, QP4FQ600.xlsx, S33E300D.xlsx",
        "address": "G65W+C73, Jl. Raya Kedewatan I, Kedewatan, Kecamatan Ubud, Kabupaten Gianyar, Bali 80571"
      },
      "geometry": {
        "type": "Point",
        "coordinates": [
          115.2456656,
          -8.4914846
        ]
      }
    },
    {
      "type": "Feature",
      "properties": {
        "name": "Balai Banjar Kelodan",
        "category": "balai_pertemuan_desa",
        "region": "Gianyar Regency",
        "confidence": 0.87,
        "source_file": "4ZDU3D7D.xlsx, 20F8ADAH.xlsx, D7RSP2LU.xlsx, F5265UR2.xlsx, MKMOSR5C.xlsx, QP4FQ600.xlsx",
        "address": "C8C3+2M7, Unnamed Road, Pering, Kec. Blahbatuh, Kabupaten Gianyar, Bali 80581"
      },
      "geometry": {
        "type": "Point",
        "coordinates": [
          115.3041771,
          -8.5799585
        ]
      }
    },
    {
      "type": "Feature",
      "properties": {
        "name": "Balai Banjar Kelodkauh",
        "category": "balai_pertemuan_desa",
        "region": "Gianyar Regency",
        "confidence": 0.84,
        "source_file": "4ZDU3D7D.xlsx, 20F8ADAH.xlsx, QP4FQ600.xlsx",
        "address": "F82H+298, Abianbase, Kec. Gianyar, Kabupaten Gianyar, Bali 80515"
      },
      "geometry": {
        "type": "Point",
        "coordinates": [
          115.3284668,
          -8.5499522
        ]
      }
    },
    {
      "type": "Feature",
      "properties": {
        "name": "Balai Banjar Kerta Wangsa Lodtunduh Ubud",
        "category": "balai_masyarakat",
        "region": "Gianyar Regency",
        "confidence": 0.87,
        "source_file": "20F8ADAH.xlsx, QP4FQ600.xlsx",
        "address": "F756+8P4, Jl. A.A. Gede Rai, Lodtunduh, Kecamatan Ubud, Kabupaten Gianyar, Bali 80571"
      },
      "geometry": {
        "type": "Point",
        "coordinates": [
          115.2617895,
          -8.5418219
        ]
      }
    },
    {
      "type": "Feature",
      "properties": {
        "name": "Balai Banjar Kerthiyasa Desa Bona",
        "category": "kantor_pemerintah",
        "region": "Gianyar Regency",
        "confidence": 0.84,
        "source_file": "20F8ADAH.xlsx, RZVRQ2SY.xlsx",
        "address": "C8W8+589, Jl. Kresna, Bona, Kec. Blahbatuh, Kabupaten Gianyar, Bali 80581"
      },
      "geometry": {
        "type": "Point",
        "coordinates": [
          115.3158484,
          -8.5545977
        ]
      }
    },
    {
      "type": "Feature",
      "properties": {
        "name": "Balai Banjar Kesatria",
        "category": "establishment",
        "region": "Gianyar Regency",
        "confidence": 0.87,
        "source_file": "20F8ADAH.xlsx, GQ3D8NMP.xlsx, QP4FQ600.xlsx",
        "address": "C8P2+82H, Blahbatuh, Kec. Blahbatuh, Kabupaten Gianyar, Bali 80581"
      },
      "geometry": {
        "type": "Point",
        "coordinates": [
          115.3001032,
          -8.5641933
        ]
      }
    },
    {
      "type": "Feature",
      "properties": {
        "name": "Balai Banjar Kucupin Ketewel",
        "category": "balai_masyarakat",
        "region": "Gianyar Regency",
        "confidence": 0.9,
        "source_file": "4ZDU3D7D.xlsx, 20F8ADAH.xlsx, D7RSP2LU.xlsx, F5265UR2.xlsx",
        "address": "97CR+HMC, Ketewel, Kec. Sukawati, Kabupaten Gianyar, Bali"
      },
      "geometry": {
        "type": "Point",
        "coordinates": [
          115.2916301,
          -8.6285669
        ]
      }
    },
    {
      "type": "Feature",
      "properties": {
        "name": "Balai Banjar Kutri",
        "category": "kantor_perusahaan",
        "region": "Gianyar Regency",
        "confidence": 0.87,
        "source_file": "4ZDU3D7D.xlsx, 20F8ADAH.xlsx, D7RSP2LU.xlsx, GQ3D8NMP.xlsx, MKMOSR5C.xlsx, QP4FQ600.xlsx, S33E300D.xlsx",
        "address": "F862+WRF, Banjar Kutri, Buruan, Kec. Blahbatuh, Kabupaten Gianyar, Bali 80581"
      },
      "geometry": {
        "type": "Point",
        "coordinates": [
          115.3020537,
          -8.5376849
        ]
      }
    },
    {
      "type": "Feature",
      "properties": {
        "name": "Balai Banjar Lantangidung",
        "category": "balai_masyarakat",
        "region": "Gianyar Regency",
        "confidence": 0.87,
        "source_file": "4ZDU3D7D.xlsx, 20F8ADAH.xlsx, D7RSP2LU.xlsx, F5265UR2.xlsx, GQ3D8NMP.xlsx, MKMOSR5C.xlsx, QP4FQ600.xlsx, S33E300D.xlsx",
        "address": "Konco, Jl. Pratu Wayan Sadri Br. Lantangidung, Batuan, Kec. Sukawati, Kabupaten Gianyar, Bali 80582"
      },
      "geometry": {
        "type": "Point",
        "coordinates": [
          115.2725401,
          -8.5942462
        ]
      }
    },
    {
      "type": "Feature",
      "properties": {
        "name": "Balai Banjar Laud Blahbatuh,\u1b29\u1b2e\u1b3f\u1b29\u1b1c\u1b44\u1b1a\u1b03\u1b2e\u1b33\u1b38\u1b24\u1b44\u200c\u1b29\u1b44\u1b2e\u1b04\u1b29\u1b22\u1b38\u1b04\u1b5f",
        "category": "community_center",
        "region": "Gianyar Regency",
        "confidence": 0.84,
        "source_file": "20F8ADAH.xlsx, QP4FQ600.xlsx",
        "address": "Jl. Wisma Gajah Mada No.57, Blahbatuh, Kec. Blahbatuh, Kabupaten Gianyar, Bali 80581"
      },
      "geometry": {
        "type": "Point",
        "coordinates": [
          115.2969075,
          -8.5662111
        ]
      }
    },
    {
      "type": "Feature",
      "properties": {
        "name": "Balai Banjar Lebah A",
        "category": "balai_masyarakat",
        "region": "Gianyar Regency",
        "confidence": 0.84,
        "source_file": "GQ3D8NMP.xlsx, MKMOSR5C.xlsx",
        "address": "H7R5+979, Bukian, Kec. Payangan, Kabupaten Gianyar, Bali"
      },
      "geometry": {
        "type": "Point",
        "coordinates": [
          115.2585903,
          -8.4087041
        ]
      }
    },
    {
      "type": "Feature",
      "properties": {
        "name": "Balai Banjar Lodpeken",
        "category": "balai_masyarakat",
        "region": "Gianyar Regency",
        "confidence": 0.84,
        "source_file": "20F8ADAH.xlsx",
        "address": "C8FF+3RQ, Keramas, Kec. Blahbatuh, Kabupaten Gianyar, Bali 80581"
      },
      "geometry": {
        "type": "Point",
        "coordinates": [
          115.3245988,
          -8.5772887
        ]
      }
    },
    {
      "type": "Feature",
      "properties": {
        "name": "Balai Banjar Luglug",
        "category": "balai_masyarakat",
        "region": "Gianyar Regency",
        "confidence": 0.9,
        "source_file": "4ZDU3D7D.xlsx, 20F8ADAH.xlsx, D7RSP2LU.xlsx, F5265UR2.xlsx, GQ3D8NMP.xlsx, QP4FQ600.xlsx",
        "address": "975G+4R3, Jl. Palguna, Ketewel, Kec. Sukawati, Kabupaten Gianyar, Bali"
      },
      "geometry": {
        "type": "Point",
        "coordinates": [
          115.2770391,
          -8.6422469
        ]
      }
    },
    {
      "type": "Feature",
      "properties": {
        "name": "Balai Banjar Lungsiakan",
        "category": "balai_pertemuan_desa",
        "region": "Gianyar Regency",
        "confidence": 0.84,
        "source_file": "4ZDU3D7D.xlsx, 20F8ADAH.xlsx, D7RSP2LU.xlsx, F5265UR2.xlsx, GQ3D8NMP.xlsx, MKMOSR5C.xlsx, QP4FQ600.xlsx, S33E300D.xlsx",
        "address": "Jl. Raya Lungsiakan No.2, Kedewatan, Kecamatan Ubud, Kabupaten Gianyar, Bali 80571"
      },
      "geometry": {
        "type": "Point",
        "coordinates": [
          115.2509931,
          -8.4863751
        ]
      }
    },
    {
      "type": "Feature",
      "properties": {
        "name": "Balai Banjar Madangan Kaja",
        "category": "balai_pertemuan_desa",
        "region": "Gianyar Regency",
        "confidence": 0.9,
        "source_file": "MKMOSR5C.xlsx",
        "address": "G8FF+RGG, Petak, Kec. Gianyar, Kabupaten Gianyar, Bali 80515"
      },
      "geometry": {
        "type": "Point",
        "coordinates": [
          115.323834,
          -8.475443
        ]
      }
    },
    {
      "type": "Feature",
      "properties": {
        "name": "Balai Banjar Majangan",
        "category": "balai_masyarakat",
        "region": "Gianyar Regency",
        "confidence": 0.87,
        "source_file": "GQ3D8NMP.xlsx, MKMOSR5C.xlsx",
        "address": "J6VX+66H, Jl. Raya Buahan, Buahan Kaja, Kec. Payangan, Kabupaten Gianyar, Bali 80572"
      },
      "geometry": {
        "type": "Point",
        "coordinates": [
          115.2481017,
          -8.3569266
        ]
      }
    },
    {
      "type": "Feature",
      "properties": {
        "name": "Balai Banjar Manikan - Guwang",
        "category": "community_center",
        "region": "Gianyar Regency",
        "confidence": 0.9,
        "source_file": "4ZDU3D7D.xlsx, 20F8ADAH.xlsx, D7RSP2LU.xlsx",
        "address": "97JM+XF6, Guwang, Kec. Sukawati, Kabupaten Gianyar, Bali 80582"
      },
      "geometry": {
        "type": "Point",
        "coordinates": [
          115.2836537,
          -8.6175915
        ]
      }
    },
    {
      "type": "Feature",
      "properties": {
        "name": "Balai Banjar Mantring",
        "category": "community_center",
        "region": "Gianyar Regency",
        "confidence": 0.9,
        "source_file": "GQ3D8NMP.xlsx, MKMOSR5C.xlsx",
        "address": "H8G5+G8M, Tampaksiring, Kec. Tampaksiring, Kabupaten Gianyar, Bali 80552"
      },
      "geometry": {
        "type": "Point",
        "coordinates": [
          115.308297,
          -8.4236629
        ]
      }
    },
    {
      "type": "Feature",
      "properties": {
        "name": "Balai Banjar Margabingung",
        "category": "balai_masyarakat",
        "region": "Gianyar Regency",
        "confidence": 0.84,
        "source_file": "20F8ADAH.xlsx, GQ3D8NMP.xlsx, MKMOSR5C.xlsx",
        "address": "F7FV+MF4, Jl. Raya Bedulu, Bedulu, Kec. Blahbatuh, Kabupaten Gianyar, Bali 80581"
      },
      "geometry": {
        "type": "Point",
        "coordinates": [
          115.2937041,
          -8.5258637
        ]
      }
    },
    {
      "type": "Feature",
      "properties": {
        "name": "Balai Banjar Margatengah",
        "category": "balai_masyarakat",
        "region": "Gianyar Regency",
        "confidence": 0.84,
        "source_file": "4ZDU3D7D.xlsx, D7RSP2LU.xlsx, GQ3D8NMP.xlsx, MKMOSR5C.xlsx, S33E300D.xlsx",
        "address": "M7GM+MVG, Kerta, Kec. Payangan, Kabupaten Gianyar, Bali 80572"
      },
      "geometry": {
        "type": "Point",
        "coordinates": [
          115.2846426,
          -8.3233032
        ]
      }
    },
    {
      "type": "Feature",
      "properties": {
        "name": "Balai Banjar Melinggih",
        "category": "balai_masyarakat",
        "region": "Gianyar Regency",
        "confidence": 0.87,
        "source_file": "20F8ADAH.xlsx, GQ3D8NMP.xlsx, MKMOSR5C.xlsx, QP4FQ600.xlsx",
        "address": "Jl. Raya Payangan No.27, Melinggih, Kec. Payangan, Kabupaten Gianyar, Bali 80572"
      },
      "geometry": {
        "type": "Point",
        "coordinates": [
          115.2459581,
          -8.4275496
        ]
      }
    },
    {
      "type": "Feature",
      "properties": {
        "name": "Balai Banjar Munduk",
        "category": "balai_masyarakat",
        "region": "Gianyar Regency",
        "confidence": 0.87,
        "source_file": "20F8ADAH.xlsx, GQ3D8NMP.xlsx, MKMOSR5C.xlsx, QP4FQ600.xlsx",
        "address": "G828+57H, Siangan, Gianyar, Gianyar Regency, Bali 80515"
      },
      "geometry": {
        "type": "Point",
        "coordinates": [
          115.3157428,
          -8.4995666
        ]
      }
    },
    {
      "type": "Feature",
      "properties": {
        "name": "Balai Banjar Nagi",
        "category": "city_or_town_hall",
        "region": "Gianyar Regency",
        "confidence": 0.9,
        "source_file": "20F8ADAH.xlsx, QP4FQ600.xlsx",
        "address": "Jl. Rijasa II No.48, Petulu, Kecamatan Ubud, Kabupaten Gianyar, Bali 80571"
      },
      "geometry": {
        "type": "Point",
        "coordinates": [
          115.2751687,
          -8.496053
        ]
      }
    },
    {
      "type": "Feature",
      "properties": {
        "name": "Balai Banjar Pacung",
        "category": "balai_masyarakat",
        "region": "Gianyar Regency",
        "confidence": 0.9,
        "source_file": "4ZDU3D7D.xlsx, 20F8ADAH.xlsx, D7RSP2LU.xlsx, GQ3D8NMP.xlsx, MKMOSR5C.xlsx, QP4FQ600.xlsx",
        "address": "F8GC+23R, Jl. Sawo, Bitera, Kec. Gianyar, Kabupaten Gianyar, Bali 80515"
      },
      "geometry": {
        "type": "Point",
        "coordinates": [
          115.3201352,
          -8.5248975
        ]
      }
    },
    {
      "type": "Feature",
      "properties": {
        "name": "Balai Banjar Padangsigi",
        "category": "balai_masyarakat",
        "region": "Gianyar Regency",
        "confidence": 0.84,
        "source_file": "20F8ADAH.xlsx, GQ3D8NMP.xlsx, MKMOSR5C.xlsx",
        "address": "G7RW+4JX, Sanding, Tampaksiring, Gianyar Regency, Bali 80552"
      },
      "geometry": {
        "type": "Point",
        "coordinates": [
          115.2964533,
          -8.4601311
        ]
      }
    },
    {
      "type": "Feature",
      "properties": {
        "name": "Balai Banjar Padangtegal Mekarsari",
        "category": "community_center",
        "region": "Gianyar Regency",
        "confidence": 0.87,
        "source_file": "20F8ADAH.xlsx, GQ3D8NMP.xlsx, MKMOSR5C.xlsx, QP4FQ600.xlsx",
        "address": "F7Q8+78J, Jl. Sugriwa, Ubud, Kecamatan Ubud, Kabupaten Gianyar, Bali 80571"
      },
      "geometry": {
        "type": "Point",
        "coordinates": [
          115.2657659,
          -8.5117896
        ]
      }
    },
    {
      "type": "Feature",
      "properties": {
        "name": "Balai Banjar Padangtegal Tengah",
        "category": "balai_masyarakat",
        "region": "Gianyar Regency",
        "confidence": 0.87,
        "source_file": "4ZDU3D7D.xlsx, 20F8ADAH.xlsx, D7RSP2LU.xlsx, GQ3D8NMP.xlsx, MKMOSR5C.xlsx, QP4FQ600.xlsx, S33E300D.xlsx",
        "address": "Jl. Sugriwa No.34b, Ubud, Kecamatan Ubud, Kabupaten Gianyar, Bali 80571"
      },
      "geometry": {
        "type": "Point",
        "coordinates": [
          115.2651815,
          -8.5130466
        ]
      }
    },
    {
      "type": "Feature",
      "properties": {
        "name": "Balai Banjar Padpadan",
        "category": "balai_masyarakat",
        "region": "Gianyar Regency",
        "confidence": 0.9,
        "source_file": "4ZDU3D7D.xlsx, 20F8ADAH.xlsx, D7RSP2LU.xlsx, F5265UR2.xlsx, GQ3D8NMP.xlsx, MKMOSR5C.xlsx, S33E300D.xlsx",
        "address": "Banjar Padpadan, Petak Kaja, Kec. Gianyar, Kabupaten Gianyar, Bali 80515"
      },
      "geometry": {
        "type": "Point",
        "coordinates": [
          115.3205701,
          -8.458073
        ]
      }
    },
    {
      "type": "Feature",
      "properties": {
        "name": "Balai Banjar Pakuseba",
        "category": "kantor_perusahaan",
        "region": "Gianyar Regency",
        "confidence": 0.84,
        "source_file": "4ZDU3D7D.xlsx, 20F8ADAH.xlsx, D7RSP2LU.xlsx, QP4FQ600.xlsx",
        "address": "J7MM+CM8, Taro, Kec. Tegallalang, Kabupaten Gianyar, Bali 80561"
      },
      "geometry": {
        "type": "Point",
        "coordinates": [
          115.2841876,
          -8.3664631
        ]
      }
    },
    {
      "type": "Feature",
      "properties": {
        "name": "Balai Banjar Paneca",
        "category": "tempat_acara",
        "region": "Gianyar Regency",
        "confidence": 0.9,
        "source_file": "F5265UR2.xlsx, GQ3D8NMP.xlsx, MKMOSR5C.xlsx, QP4FQ600.xlsx",
        "address": "H64R+279, Jl. Panca Rahayu, Melinggih Kelod, Kec. Payangan, Kabupaten Gianyar, Bali 80572"
      },
      "geometry": {
        "type": "Point",
        "coordinates": [
          115.2407287,
          -8.4449726
        ]
      }
    },
    {
      "type": "Feature",
      "properties": {
        "name": "Balai Banjar Panglan",
        "category": "tempat_acara",
        "region": "Gianyar Regency",
        "confidence": 0.84,
        "source_file": "20F8ADAH.xlsx",
        "address": "F7PW+RFQ, Unnamed Road, Pejeng, Kec. Tampaksiring, Kabupaten Gianyar, Bali 80552"
      },
      "geometry": {
        "type": "Point",
        "coordinates": [
          115.2962435,
          -8.512917
        ]
      }
    },
    {
      "type": "Feature",
      "properties": {
        "name": "Balai Banjar Pasdalem",
        "category": "city_or_town_hall",
        "region": "Gianyar Regency",
        "confidence": 0.87,
        "source_file": "20F8ADAH.xlsx, QP4FQ600.xlsx, RZVRQ2SY.xlsx",
        "address": "F85J+58P, Jl. Dalem Rai No.1, Gianyar, Kec. Gianyar, Kabupaten Gianyar, Bali 80511, Indonesia"
      },
      "geometry": {
        "type": "Point",
        "coordinates": [
          115.3308373,
          -8.5420112
        ]
      }
    },
    {
      "type": "Feature",
      "properties": {
        "name": "Balai Banjar Pekandelan",
        "category": "balai_masyarakat",
        "region": "Gianyar Regency",
        "confidence": 0.87,
        "source_file": "20F8ADAH.xlsx, GQ3D8NMP.xlsx, MKMOSR5C.xlsx, QP4FQ600.xlsx",
        "address": "F7GV+VMW, Bedulu, Blahbatuh, Gianyar Regency, Bali 80552"
      },
      "geometry": {
        "type": "Point",
        "coordinates": [
          115.2941996,
          -8.5227523
        ]
      }
    },
    {
      "type": "Feature",
      "properties": {
        "name": "Balai Banjar Penataran",
        "category": "balai_masyarakat",
        "region": "Gianyar Regency",
        "confidence": 0.87,
        "source_file": "4ZDU3D7D.xlsx, 20F8ADAH.xlsx, D7RSP2LU.xlsx, QP4FQ600.xlsx, S33E300D.xlsx",
        "address": "Jl. Sekar Menuh No.18, Batuan, Kec. Sukawati, Kabupaten Gianyar, Bali 80582"
      },
      "geometry": {
        "type": "Point",
        "coordinates": [
          115.2651992,
          -8.5807649
        ]
      }
    },
    {
      "type": "Feature",
      "properties": {
        "name": "Balai Banjar Penestan Kaja Ubud",
        "category": "balai_masyarakat",
        "region": "Gianyar Regency",
        "confidence": 0.84,
        "source_file": "4ZDU3D7D.xlsx, 20F8ADAH.xlsx, D7RSP2LU.xlsx, GQ3D8NMP.xlsx, MKMOSR5C.xlsx, QP4FQ600.xlsx",
        "address": "F6WX+F3V, Jl. Cemp. Putih, Sayan, Kecamatan Ubud, Kabupaten Gianyar, Bali 80571"
      },
      "geometry": {
        "type": "Point",
        "coordinates": [
          115.2477558,
          -8.5037476
        ]
      }
    },
    {
      "type": "Feature",
      "properties": {
        "name": "Balai Banjar Penestan Kelod UBUD",
        "category": "balai_masyarakat",
        "region": "Gianyar Regency",
        "confidence": 0.84,
        "source_file": "4ZDU3D7D.xlsx, 20F8ADAH.xlsx, D7RSP2LU.xlsx, F5265UR2.xlsx, GQ3D8NMP.xlsx, MKMOSR5C.xlsx, QP4FQ600.xlsx, S33E300D.xlsx",
        "address": "F6RX+R35, Jl. Penestanan Kelod, Sayan, Kecamatan Ubud, Kabupaten Gianyar, Bali 80571"
      },
      "geometry": {
        "type": "Point",
        "coordinates": [
          115.2477451,
          -8.5079276
        ]
      }
    },
    {
      "type": "Feature",
      "properties": {
        "name": "Balai Banjar Pengembungan",
        "category": "balai_masyarakat",
        "region": "Gianyar Regency",
        "confidence": 0.9,
        "source_file": "4ZDU3D7D.xlsx, 20F8ADAH.xlsx, D7RSP2LU.xlsx, QP4FQ600.xlsx",
        "address": "C62X+44J, Batubulan, Kec. Sukawati, Kabupaten Gianyar, Bali 80582"
      },
      "geometry": {
        "type": "Point",
        "coordinates": [
          115.2477612,
          -8.5996683
        ]
      }
    },
    {
      "type": "Feature",
      "properties": {
        "name": "Balai Banjar Pengembungan",
        "category": "tempat_acara",
        "region": "Gianyar Regency",
        "confidence": 0.9,
        "source_file": "GQ3D8NMP.xlsx, MKMOSR5C.xlsx",
        "address": "Banjar Pengembungan, Pejeng Kangin, Kec. Tampaksiring, Kabupaten Gianyar, Bali 80553"
      },
      "geometry": {
        "type": "Point",
        "coordinates": [
          115.3018513,
          -8.4736195
        ]
      }
    },
    {
      "type": "Feature",
      "properties": {
        "name": "Balai Banjar Peninjoan Batuan",
        "category": "balai_masyarakat",
        "region": "Gianyar Regency",
        "confidence": 0.84,
        "source_file": "4ZDU3D7D.xlsx, 20F8ADAH.xlsx, D7RSP2LU.xlsx, QP4FQ600.xlsx",
        "address": "C77J+7WF, Jalan Raya, Batuan, Kec. Sukawati, Kabupaten Gianyar, Bali 80582"
      },
      "geometry": {
        "type": "Point",
        "coordinates": [
          115.2728484,
          -8.582545
        ]
      }
    },
    {
      "type": "Feature",
      "properties": {
        "name": "Balai Banjar Perangsada",
        "category": "balai_masyarakat",
        "region": "Gianyar Regency",
        "confidence": 0.9,
        "source_file": "4ZDU3D7D.xlsx, 20F8ADAH.xlsx, D7RSP2LU.xlsx",
        "address": "Pering, Kec. Blahbatuh, Kabupaten Gianyar, Bali 80581"
      },
      "geometry": {
        "type": "Point",
        "coordinates": [
          115.3020488,
          -8.5797804
        ]
      }
    },
    {
      "type": "Feature",
      "properties": {
        "name": "Balai Banjar Pesalakan",
        "category": "balai_pertemuan_desa",
        "region": "Gianyar Regency",
        "confidence": 0.9,
        "source_file": "20F8ADAH.xlsx, GQ3D8NMP.xlsx, MKMOSR5C.xlsx",
        "address": "G882+XW5, Jl. Raya Pesalakan, Pejeng, Kec. Tampaksiring, Kabupaten Gianyar, Bali 80552"
      },
      "geometry": {
        "type": "Point",
        "coordinates": [
          115.3023647,
          -8.4826078
        ]
      }
    },
    {
      "type": "Feature",
      "properties": {
        "name": "Balai Banjar Peteluan, Temesi",
        "category": "balai_masyarakat",
        "region": "Gianyar Regency",
        "confidence": 0.87,
        "source_file": "20F8ADAH.xlsx, MKMOSR5C.xlsx",
        "address": "F86W+6W6, Jl. Legong Keraton, Temesi, Kec. Gianyar, Kabupaten Gianyar, Bali 80515"
      },
      "geometry": {
        "type": "Point",
        "coordinates": [
          115.3472624,
          -8.5394622
        ]
      }
    },
    {
      "type": "Feature",
      "properties": {
        "name": "Balai Banjar Petulu Belusung Pejengkaja",
        "category": "balai_masyarakat",
        "region": "Gianyar Regency",
        "confidence": 0.84,
        "source_file": "20F8ADAH.xlsx",
        "address": "G7CV+R44, Pejeng Kaja, Tampaksiring, Gianyar Regency, Bali 80552"
      },
      "geometry": {
        "type": "Point",
        "coordinates": [
          115.292445,
          -8.477864
        ]
      }
    },
    {
      "type": "Feature",
      "properties": {
        "name": "Balai Banjar Pinda",
        "category": "balai_masyarakat",
        "region": "Gianyar Regency",
        "confidence": 0.9,
        "source_file": "4ZDU3D7D.xlsx, 20F8ADAH.xlsx, D7RSP2LU.xlsx, F5265UR2.xlsx, GQ3D8NMP.xlsx, MKMOSR5C.xlsx, QP4FQ600.xlsx, S33E300D.xlsx",
        "address": "C899+M2P, Jl. Raya Pering, Pering, Kec. Blahbatuh, Kabupaten Gianyar, Bali 80581"
      },
      "geometry": {
        "type": "Point",
        "coordinates": [
          115.3175902,
          -8.5807971
        ]
      }
    },
    {
      "type": "Feature",
      "properties": {
        "name": "Balai Banjar Pujung Kaja",
        "category": "community_center",
        "region": "Gianyar Regency",
        "confidence": 0.9,
        "source_file": "20F8ADAH.xlsx, GQ3D8NMP.xlsx, MKMOSR5C.xlsx, QP4FQ600.xlsx",
        "address": "H7WQ+P59, Sebatu, Tegallalang, Gianyar Regency, Bali 80561"
      },
      "geometry": {
        "type": "Point",
        "coordinates": [
          115.2879873,
          -8.4032136
        ]
      }
    },
    {
      "type": "Feature",
      "properties": {
        "name": "Balai Banjar Puseh",
        "category": "community_center",
        "region": "Gianyar Regency",
        "confidence": 0.9,
        "source_file": "20F8ADAH.xlsx, GQ3D8NMP.xlsx, MKMOSR5C.xlsx, QP4FQ600.xlsx",
        "address": "F7QR+RRH, Pejeng, Tampaksiring, Gianyar Regency, Bali 80552"
      },
      "geometry": {
        "type": "Point",
        "coordinates": [
          115.2921229,
          -8.5104407
        ]
      }
    },
    {
      "type": "Feature",
      "properties": {
        "name": "Balai Banjar Puseh Batubulan Kangin",
        "category": "balai_masyarakat",
        "region": "Gianyar Regency",
        "confidence": 0.9,
        "source_file": "4ZDU3D7D.xlsx, 20F8ADAH.xlsx, D7RSP2LU.xlsx, GQ3D8NMP.xlsx, QP4FQ600.xlsx, S33E300D.xlsx",
        "address": "97MF+7PF, Jl. Pasekan, Batubulan Kangin, Kec. Sukawati, Kabupaten Gianyar, Bali 80582"
      },
      "geometry": {
        "type": "Point",
        "coordinates": [
          115.274305,
          -8.6168204
        ]
      }
    },
    {
      "type": "Feature",
      "properties": {
        "name": "Balai Banjar Saba",
        "category": "village_hall",
        "region": "Gianyar Regency",
        "confidence": 0.9,
        "source_file": "4ZDU3D7D.xlsx, 20F8ADAH.xlsx, D7RSP2LU.xlsx, GQ3D8NMP.xlsx, MKMOSR5C.xlsx, QP4FQ600.xlsx, S33E300D.xlsx",
        "address": "98W5+WP8, Jl. Pantai Saba, Saba, Kec. Blahbatuh, Kabupaten Gianyar, Bali 80581"
      },
      "geometry": {
        "type": "Point",
        "coordinates": [
          115.3093189,
          -8.6027112
        ]
      }
    },
    {
      "type": "Feature",
      "properties": {
        "name": "Balai Banjar Sakah",
        "category": "balai_masyarakat",
        "region": "Gianyar Regency",
        "confidence": 0.87,
        "source_file": "4ZDU3D7D.xlsx, 20F8ADAH.xlsx, D7RSP2LU.xlsx, QP4FQ600.xlsx",
        "address": "C7JG+35G, Batuan Kaler, Kec. Sukawati, Kabupaten Gianyar, Bali 80582"
      },
      "geometry": {
        "type": "Point",
        "coordinates": [
          115.275365,
          -8.569865
        ]
      }
    },
    {
      "type": "Feature",
      "properties": {
        "name": "Balai Banjar Sambahan UBUD",
        "category": "balai_masyarakat",
        "region": "Gianyar Regency",
        "confidence": 0.87,
        "source_file": "20F8ADAH.xlsx, GQ3D8NMP.xlsx, MKMOSR5C.xlsx, QP4FQ600.xlsx",
        "address": "G727+RRP, Ubud, Gianyar Regency, Bali"
      },
      "geometry": {
        "type": "Point",
        "coordinates": [
          115.26458,
          -8.4979123
        ]
      }
    },
    {
      "type": "Feature",
      "properties": {
        "name": "Balai Banjar Sanding Abianbase",
        "category": "balai_masyarakat",
        "region": "Gianyar Regency",
        "confidence": 0.9,
        "source_file": "20F8ADAH.xlsx, GQ3D8NMP.xlsx, MKMOSR5C.xlsx, QP4FQ600.xlsx",
        "address": "G7MV+429, Sanding, Tampaksiring, Gianyar Regency, Bali 80552"
      },
      "geometry": {
        "type": "Point",
        "coordinates": [
          115.2926245,
          -8.4672066
        ]
      }
    },
    {
      "type": "Feature",
      "properties": {
        "name": "Balai Banjar Sanding Serongga",
        "category": "community_center",
        "region": "Gianyar Regency",
        "confidence": 0.9,
        "source_file": "20F8ADAH.xlsx, GQ3D8NMP.xlsx, MKMOSR5C.xlsx",
        "address": "G7JV+XQ5, Sanding, Tampaksiring, Gianyar Regency, Bali 80552"
      },
      "geometry": {
        "type": "Point",
        "coordinates": [
          115.2944906,
          -8.4676165
        ]
      }
    },
    {
      "type": "Feature",
      "properties": {
        "name": "Balai Banjar Sawagunung",
        "category": "balai_masyarakat",
        "region": "Gianyar Regency",
        "confidence": 0.9,
        "source_file": "4ZDU3D7D.xlsx, 20F8ADAH.xlsx, D7RSP2LU.xlsx, GQ3D8NMP.xlsx, MKMOSR5C.xlsx, S33E300D.xlsx",
        "address": "F8W3+CCJ, Jalan Raya Sawagunung, 80552, Jl. Kelusu, Pejeng Kelod, Kec. Tampaksiring, Kabupaten Gianyar, Bali 80552"
      },
      "geometry": {
        "type": "Point",
        "coordinates": [
          115.3038938,
          -8.5031494
        ]
      }
    },
    {
      "type": "Feature",
      "properties": {
        "name": "Balai Banjar Sebali",
        "category": "balai_masyarakat",
        "region": "Gianyar Regency",
        "confidence": 0.84,
        "source_file": "20F8ADAH.xlsx, MKMOSR5C.xlsx, QP4FQ600.xlsx",
        "address": "G7G5+6Q7, Jl. Raya Sebali, Keliki, Kec. Tegallalang, Kabupaten Gianyar, Bali 80571"
      },
      "geometry": {
        "type": "Point",
        "coordinates": [
          115.2594456,
          -8.4743126
        ]
      }
    },
    {
      "type": "Feature",
      "properties": {
        "name": "Balai Banjar Sebatu",
        "category": "balai_pertemuan_desa",
        "region": "Gianyar Regency",
        "confidence": 0.87,
        "source_file": "4ZDU3D7D.xlsx, 20F8ADAH.xlsx, D7RSP2LU.xlsx, F5265UR2.xlsx, GQ3D8NMP.xlsx, MKMOSR5C.xlsx, QP4FQ600.xlsx, S33E300D.xlsx",
        "address": "H7XW+HCQ, banjar, Sebatu, Kec. Tegallalang, Kabupaten Gianyar, Bali 80561"
      },
      "geometry": {
        "type": "Point",
        "coordinates": [
          115.2961222,
          -8.4010338
        ]
      }
    },
    {
      "type": "Feature",
      "properties": {
        "name": "Balai Banjar Selat",
        "category": "balai_pertemuan_desa",
        "region": "Gianyar Regency",
        "confidence": 0.9,
        "source_file": "4ZDU3D7D.xlsx, 20F8ADAH.xlsx, D7RSP2LU.xlsx, F5265UR2.xlsx, GQ3D8NMP.xlsx, MKMOSR5C.xlsx, QP4FQ600.xlsx",
        "address": "Jl. Raya, Buahan, Kec. Payangan, Kabupaten Gianyar, Bali 80572"
      },
      "geometry": {
        "type": "Point",
        "coordinates": [
          115.2349984,
          -8.3860022
        ]
      }
    },
    {
      "type": "Feature",
      "properties": {
        "name": "Balai Banjar Selat Belega Blahbatuh",
        "category": "tempat_acara",
        "region": "Gianyar Regency",
        "confidence": 0.9,
        "source_file": "4ZDU3D7D.xlsx, 20F8ADAH.xlsx, D7RSP2LU.xlsx, QP4FQ600.xlsx",
        "address": "C8J7+VMC, Jl. Banjar Selat, Belega, Kec. Blahbatuh, Kabupaten Gianyar, Bali 80581"
      },
      "geometry": {
        "type": "Point",
        "coordinates": [
          115.3141365,
          -8.5678161
        ]
      }
    },
    {
      "type": "Feature",
      "properties": {
        "name": "Balai Banjar Sema",
        "category": "balai_masyarakat",
        "region": "Gianyar Regency",
        "confidence": 0.84,
        "source_file": "20F8ADAH.xlsx",
        "address": "C899+CW5, Jl. Segara Willis, Pering, Kec. Blahbatuh, Kabupaten Gianyar, Bali 80581"
      },
      "geometry": {
        "type": "Point",
        "coordinates": [
          115.3198592,
          -8.581477
        ]
      }
    },
    {
      "type": "Feature",
      "properties": {
        "name": "Balai Banjar Semaon",
        "category": "community_center",
        "region": "Gianyar Regency",
        "confidence": 0.9,
        "source_file": "GQ3D8NMP.xlsx, MKMOSR5C.xlsx",
        "address": "J722+P4H, Jl. Raya Semaon Jl. Raya Payangan, Puhu, Kec. Payangan, Kabupaten Gianyar, Bali 80572"
      },
      "geometry": {
        "type": "Point",
        "coordinates": [
          115.2503596,
          -8.3981983
        ]
      }
    },
    {
      "type": "Feature",
      "properties": {
        "name": "Balai Banjar Serongga Kaja",
        "category": "balai_masyarakat",
        "region": "Gianyar Regency",
        "confidence": 0.84,
        "source_file": "20F8ADAH.xlsx",
        "address": "Jl. Sakura I No.74, Serongga, Kec. Gianyar, Kabupaten Gianyar, Bali 80515"
      },
      "geometry": {
        "type": "Point",
        "coordinates": [
          115.3338685,
          -8.5560186
        ]
      }
    },
    {
      "type": "Feature",
      "properties": {
        "name": "Balai Banjar Serongga Kelod",
        "category": "balai_masyarakat",
        "region": "Gianyar Regency",
        "confidence": 0.87,
        "source_file": "20F8ADAH.xlsx, MKMOSR5C.xlsx",
        "address": "C8MP+5R8, Jl. Serongga Kelod, Serongga, Kec. Gianyar, Kabupaten Gianyar, Bali 80515"
      },
      "geometry": {
        "type": "Point",
        "coordinates": [
          115.3370643,
          -8.567089
        ]
      }
    },
    {
      "type": "Feature",
      "properties": {
        "name": "Balai Banjar Silungan",
        "category": "balai_masyarakat",
        "region": "Gianyar Regency",
        "confidence": 0.9,
        "source_file": "4ZDU3D7D.xlsx, 20F8ADAH.xlsx, D7RSP2LU.xlsx, QP4FQ600.xlsx, S33E300D.xlsx",
        "address": "Jl. A.A. Gede Rai Banjar Silungan No.1, Lodtunduh, Kecamatan Ubud, Kabupaten Gianyar, Bali 80571"
      },
      "geometry": {
        "type": "Point",
        "coordinates": [
          115.2612128,
          -8.5600697
        ]
      }
    },
    {
      "type": "Feature",
      "properties": {
        "name": "Balai Banjar Singapadu",
        "category": "city_or_town_hall",
        "region": "Gianyar Regency",
        "confidence": 0.87,
        "source_file": "4ZDU3D7D.xlsx, 20F8ADAH.xlsx, D7RSP2LU.xlsx, QP4FQ600.xlsx",
        "address": "C743+WJ2, Singapadu, Kec. Sukawati, Kabupaten Gianyar, Bali"
      },
      "geometry": {
        "type": "Point",
        "coordinates": [
          115.2540164,
          -8.5927487
        ]
      }
    },
    {
      "type": "Feature",
      "properties": {
        "name": "Balai Banjar Subilang",
        "category": "community_center",
        "region": "Gianyar Regency",
        "confidence": 0.87,
        "source_file": "4ZDU3D7D.xlsx, D7RSP2LU.xlsx, GQ3D8NMP.xlsx, MKMOSR5C.xlsx, S33E300D.xlsx",
        "address": "J737+6CP, Unnamed Road, Bukian, Payangan, Gianyar Regency, Bali 80572"
      },
      "geometry": {
        "type": "Point",
        "coordinates": [
          115.2628929,
          -8.3987432
        ]
      }
    },
    {
      "type": "Feature",
      "properties": {
        "name": "Balai Banjar Taman Kaja UBUD",
        "category": "balai_masyarakat",
        "region": "Gianyar Regency",
        "confidence": 0.84,
        "source_file": "20F8ADAH.xlsx, GQ3D8NMP.xlsx, MKMOSR5C.xlsx, QP4FQ600.xlsx",
        "address": "G728+9VM, Ubud, Gianyar Regency, Bali"
      },
      "geometry": {
        "type": "Point",
        "coordinates": [
          115.2671737,
          -8.4990324
        ]
      }
    },
    {
      "type": "Feature",
      "properties": {
        "name": "Balai Banjar Taman Kelod UBUD",
        "category": "balai_masyarakat",
        "region": "Gianyar Regency",
        "confidence": 0.87,
        "source_file": "4ZDU3D7D.xlsx, 20F8ADAH.xlsx, D7RSP2LU.xlsx, MKMOSR5C.xlsx, QP4FQ600.xlsx, S33E300D.xlsx",
        "address": "F7V8+G55, Jl. Sri Wedari, Ubud, Kecamatan Ubud, Kabupaten Gianyar, Bali 80571"
      },
      "geometry": {
        "type": "Point",
        "coordinates": [
          115.2654842,
          -8.5062302
        ]
      }
    },
    {
      "type": "Feature",
      "properties": {
        "name": "Balai Banjar Taman Sari UBUD",
        "category": "balai_masyarakat",
        "region": "Gianyar Regency",
        "confidence": 0.84,
        "source_file": "20F8ADAH.xlsx, GQ3D8NMP.xlsx, MKMOSR5C.xlsx, QP4FQ600.xlsx",
        "address": "F7V8+XPC, Jl. Sandat, Ubud, Kecamatan Ubud, Kabupaten Gianyar, Bali 80571"
      },
      "geometry": {
        "type": "Point",
        "coordinates": [
          115.2667794,
          -8.5050558
        ]
      }
    },
    {
      "type": "Feature",
      "properties": {
        "name": "Balai Banjar Tangsub \u1b29\u1b2e\u1b3e\u200b\u1b29\u1b1c\u1b44\u1b1a\u1b44\u1b2d\u1b03\u200b\u1b22\u1b02\u1b32\u1b38\u1b29\u1b44\u1b5f\u200b",
        "category": "kantor_hubungan_masyarakat",
        "region": "Gianyar Regency",
        "confidence": 0.9,
        "source_file": "4ZDU3D7D.xlsx, 20F8ADAH.xlsx, D7RSP2LU.xlsx, MKMOSR5C.xlsx, QP4FQ600.xlsx, S33E300D.xlsx",
        "address": "97WF+HJM Br Tangsub, Jl. Raya Celuk, Celuk, Kec. Sukawati, Kabupaten Gianyar, Bali 80582"
      },
      "geometry": {
        "type": "Point",
        "coordinates": [
          115.2740431,
          -8.6035366
        ]
      }
    },
    {
      "type": "Feature",
      "properties": {
        "name": "Balai Banjar Taro Kaja",
        "category": "balai_masyarakat",
        "region": "Gianyar Regency",
        "confidence": 0.84,
        "source_file": "20F8ADAH.xlsx, GQ3D8NMP.xlsx, MKMOSR5C.xlsx",
        "address": "J79H+5WF, Jl. Raya Taro Kaja, Taro, Kec. Tegallalang, Kabupaten Gianyar, Bali 80561"
      },
      "geometry": {
        "type": "Point",
        "coordinates": [
          115.2797724,
          -8.382064
        ]
      }
    },
    {
      "type": "Feature",
      "properties": {
        "name": "Balai Banjar Tarukan",
        "category": "kantor_pemerintah",
        "region": "Gianyar Regency",
        "confidence": 0.84,
        "source_file": "20F8ADAH.xlsx",
        "address": "F73F+JM3, Jl. Kemuning, Mas, Kecamatan Ubud, Kabupaten Gianyar, Bali 80571"
      },
      "geometry": {
        "type": "Point",
        "coordinates": [
          115.2741655,
          -8.5459763
        ]
      }
    },
    {
      "type": "Feature",
      "properties": {
        "name": "Balai Banjar Tarukan",
        "category": "cafes",
        "region": "Gianyar Regency",
        "confidence": 0.9,
        "source_file": "20F8ADAH.xlsx, QP4FQ600.xlsx",
        "address": "G74R+F74, Jl. Pejeng Kaja - Tampak Siring, Pejeng, Tarukan, Kabupaten Gianyar, Bali 80552"
      },
      "geometry": {
        "type": "Point",
        "coordinates": [
          115.2907021,
          -8.4938673
        ]
      }
    },
    {
      "type": "Feature",
      "properties": {
        "name": "Balai Banjar Tarukan Kelod",
        "category": "balai_masyarakat",
        "region": "Gianyar Regency",
        "confidence": 0.84,
        "source_file": "20F8ADAH.xlsx, GQ3D8NMP.xlsx, MKMOSR5C.xlsx",
        "address": "Jl. Pejeng Kaja - Tampak Siring No.24975, Pejeng Kaja, Kec. Tampaksiring, Kabupaten Gianyar, Bali 80552"
      },
      "geometry": {
        "type": "Point",
        "coordinates": [
          115.2913722,
          -8.4982011
        ]
      }
    },
    {
      "type": "Feature",
      "properties": {
        "name": "Balai Banjar Tatag",
        "category": "pusat_perkumpulan_remaja",
        "region": "Gianyar Regency",
        "confidence": 0.84,
        "source_file": "20F8ADAH.xlsx, GQ3D8NMP.xlsx, MKMOSR5C.xlsx",
        "address": "H7WG+46C, Taro, Tegallalang, Gianyar Regency, Bali 80561"
      },
      "geometry": {
        "type": "Point",
        "coordinates": [
          115.2755121,
          -8.404697
        ]
      }
    },
    {
      "type": "Feature",
      "properties": {
        "name": "Balai Banjar Tatag - Guwang",
        "category": "community_center",
        "region": "Gianyar Regency",
        "confidence": 0.87,
        "source_file": "4ZDU3D7D.xlsx, 20F8ADAH.xlsx, D7RSP2LU.xlsx, F5265UR2.xlsx",
        "address": "Jl. Abimanyu, Gang Tunjung 9 No.8, Guwang, Sukawati, Gianyar Regency, Bali 80582"
      },
      "geometry": {
        "type": "Point",
        "coordinates": [
          115.2877328,
          -8.6236235
        ]
      }
    },
    {
      "type": "Feature",
      "properties": {
        "name": "Balai Banjar Tebesaya",
        "category": "event_venue",
        "region": "Gianyar Regency",
        "confidence": 0.84,
        "source_file": "20F8ADAH.xlsx",
        "address": "Jl. Sukma Kesuma No.25, Peliatan, Kecamatan Ubud, Kabupaten Gianyar, Bali 80571"
      },
      "geometry": {
        "type": "Point",
        "coordinates": [
          115.2682258,
          -8.5123065
        ]
      }
    },
    {
      "type": "Feature",
      "properties": {
        "name": "Balai Banjar Tegal Payang",
        "category": "balai_masyarakat",
        "region": "Gianyar Regency",
        "confidence": 0.9,
        "source_file": "4ZDU3D7D.xlsx, D7RSP2LU.xlsx, F5265UR2.xlsx, GQ3D8NMP.xlsx, MKMOSR5C.xlsx, S33E300D.xlsx",
        "address": "J879+R86, Tegal Payang, Pupuan, Kec. Tegallalang, Kabupaten Gianyar, Bali 80561"
      },
      "geometry": {
        "type": "Point",
        "coordinates": [
          115.3182781,
          -8.3854549
        ]
      }
    },
    {
      "type": "Feature",
      "properties": {
        "name": "Balai Banjar Tegal Tamu Batubulan",
        "category": "balai_masyarakat",
        "region": "Gianyar Regency",
        "confidence": 0.87,
        "source_file": "4ZDU3D7D.xlsx, 20F8ADAH.xlsx, D7RSP2LU.xlsx, QP4FQ600.xlsx",
        "address": "Jl. Raya Batubulan No.100x, Batubulan, Kec. Sukawati, Kabupaten Gianyar, Bali 80582"
      },
      "geometry": {
        "type": "Point",
        "coordinates": [
          115.2527632,
          -8.6050012
        ]
      }
    },
    {
      "type": "Feature",
      "properties": {
        "name": "Balai Banjar Tegalbingin",
        "category": "community_center",
        "region": "Gianyar Regency",
        "confidence": 0.9,
        "source_file": "20F8ADAH.xlsx, MKMOSR5C.xlsx, QP4FQ600.xlsx",
        "address": "F75H+V27, Mas, Ubud, Gianyar Regency, Bali 80571"
      },
      "geometry": {
        "type": "Point",
        "coordinates": [
          115.2775421,
          -8.5403253
        ]
      }
    },
    {
      "type": "Feature",
      "properties": {
        "name": "Balai Banjar Tegallulung",
        "category": "balai_masyarakat",
        "region": "Gianyar Regency",
        "confidence": 0.84,
        "source_file": "4ZDU3D7D.xlsx, 20F8ADAH.xlsx, D7RSP2LU.xlsx, QP4FQ600.xlsx",
        "address": "C77R+84H, Jl. Raya Bonbiyu, Saba, Kec. Blahbatuh, Kabupaten Gianyar, Bali 80581"
      },
      "geometry": {
        "type": "Point",
        "coordinates": [
          115.2903564,
          -8.5866968
        ]
      }
    },
    {
      "type": "Feature",
      "properties": {
        "name": "Balai Banjar Teges Kawan Yangloni",
        "category": "balai_masyarakat",
        "region": "Gianyar Regency",
        "confidence": 0.9,
        "source_file": "20F8ADAH.xlsx, GQ3D8NMP.xlsx, MKMOSR5C.xlsx, QP4FQ600.xlsx",
        "address": "F7FC+29J, Jl. Cok Rai Pudak Jl. Raya Teges No.13, Peliatan, Kecamatan Ubud, Kabupaten Gianyar, Bali 80571"
      },
      "geometry": {
        "type": "Point",
        "coordinates": [
          115.2712748,
          -8.5238239
        ]
      }
    },
    {
      "type": "Feature",
      "properties": {
        "name": "Balai Banjar Teges Kelod",
        "category": "village_hall",
        "region": "Gianyar Regency",
        "confidence": 0.9,
        "source_file": "20F8ADAH.xlsx, QP4FQ600.xlsx",
        "address": "Jl. Ngurah Rai-Gianyar No.37, Gianyar, Kec. Gianyar, Kabupaten Gianyar, Bali 80511"
      },
      "geometry": {
        "type": "Point",
        "coordinates": [
          115.3273159,
          -8.5413388
        ]
      }
    },
    {
      "type": "Feature",
      "properties": {
        "name": "Balai Banjar Temesi",
        "category": "event_venue",
        "region": "Gianyar Regency",
        "confidence": 0.9,
        "source_file": "4ZDU3D7D.xlsx, 20F8ADAH.xlsx, D7RSP2LU.xlsx, QP4FQ600.xlsx",
        "address": "Jl. Raya Temesi No.100X, Temesi, Kec. Gianyar, Kabupaten Gianyar, Bali 80515"
      },
      "geometry": {
        "type": "Point",
        "coordinates": [
          115.3496977,
          -8.5469026
        ]
      }
    },
    {
      "type": "Feature",
      "properties": {
        "name": "Balai Banjar Tengah & Triwangsa Manuaba",
        "category": "balai_pertemuan_desa",
        "region": "Gianyar Regency",
        "confidence": 0.9,
        "source_file": "20F8ADAH.xlsx, GQ3D8NMP.xlsx, MKMOSR5C.xlsx, QP4FQ600.xlsx",
        "address": "G7WQ+MJV, Kenderan, Tegallalang, Gianyar Regency, Bali 80561"
      },
      "geometry": {
        "type": "Point",
        "coordinates": [
          115.289056,
          -8.4532589
        ]
      }
    },
    {
      "type": "Feature",
      "properties": {
        "name": "Balai Banjar Tengah Peliatan",
        "category": "balai_masyarakat",
        "region": "Gianyar Regency",
        "confidence": 0.9,
        "source_file": "20F8ADAH.xlsx, GQ3D8NMP.xlsx, QP4FQ600.xlsx",
        "address": "F7H9+W9H, Peliatan, Ubud, Gianyar Regency, Bali 80571"
      },
      "geometry": {
        "type": "Point",
        "coordinates": [
          115.2684719,
          -8.5201952
        ]
      }
    },
    {
      "type": "Feature",
      "properties": {
        "name": "Balai Banjar Tengkulak Kaja",
        "category": "tempat_acara",
        "region": "Gianyar Regency",
        "confidence": 0.9,
        "source_file": "20F8ADAH.xlsx, MKMOSR5C.xlsx",
        "address": "Jl. Pasung Grigis, Tengkulak kaja, Kec. Sukawati, Kabupaten Gianyar, Bali 80582"
      },
      "geometry": {
        "type": "Point",
        "coordinates": [
          115.2836032,
          -8.5267362
        ]
      }
    },
    {
      "type": "Feature",
      "properties": {
        "name": "Balai Banjar Teruna",
        "category": "balai_pertemuan_desa",
        "region": "Gianyar Regency",
        "confidence": 0.84,
        "source_file": "20F8ADAH.xlsx, QP4FQ600.xlsx",
        "address": "F7M9+MRH, Peliatan, Ubud, Gianyar Regency, Bali 80571"
      },
      "geometry": {
        "type": "Point",
        "coordinates": [
          115.2696051,
          -8.5158177
        ]
      }
    },
    {
      "type": "Feature",
      "properties": {
        "name": "Balai Banjar Teruna Blahbatuh,\u1b29\u1b2e\u1b3f\u1b29\u1b1c\u1b44\u1b1a\u1b03\u1b22\u1b42\u1b2d\u1b38\u1b21\u1b29\u1b44\u1b2e\u1b04\u1b29\u1b22\u1b38\u1b04\u1b5f",
        "category": "village_hall",
        "region": "Gianyar Regency",
        "confidence": 0.9,
        "source_file": "20F8ADAH.xlsx, QP4FQ600.xlsx",
        "address": "Jl. Pulau Bali No.13-15, Blahbatuh, Kec. Blahbatuh, Kabupaten Gianyar, Bali 80581"
      },
      "geometry": {
        "type": "Point",
        "coordinates": [
          115.2971704,
          -8.5651774
        ]
      }
    },
    {
      "type": "Feature",
      "properties": {
        "name": "Balai Banjar Timbul",
        "category": "kantor_perusahaan",
        "region": "Gianyar Regency",
        "confidence": 0.84,
        "source_file": "4ZDU3D7D.xlsx, 20F8ADAH.xlsx, D7RSP2LU.xlsx, QP4FQ600.xlsx",
        "address": "J864+PQ7, Pupuan, Kec. Tegallalang, Kabupaten Gianyar, Bali 80561"
      },
      "geometry": {
        "type": "Point",
        "coordinates": [
          115.3069328,
          -8.3882073
        ]
      }
    },
    {
      "type": "Feature",
      "properties": {
        "name": "Balai Banjar Triwangsa",
        "category": "balai_masyarakat",
        "region": "Gianyar Regency",
        "confidence": 0.87,
        "source_file": "20F8ADAH.xlsx, MKMOSR5C.xlsx",
        "address": "F8QC+V9V, Bakbakan, Gianyar, Gianyar Regency, Bali 80515"
      },
      "geometry": {
        "type": "Point",
        "coordinates": [
          115.3209296,
          -8.5102601
        ]
      }
    },
    {
      "type": "Feature",
      "properties": {
        "name": "Balai Banjar Triwangsa , Desa Siangan",
        "category": "balai_masyarakat",
        "region": "Gianyar Regency",
        "confidence": 0.87,
        "source_file": "20F8ADAH.xlsx, GQ3D8NMP.xlsx, MKMOSR5C.xlsx, QP4FQ600.xlsx, S33E300D.xlsx",
        "address": "F8V7+M9X, Siangan, Gianyar, Gianyar Regency, Bali 80515"
      },
      "geometry": {
        "type": "Point",
        "coordinates": [
          115.3134813,
          -8.5057558
        ]
      }
    },
    {
      "type": "Feature",
      "properties": {
        "name": "Balai Banjar Triwangsa Kelusa",
        "category": "balai_pertemuan_desa",
        "region": "Gianyar Regency",
        "confidence": 0.84,
        "source_file": "20F8ADAH.xlsx, GQ3D8NMP.xlsx, MKMOSR5C.xlsx, QP4FQ600.xlsx",
        "address": "H754+QG4, Jl. Raya Kelusa, Kelusa, Kec. Payangan, Kabupaten Gianyar, Bali 80572"
      },
      "geometry": {
        "type": "Point",
        "coordinates": [
          115.2562834,
          -8.4406032
        ]
      }
    },
    {
      "type": "Feature",
      "properties": {
        "name": "Balai Banjar Triwangsa Tegallalang",
        "category": "balai_masyarakat",
        "region": "Gianyar Regency",
        "confidence": 0.87,
        "source_file": "20F8ADAH.xlsx, GQ3D8NMP.xlsx, MKMOSR5C.xlsx",
        "address": "Jl. Raya Tegallalang No.5758, Tegallalang, Kec. Tegallalang, Kabupaten Gianyar, Bali 80561"
      },
      "geometry": {
        "type": "Point",
        "coordinates": [
          115.2796621,
          -8.4483296
        ]
      }
    },
    {
      "type": "Feature",
      "properties": {
        "name": "Balai Banjar Tusan",
        "category": "balai_masyarakat",
        "region": "Gianyar Regency",
        "confidence": 0.9,
        "source_file": "4ZDU3D7D.xlsx, 20F8ADAH.xlsx, D7RSP2LU.xlsx",
        "address": "C7JX+8VM, Blahbatuh, Kec. Blahbatuh, Kabupaten Gianyar, Bali 80581"
      },
      "geometry": {
        "type": "Point",
        "coordinates": [
          115.2996602,
          -8.569154
        ]
      }
    },
    {
      "type": "Feature",
      "properties": {
        "name": "Balai Banjar Ubud Kelod",
        "category": "balai_masyarakat",
        "region": "Gianyar Regency",
        "confidence": 0.9,
        "source_file": "4ZDU3D7D.xlsx, 20F8ADAH.xlsx, D7RSP2LU.xlsx, GQ3D8NMP.xlsx, MKMOSR5C.xlsx, QP4FQ600.xlsx, S33E300D.xlsx",
        "address": "Jl. Monkey Forest No.15, Ubud, Kecamatan Ubud, Kabupaten Gianyar, Bali 80571"
      },
      "geometry": {
        "type": "Point",
        "coordinates": [
          115.2613446,
          -8.5106843
        ]
      }
    },
    {
      "type": "Feature",
      "properties": {
        "name": "Balai Banjar Ulapan",
        "category": "community_center",
        "region": "Gianyar Regency",
        "confidence": 0.87,
        "source_file": "4ZDU3D7D.xlsx, 20F8ADAH.xlsx, D7RSP2LU.xlsx, F5265UR2.xlsx, GQ3D8NMP.xlsx, MKMOSR5C.xlsx, QP4FQ600.xlsx, S33E300D.xlsx",
        "address": "H6FX+CQ6, Banjar ulapan, Bukian, Payangan, Gianyar Regency, Bali 80572"
      },
      "geometry": {
        "type": "Point",
        "coordinates": [
          115.2493951,
          -8.4264745
        ]
      }
    },
    {
      "type": "Feature",
      "properties": {
        "name": "Balai Banjar Wanayu Bedulu",
        "category": "balai_masyarakat",
        "region": "Gianyar Regency",
        "confidence": 0.87,
        "source_file": "4ZDU3D7D.xlsx, 20F8ADAH.xlsx, D7RSP2LU.xlsx, GQ3D8NMP.xlsx, MKMOSR5C.xlsx, S33E300D.xlsx",
        "address": "F7CW+4HX, Jl. Raya Wanayu, Bedulu, Kec. Blahbatuh, Kabupaten Gianyar, Bali 80581"
      },
      "geometry": {
        "type": "Point",
        "coordinates": [
          115.2964829,
          -8.529633
        ]
      }
    },
    {
      "type": "Feature",
      "properties": {
        "name": "Balai Banjar Yeh Tengah",
        "category": "tempat_acara",
        "region": "Gianyar Regency",
        "confidence": 0.9,
        "source_file": "20F8ADAH.xlsx, GQ3D8NMP.xlsx, MKMOSR5C.xlsx, QP4FQ600.xlsx",
        "address": "H747+J84, Br.Yehtengah, Kelusa, Kec. Payangan, Kabupaten Gianyar, Bali 80561"
      },
      "geometry": {
        "type": "Point",
        "coordinates": [
          115.263317,
          -8.443489
        ]
      }
    },
    {
      "type": "Feature",
      "properties": {
        "name": "Balai Banjar mula",
        "category": "housing_society",
        "region": "Gianyar Regency",
        "confidence": 0.87,
        "source_file": "4ZDU3D7D.xlsx, 20F8ADAH.xlsx, QP4FQ600.xlsx",
        "address": "97JF+65R, Batubulan Kangin, Kec. Sukawati, Kabupaten Gianyar, Bali 80582"
      },
      "geometry": {
        "type": "Point",
        "coordinates": [
          115.2728984,
          -8.6195044
        ]
      }
    },
    {
      "type": "Feature",
      "properties": {
        "name": "Balai Gong Banjar Gelumpang Sukawati",
        "category": "balai_masyarakat",
        "region": "Gianyar Regency",
        "confidence": 0.84,
        "source_file": "20F8ADAH.xlsx, QP4FQ600.xlsx",
        "address": "97XV+CCF, 97XV+FC4Jl. SabaSukawati, Kec. Sukawati, Kabupaten Gianyar, Bali 80582"
      },
      "geometry": {
        "type": "Point",
        "coordinates": [
          115.2935556,
          -8.6014312
        ]
      }
    },
    {
      "type": "Feature",
      "properties": {
        "name": "Balai Penyuluhan KB Kecamatan Blahbatuh",
        "category": "kantor_pemerintahan_daerah",
        "region": "Gianyar Regency",
        "confidence": 0.84,
        "source_file": "RZVRQ2SY.xlsx",
        "address": "Jl. Wisma Gajah Mada No.60, Blahbatuh, Kec. Blahbatuh, Kabupaten Gianyar, Bali 80581"
      },
      "geometry": {
        "type": "Point",
        "coordinates": [
          115.2951644,
          -8.5660422
        ]
      }
    },
    {
      "type": "Feature",
      "properties": {
        "name": "Balai Penyuluhan Pertanian Kecamatan Gianyar",
        "category": "kantor_pemerintah",
        "region": "Gianyar Regency",
        "confidence": 0.84,
        "source_file": "RZVRQ2SY.xlsx",
        "address": "Jl. Kesatrian No.44, Gianyar, Kec. Gianyar, Kabupaten Gianyar, Bali 80511"
      },
      "geometry": {
        "type": "Point",
        "coordinates": [
          115.3254487,
          -8.5469991
        ]
      }
    },
    {
      "type": "Feature",
      "properties": {
        "name": "Balai Serbaguna Banjar Pujung Kaja",
        "category": "balai_kota",
        "region": "Gianyar Regency",
        "confidence": 0.84,
        "source_file": "4ZDU3D7D.xlsx, D7RSP2LU.xlsx, GQ3D8NMP.xlsx, MKMOSR5C.xlsx, S33E300D.xlsx",
        "address": "H7VP+HWC, Jl. Raya Pujung Kaja, Sebatu, Kec. Tegallalang, Kabupaten Gianyar, Bali 80561"
      },
      "geometry": {
        "type": "Point",
        "coordinates": [
          115.2872618,
          -8.406067
        ]
      }
    },
    {
      "type": "Feature",
      "properties": {
        "name": "Balai banjar Abangan",
        "category": "balai_masyarakat",
        "region": "Gianyar Regency",
        "confidence": 0.84,
        "source_file": "20F8ADAH.xlsx, GQ3D8NMP.xlsx, MKMOSR5C.xlsx, QP4FQ600.xlsx",
        "address": "G7J8+3W3, Br.Abangan, Tegallalang, Kec. Tegallalang, Kabupaten Gianyar, Bali 80571"
      },
      "geometry": {
        "type": "Point",
        "coordinates": [
          115.2672984,
          -8.4698563
        ]
      }
    },
    {
      "type": "Feature",
      "properties": {
        "name": "Balai banjar Babakan sukawati",
        "category": "community_center",
        "region": "Gianyar Regency",
        "confidence": 0.84,
        "source_file": "20F8ADAH.xlsx",
        "address": "Jl. Yudistira No.59, Sukawati, Kec. Sukawati, Kabupaten Gianyar, Bali 80582"
      },
      "geometry": {
        "type": "Point",
        "coordinates": [
          115.2849929,
          -8.5962388
        ]
      }
    },
    {
      "type": "Feature",
      "properties": {
        "name": "Balai banjar Bada",
        "category": "perhimpunan_pengembang_perumahan",
        "region": "Gianyar Regency",
        "confidence": 0.87,
        "source_file": "4ZDU3D7D.xlsx, 20F8ADAH.xlsx, D7RSP2LU.xlsx, F5265UR2.xlsx, GQ3D8NMP.xlsx, MKMOSR5C.xlsx",
        "address": "J7X2+97R, Buahan Kaja, Kec. Payangan, Kabupaten Gianyar, Bali 80572"
      },
      "geometry": {
        "type": "Point",
        "coordinates": [
          115.251236,
          -8.3514484
        ]
      }
    },
    {
      "type": "Feature",
      "properties": {
        "name": "Balai banjar Calo",
        "category": "balai_masyarakat",
        "region": "Gianyar Regency",
        "confidence": 0.87,
        "source_file": "20F8ADAH.xlsx, GQ3D8NMP.xlsx, MKMOSR5C.xlsx, QP4FQ600.xlsx, S33E300D.xlsx",
        "address": "H8W4+RH5, Pupuan, Tegallalang, Gianyar Regency, Bali 80561"
      },
      "geometry": {
        "type": "Point",
        "coordinates": [
          115.3060972,
          -8.4029864
        ]
      }
    },
    {
      "type": "Feature",
      "properties": {
        "name": "Balai banjar Lebih Duur Kaja",
        "category": "balai_masyarakat",
        "region": "Gianyar Regency",
        "confidence": 0.84,
        "source_file": "4ZDU3D7D.xlsx, 20F8ADAH.xlsx, D7RSP2LU.xlsx, MKMOSR5C.xlsx",
        "address": "C8GX+PRJ, Lebih, Kec. Gianyar, Kabupaten Gianyar, Bali"
      },
      "geometry": {
        "type": "Point",
        "coordinates": [
          115.3495266,
          -8.5731644
        ]
      }
    },
    {
      "type": "Feature",
      "properties": {
        "name": "Balai banjar Tampad batuyang",
        "category": "balai_masyarakat",
        "region": "Gianyar Regency",
        "confidence": 0.87,
        "source_file": "4ZDU3D7D.xlsx, 20F8ADAH.xlsx, D7RSP2LU.xlsx, F5265UR2.xlsx, QP4FQ600.xlsx",
        "address": "97GG+5FF, Jalan Kopran Wayan Limbuk, Batubulan Kangin, Kec. Sukawati, Kabupaten Gianyar, Bali 80582"
      },
      "geometry": {
        "type": "Point",
        "coordinates": [
          115.276317,
          -8.6246276
        ]
      }
    },
    {
      "type": "Feature",
      "properties": {
        "name": "Balai banjar br apuh",
        "category": "pura",
        "region": "Gianyar Regency",
        "confidence": 0.84,
        "source_file": "4ZDU3D7D.xlsx, 20F8ADAH.xlsx, D7RSP2LU.xlsx, QP4FQ600.xlsx",
        "address": "Jl. Raya Tegal Suci No.57, Sebatu, Kec. Tegallalang, Kabupaten Gianyar, Bali 80561"
      },
      "geometry": {
        "type": "Point",
        "coordinates": [
          115.3151091,
          -8.3494093
        ]
      }
    },
    {
      "type": "Feature",
      "properties": {
        "name": "Balai banjar dinas penusuan",
        "category": "balai_masyarakat",
        "region": "Gianyar Regency",
        "confidence": 0.84,
        "source_file": "GQ3D8NMP.xlsx, MKMOSR5C.xlsx",
        "address": "G7QG+VRR, Tegallalang, Kec. Tegallalang, Kabupaten Gianyar, Bali 80561"
      },
      "geometry": {
        "type": "Point",
        "coordinates": [
          115.2770781,
          -8.4605085
        ]
      }
    },
    {
      "type": "Feature",
      "properties": {
        "name": "Balai banjar dukuh geria",
        "category": "balai_masyarakat",
        "region": "Gianyar Regency",
        "confidence": 0.87,
        "source_file": "20F8ADAH.xlsx, MKMOSR5C.xlsx, QP4FQ600.xlsx",
        "address": "F7PJ+P8H, Unnamed Road, Pejeng Kawan, Kec. Tampaksiring, Kabupaten Gianyar, Bali 80552"
      },
      "geometry": {
        "type": "Point",
        "coordinates": [
          115.2808438,
          -8.5131962
        ]
      }
    },
    {
      "type": "Feature",
      "properties": {
        "name": "Balai banjar kawan",
        "category": "balai_pertemuan_desa",
        "region": "Gianyar Regency",
        "confidence": 0.84,
        "source_file": "4ZDU3D7D.xlsx, D7RSP2LU.xlsx, F5265UR2.xlsx, GQ3D8NMP.xlsx, MKMOSR5C.xlsx, S33E300D.xlsx",
        "address": "Jl. Kawen Brata No.11, Tampaksiring, Kec. Tampaksiring, Kabupaten Gianyar, Bali 80552"
      },
      "geometry": {
        "type": "Point",
        "coordinates": [
          115.3049413,
          -8.4294067
        ]
      }
    },
    {
      "type": "Feature",
      "properties": {
        "name": "Balai banjar sawan siangan",
        "category": "balai_pertemuan_desa",
        "region": "Gianyar Regency",
        "confidence": 0.9,
        "source_file": "20F8ADAH.xlsx, MKMOSR5C.xlsx",
        "address": "F8V4+GGM, Siangan, Kec. Gianyar, Kabupaten Gianyar, Bali 80515"
      },
      "geometry": {
        "type": "Point",
        "coordinates": [
          115.3062897,
          -8.5061562
        ]
      }
    },
    {
      "type": "Feature",
      "properties": {
        "name": "Balai banjar selat",
        "category": "government_office",
        "region": "Gianyar Regency",
        "confidence": 0.84,
        "source_file": "4ZDU3D7D.xlsx, D7RSP2LU.xlsx, GQ3D8NMP.xlsx, MKMOSR5C.xlsx, S33E300D.xlsx",
        "address": "F8V5+CCP, Jl Banjar Selat, Gianyar, Gianyar Regency, Bali 80515"
      },
      "geometry": {
        "type": "Point",
        "coordinates": [
          115.3087516,
          -8.5062624
        ]
      }
    },
    {
      "type": "Feature",
      "properties": {
        "name": "Balai banjar sengguan Bitera",
        "category": "balai_masyarakat",
        "region": "Gianyar Regency",
        "confidence": 0.87,
        "source_file": "20F8ADAH.xlsx, GQ3D8NMP.xlsx",
        "address": "F889+MCC, Jl. Boni, Br. Sengguan, Bitera, Kec. Gianyar, Kabupaten Gianyar, Bali 80515"
      },
      "geometry": {
        "type": "Point",
        "coordinates": [
          115.3185011,
          -8.5333091
        ]
      }
    },
    {
      "type": "Feature",
      "properties": {
        "name": "Balai banjar tangkas",
        "category": "balai_masyarakat",
        "region": "Gianyar Regency",
        "confidence": 0.84,
        "source_file": "20F8ADAH.xlsx, GQ3D8NMP.xlsx, MKMOSR5C.xlsx, QP4FQ600.xlsx, S33E300D.xlsx",
        "address": "G7XQ+6P9, Kenderan, Tegallalang, Gianyar Regency, Bali 80561"
      },
      "geometry": {
        "type": "Point",
        "coordinates": [
          115.2893958,
          -8.4519189
        ]
      }
    },
    {
      "type": "Feature",
      "properties": {
        "name": "Balai banjar taro kelod",
        "category": "community_center",
        "region": "Gianyar Regency",
        "confidence": 0.87,
        "source_file": "20F8ADAH.xlsx, GQ3D8NMP.xlsx, MKMOSR5C.xlsx",
        "address": "J77J+759, Jl. Raya taro kelod, Taro, Tegallalang, Gianyar Regency, Bali 80561"
      },
      "geometry": {
        "type": "Point",
        "coordinates": [
          115.2803669,
          -8.3867656
        ]
      }
    },
    {
      "type": "Feature",
      "properties": {
        "name": "Balai banjar umahanyar",
        "category": "balai_kota",
        "region": "Gianyar Regency",
        "confidence": 0.87,
        "source_file": "GQ3D8NMP.xlsx, QP4FQ600.xlsx",
        "address": "Jl. Bakbakan-Petak Kaja No.16, Petak, Kec. Gianyar, Kabupaten Gianyar, Bali 80515"
      },
      "geometry": {
        "type": "Point",
        "coordinates": [
          115.3213402,
          -8.4866501
        ]
      }
    },
    {
      "type": "Feature",
      "properties": {
        "name": "Bale Banjar Desa Adat Belang Kaler",
        "category": "balai_masyarakat",
        "region": "Gianyar Regency",
        "confidence": 0.84,
        "source_file": "20F8ADAH.xlsx, QP4FQ600.xlsx",
        "address": "C6WW+V25, Singapadu Kaler, Sukawati, Gianyar Regency, Bali 80352"
      },
      "geometry": {
        "type": "Point",
        "coordinates": [
          115.2453737,
          -8.5528248
        ]
      }
    },
    {
      "type": "Feature",
      "properties": {
        "name": "Bale Banjar Desa Adat DelodBlungbang",
        "category": "balai_masyarakat",
        "region": "Gianyar Regency",
        "confidence": 0.84,
        "source_file": "MKMOSR5C.xlsx",
        "address": "Jl. Dlod Blungbang No.57, Kenderan, Kec. Tegallalang, Kabupaten Gianyar, Bali 80561"
      },
      "geometry": {
        "type": "Point",
        "coordinates": [
          115.2934952,
          -8.4339054
        ]
      }
    },
    {
      "type": "Feature",
      "properties": {
        "name": "Bale Banjar Intaran Pejeng",
        "category": "balai_masyarakat",
        "region": "Gianyar Regency",
        "confidence": 0.9,
        "source_file": "20F8ADAH.xlsx, GQ3D8NMP.xlsx, MKMOSR5C.xlsx",
        "address": "F7PV+275, Jl. Raya Tampaksiring, Pejeng, Kec. Tampaksiring, Kabupaten Gianyar, Bali 80552"
      },
      "geometry": {
        "type": "Point",
        "coordinates": [
          115.2932362,
          -8.5149773
        ]
      }
    },
    {
      "type": "Feature",
      "properties": {
        "name": "Bale Banjar Kedisan Kelod",
        "category": "balai_pertemuan_desa",
        "region": "Gianyar Regency",
        "confidence": 0.9,
        "source_file": "MKMOSR5C.xlsx",
        "address": "Unnamed Road No.80561, Kedisan, Kec. Tegallalang, Kabupaten Gianyar, Bali 80561"
      },
      "geometry": {
        "type": "Point",
        "coordinates": [
          115.2918571,
          -8.422375
        ]
      }
    },
    {
      "type": "Feature",
      "properties": {
        "name": "Bale Banjar Kumbuh",
        "category": "balai_masyarakat",
        "region": "Gianyar Regency",
        "confidence": 0.84,
        "source_file": "20F8ADAH.xlsx",
        "address": "F768+9Q4, Mas, Kecamatan Ubud, Kabupaten Gianyar, Bali 80571"
      },
      "geometry": {
        "type": "Point",
        "coordinates": [
          115.2669594,
          -8.53911
        ]
      }
    },
    {
      "type": "Feature",
      "properties": {
        "name": "Bale Banjar Kutuh UBUD",
        "category": "tempat_acara",
        "region": "Gianyar Regency",
        "confidence": 0.9,
        "source_file": "20F8ADAH.xlsx, QP4FQ600.xlsx",
        "address": "Jl. Raya Sayan No.52, Sayan, Kecamatan Ubud, Kabupaten Gianyar, Bali 80571"
      },
      "geometry": {
        "type": "Point",
        "coordinates": [
          115.2426783,
          -8.5056777
        ]
      }
    },
    {
      "type": "Feature",
      "properties": {
        "name": "Bale Banjar Mawang Kaja",
        "category": "balai_masyarakat",
        "region": "Gianyar Regency",
        "confidence": 0.84,
        "source_file": "20F8ADAH.xlsx",
        "address": "C7J6+7CR, Lodtunduh, Kecamatan Ubud, Kabupaten Gianyar, Bali 80571"
      },
      "geometry": {
        "type": "Point",
        "coordinates": [
          115.2609905,
          -8.5691591
        ]
      }
    },
    {
      "type": "Feature",
      "properties": {
        "name": "Bale Banjar Mawang Kelod",
        "category": "balai_masyarakat",
        "region": "Gianyar Regency",
        "confidence": 0.84,
        "source_file": "20F8ADAH.xlsx",
        "address": "C7H6+75X, Jalan Raya Mawang kaja, Lodtunduh, Kecamatan Ubud, Kabupaten Gianyar, Bali 80571"
      },
      "geometry": {
        "type": "Point",
        "coordinates": [
          115.2604755,
          -8.5717607
        ]
      }
    },
    {
      "type": "Feature",
      "properties": {
        "name": "Bale Banjar Pengosekan",
        "category": "balai_masyarakat",
        "region": "Gianyar Regency",
        "confidence": 0.84,
        "source_file": "20F8ADAH.xlsx",
        "address": "F7C7+RC7, Jl. Raya Pengosekan, Mas, Kecamatan Ubud, Kabupaten Gianyar, Bali 80571"
      },
      "geometry": {
        "type": "Point",
        "coordinates": [
          115.2635909,
          -8.5280783
        ]
      }
    },
    {
      "type": "Feature",
      "properties": {
        "name": "Bale Banjar Puseh",
        "category": "balai_masyarakat",
        "region": "Gianyar Regency",
        "confidence": 0.9,
        "source_file": "4ZDU3D7D.xlsx, 20F8ADAH.xlsx, D7RSP2LU.xlsx, F5265UR2.xlsx, GQ3D8NMP.xlsx, QP4FQ600.xlsx",
        "address": "Jl. Raya Ketewel No.1A, Ketewel, Kec. Sukawati, Kabupaten Gianyar, Bali 80582"
      },
      "geometry": {
        "type": "Point",
        "coordinates": [
          115.2842081,
          -8.626156
        ]
      }
    },
    {
      "type": "Feature",
      "properties": {
        "name": "Bale Banjar Tarukan",
        "category": "community_center",
        "region": "Gianyar Regency",
        "confidence": 0.84,
        "source_file": "20F8ADAH.xlsx",
        "address": "F74F+48J, Jl. Nusa Dua, Mas, Kecamatan Ubud, Kabupaten Gianyar, Bali 80571"
      },
      "geometry": {
        "type": "Point",
        "coordinates": [
          115.2732506,
          -8.5446567
        ]
      }
    },
    {
      "type": "Feature",
      "properties": {
        "name": "Bale banjar",
        "category": "balai_masyarakat",
        "region": "Gianyar Regency",
        "confidence": 0.87,
        "source_file": "F5265UR2.xlsx",
        "address": "G6QW+RFF, Tanggayuda, Kedewatan, Kecamatan Ubud, Kabupaten Gianyar, Bali"
      },
      "geometry": {
        "type": "Point",
        "coordinates": [
          115.2461844,
          -8.4604253
        ]
      }
    },
    {
      "type": "Feature",
      "properties": {
        "name": "Bali Spiritual, Open Cakra, Palm Reading & Tour",
        "category": "attractions",
        "region": "Gianyar Regency",
        "confidence": 0.87,
        "source_file": "wisata.xlsx, XLU5DC2A.xlsx",
        "address": "Bedulu, Blahbatuh, Gianyar Regency, Bali 80581"
      },
      "geometry": {
        "type": "Point",
        "coordinates": [
          115.2918652,
          -8.5286271
        ]
      }
    },
    {
      "type": "Feature",
      "properties": {
        "name": "Bali Village Trekking",
        "category": "attractions",
        "region": "Gianyar Regency",
        "confidence": 0.9,
        "source_file": "wisata.xlsx, XLU5DC2A.xlsx",
        "address": "C7XM+J86, Kemenuh, Sukawati, Gianyar Regency, Bali 80582"
      },
      "geometry": {
        "type": "Point",
        "coordinates": [
          115.283277,
          -8.550666
        ]
      }
    },
    {
      "type": "Feature",
      "properties": {
        "name": "Bali Water Rafting",
        "category": "attractions",
        "region": "Gianyar Regency",
        "confidence": 0.84,
        "source_file": "wisata.xlsx, XLU5DC2A.xlsx",
        "address": "Jl. Raya Bona Kelod, Bitera, Kec. Gianyar, Kabupaten Gianyar, Bali 80511"
      },
      "geometry": {
        "type": "Point",
        "coordinates": [
          115.3193104,
          -8.5514799
        ]
      }
    },
    {
      "type": "Feature",
      "properties": {
        "name": "Balione Vacations",
        "category": "attractions",
        "region": "Gianyar Regency",
        "confidence": 0.87,
        "source_file": "wisata.xlsx, XLU5DC2A.xlsx",
        "address": "C8M3+872, Jl. Kapten Sujana, Blahbatuh, Kec. Blahbatuh, Kabupaten Gianyar, Bali 80581"
      },
      "geometry": {
        "type": "Point",
        "coordinates": [
          115.3031496,
          -8.5667383
        ]
      }
    },
    {
      "type": "Feature",
      "properties": {
        "name": "Bandung Waterfall",
        "category": "attractions",
        "region": "Gianyar Regency",
        "confidence": 0.9,
        "source_file": "wisata.xlsx, XLU5DC2A.xlsx",
        "address": "Siangan, Gianyar, Gianyar Regency, Bali 80515"
      },
      "geometry": {
        "type": "Point",
        "coordinates": [
          115.3079492,
          -8.5193752
        ]
      }
    },
    {
      "type": "Feature",
      "properties": {
        "name": "Bangkiang Jaran Waterfall & Hidden Canyon",
        "category": "attractions",
        "region": "Gianyar Regency",
        "confidence": 0.9,
        "source_file": "wisata.xlsx, XLU5DC2A.xlsx",
        "address": "F8QH+49P, Bakbakan, Gianyar, Gianyar Regency, Bali"
      },
      "geometry": {
        "type": "Point",
        "coordinates": [
          115.3284648,
          -8.5121749
        ]
      }
    },
    {
      "type": "Feature",
      "properties": {
        "name": "Banjar Abiansemal Kaja Kauh",
        "category": "balai_masyarakat",
        "region": "Gianyar Regency",
        "confidence": 0.84,
        "source_file": "20F8ADAH.xlsx",
        "address": "F776+8PX, Jl. Delod Puri, Singapadu, Kec. Sukawati, Kabupaten Gianyar, Bali 80571"
      },
      "geometry": {
        "type": "Point",
        "coordinates": [
          115.2618301,
          -8.5368074
        ]
      }
    },
    {
      "type": "Feature",
      "properties": {
        "name": "Banjar Batusepih",
        "category": "balai_kota",
        "region": "Gianyar Regency",
        "confidence": 0.9,
        "source_file": "RZVRQ2SY.xlsx",
        "address": "C7WM+XCQ, Jl. Ir. Sutami, Kemenuh, Kec. Sukawati, Kabupaten Gianyar, Bali 80582"
      },
      "geometry": {
        "type": "Point",
        "coordinates": [
          115.2836146,
          -8.5525362
        ]
      }
    },
    {
      "type": "Feature",
      "properties": {
        "name": "Banjar Dinas Kalah",
        "category": "kantor_pemerintahan_kota",
        "region": "Gianyar Regency",
        "confidence": 0.87,
        "source_file": "RZVRQ2SY.xlsx",
        "address": "97J3+HRM, Jl. Raya Batubulan, Batubulan, Kec. Sukawati, Kabupaten Gianyar, Bali 80582"
      },
      "geometry": {
        "type": "Point",
        "coordinates": [
          115.2545528,
          -8.6185444
        ]
      }
    },
    {
      "type": "Feature",
      "properties": {
        "name": "Banjar Dinas Kelingkung",
        "category": "balai_masyarakat",
        "region": "Gianyar Regency",
        "confidence": 0.84,
        "source_file": "20F8ADAH.xlsx",
        "address": "F735+PV9, Lodtunduh, Ubud, Lodtunduh, Kec. Gianyar, Kabupaten Gianyar, Bali 80571"
      },
      "geometry": {
        "type": "Point",
        "coordinates": [
          115.2597497,
          -8.545717
        ]
      }
    },
    {
      "type": "Feature",
      "properties": {
        "name": "Banjar Dinas Kutri",
        "category": "balai_masyarakat",
        "region": "Gianyar Regency",
        "confidence": 0.84,
        "source_file": "20F8ADAH.xlsx",
        "address": "Jl. Raya Singapadu, Singapadu Tengah, Kec. Sukawati, Kabupaten Gianyar, Bali 80582"
      },
      "geometry": {
        "type": "Point",
        "coordinates": [
          115.2560473,
          -8.5802019
        ]
      }
    },
    {
      "type": "Feature",
      "properties": {
        "name": "Banjar Geriya",
        "category": "balai_masyarakat",
        "region": "Gianyar Regency",
        "confidence": 0.84,
        "source_file": "MKMOSR5C.xlsx",
        "address": "H8C5+WR6, Jl. Yudistira, Tampaksiring, Kec. Tampaksiring, Kabupaten Gianyar, Bali 80552"
      },
      "geometry": {
        "type": "Point",
        "coordinates": [
          115.3095197,
          -8.4277115
        ]
      }
    },
    {
      "type": "Feature",
      "properties": {
        "name": "Banjar Gunaksa",
        "category": "community_center",
        "region": "Gianyar Regency",
        "confidence": 0.9,
        "source_file": "MKMOSR5C.xlsx",
        "address": "G7VQ+JF3, Kenderan, Kec. Tegallalang, Kabupaten Gianyar, Bali 80561"
      },
      "geometry": {
        "type": "Point",
        "coordinates": [
          115.2886582,
          -8.4559751
        ]
      }
    },
    {
      "type": "Feature",
      "properties": {
        "name": "Banjar Jati Sebatu, Tegallalang",
        "category": "village_hall",
        "region": "Gianyar Regency",
        "confidence": 0.87,
        "source_file": "20F8ADAH.xlsx, QP4FQ600.xlsx",
        "address": "J7GX+GGV, Jl. Raya Banjar Jati, Sebatu, Kec. Tegallalang, Kabupaten Gianyar, Bali 80561"
      },
      "geometry": {
        "type": "Point",
        "coordinates": [
          115.2987815,
          -8.3736265
        ]
      }
    },
    {
      "type": "Feature",
      "properties": {
        "name": "Banjar Kerta Candra Buana",
        "category": "balai_masyarakat",
        "region": "Gianyar Regency",
        "confidence": 0.87,
        "source_file": "4ZDU3D7D.xlsx, D7RSP2LU.xlsx",
        "address": "97F8+JH2, Gg. Bangau, Batubulan, Kec. Sukawati, Kabupaten Gianyar, Bali 80582"
      },
      "geometry": {
        "type": "Point",
        "coordinates": [
          115.2663948,
          -8.6259777
        ]
      }
    },
    {
      "type": "Feature",
      "properties": {
        "name": "Banjar Manik Tawang",
        "category": "tempat_acara",
        "region": "Gianyar Regency",
        "confidence": 0.9,
        "source_file": "MKMOSR5C.xlsx",
        "address": "Banjar Maniktawang No.Desa, Manukaya, Kec. Tampaksiring, Kabupaten Gianyar, Bali 80552"
      },
      "geometry": {
        "type": "Point",
        "coordinates": [
          115.3209919,
          -8.4226454
        ]
      }
    },
    {
      "type": "Feature",
      "properties": {
        "name": "Banjar Mantring, Petak Kaja, Gianyar",
        "category": "community_center",
        "region": "Gianyar Regency",
        "confidence": 0.9,
        "source_file": "MKMOSR5C.xlsx",
        "address": "G8RC+G6Q, Jl. Bakbakan-Petak Kaja, Petak Kaja, Kec. Gianyar, Kabupaten Gianyar, Bali 80515"
      },
      "geometry": {
        "type": "Point",
        "coordinates": [
          115.3184367,
          -8.4517647
        ]
      }
    },
    {
      "type": "Feature",
      "properties": {
        "name": "Banjar Pinda, Desa Saba",
        "category": "attractions",
        "region": "Gianyar Regency",
        "confidence": 0.87,
        "source_file": "wisata.xlsx, XLU5DC2A.xlsx",
        "address": "C822+J47, Saba, Blahbatuh, Gianyar Regency, Bali 80581"
      },
      "geometry": {
        "type": "Point",
        "coordinates": [
          115.3003278,
          -8.5985898
        ]
      }
    },
    {
      "type": "Feature",
      "properties": {
        "name": "Banjar Tempek Taman Palekan",
        "category": "balai_masyarakat",
        "region": "Gianyar Regency",
        "confidence": 0.87,
        "source_file": "4ZDU3D7D.xlsx, D7RSP2LU.xlsx",
        "address": "9797+J86, Batubulan, Kec. Sukawati, Kabupaten Gianyar, Bali"
      },
      "geometry": {
        "type": "Point",
        "coordinates": [
          115.2632674,
          -8.6309745
        ]
      }
    },
    {
      "type": "Feature",
      "properties": {
        "name": "Banjar tegal desa tegallalang",
        "category": "balai_masyarakat",
        "region": "Gianyar Regency",
        "confidence": 0.87,
        "source_file": "GQ3D8NMP.xlsx, MKMOSR5C.xlsx",
        "address": "G7WH+2HQ, Jalan Raya, Banjar Tegal, Kec. Tegallalang, Kabupaten Gianyar, Bali 80561"
      },
      "geometry": {
        "type": "Point",
        "coordinates": [
          115.27908,
          -8.4546536
        ]
      }
    },
    {
      "type": "Feature",
      "properties": {
        "name": "Banjar tengah tegallalang",
        "category": "balai_masyarakat",
        "region": "Gianyar Regency",
        "confidence": 0.87,
        "source_file": "GQ3D8NMP.xlsx, MKMOSR5C.xlsx",
        "address": "G7RG+XM6, Jl. Tirta Tawar, Tegallalang, Kec. Tegallalang, Kabupaten Gianyar, Bali 80561"
      },
      "geometry": {
        "type": "Point",
        "coordinates": [
          115.2767713,
          -8.4575772
        ]
      }
    },
    {
      "type": "Feature",
      "properties": {
        "name": "Bappeda Kabupaten Gianyar",
        "category": "badan_perencanaan_dan_pembangunan_kota",
        "region": "Gianyar Regency",
        "confidence": 0.9,
        "source_file": "RZVRQ2SY.xlsx",
        "address": "Jl. Kesatrian No.16X, Gianyar, Kec. Gianyar, Kabupaten Gianyar, Bali 80511"
      },
      "geometry": {
        "type": "Point",
        "coordinates": [
          115.3250059,
          -8.5433851
        ]
      }
    },
    {
      "type": "Feature",
      "properties": {
        "name": "Batalyon Zeni Tempur 18/YKR",
        "category": "kantor_pemerintah",
        "region": "Gianyar Regency",
        "confidence": 0.84,
        "source_file": "RZVRQ2SY.xlsx",
        "address": "F84G+V5C, Gianyar, Kec. Gianyar, Kabupaten Gianyar, Bali"
      },
      "geometry": {
        "type": "Point",
        "coordinates": [
          115.3253819,
          -8.5428185
        ]
      }
    },
    {
      "type": "Feature",
      "properties": {
        "name": "Batan Poh Breeding Farm",
        "category": "peternak",
        "region": "Gianyar Regency",
        "confidence": 0.84,
        "source_file": "RZVRQ2SY.xlsx",
        "address": "F83J+JJH, Abianbase, Kec. Gianyar, Kabupaten Gianyar, Bali 80515"
      },
      "geometry": {
        "type": "Point",
        "coordinates": [
          115.3316171,
          -8.5459405
        ]
      }
    },
    {
      "type": "Feature",
      "properties": {
        "name": "Batur Jeep Sunrise",
        "category": "attractions",
        "region": "Gianyar Regency",
        "confidence": 0.9,
        "source_file": "wisata.xlsx, XLU5DC2A.xlsx",
        "address": "Jl. Ukir No.27, Bitera, Kec. Gianyar, Kabupaten Gianyar, Bali 80581"
      },
      "geometry": {
        "type": "Point",
        "coordinates": [
          115.3168798,
          -8.548316
        ]
      }
    },
    {
      "type": "Feature",
      "properties": {
        "name": "Batur Trekking Centre",
        "category": "attractions",
        "region": "Gianyar Regency",
        "confidence": 0.9,
        "source_file": "wisata.xlsx, XLU5DC2A.xlsx",
        "address": "Jl. Monkey Forest No.71, Ubud, Kecamatan Ubud, Kabupaten Gianyar, Bali 80571"
      },
      "geometry": {
        "type": "Point",
        "coordinates": [
          115.2610129,
          -8.5111383
        ]
      }
    },
    {
      "type": "Feature",
      "properties": {
        "name": "Bendungan Samplangan",
        "category": "attractions",
        "region": "Gianyar Regency",
        "confidence": 0.87,
        "source_file": "wisata.xlsx, XLU5DC2A.xlsx",
        "address": "Jl. Rambutan No.24, Samplangan, Kec. Gianyar, Kabupaten Gianyar, Bali 80512"
      },
      "geometry": {
        "type": "Point",
        "coordinates": [
          115.3345813,
          -8.5214823
        ]
      }
    },
    {
      "type": "Feature",
      "properties": {
        "name": "Bidang Aset BPKAD Kab.Gianyar",
        "category": "kantor_pemerintah",
        "region": "Gianyar Regency",
        "confidence": 0.84,
        "source_file": "RZVRQ2SY.xlsx",
        "address": "F85F+MV5, Jl. I.GST. NGR Rai, Gianyar, Kec. Gianyar, Kabupaten Gianyar, Bali"
      },
      "geometry": {
        "type": "Point",
        "coordinates": [
          115.3247272,
          -8.5408601
        ]
      }
    },
    {
      "type": "Feature",
      "properties": {
        "name": "Bitra Center",
        "category": "attractions",
        "region": "Gianyar Regency",
        "confidence": 0.87,
        "source_file": "wisata.xlsx, XLU5DC2A.xlsx",
        "address": "F888+2P6, Jl. Lingkungan, Bitera, Kec. Gianyar, Kabupaten Gianyar, Bali 80515"
      },
      "geometry": {
        "type": "Point",
        "coordinates": [
          115.316752,
          -8.5350286
        ]
      }
    },
    {
      "type": "Feature",
      "properties": {
        "name": "Blakas Art Pandi's Museum",
        "category": "attractions",
        "region": "Gianyar Regency",
        "confidence": 0.84,
        "source_file": "wisata.xlsx, XLU5DC2A.xlsx",
        "address": "Jl. Kresna, Bona, Kec. Blahbatuh, Kabupaten Gianyar, Bali 80581"
      },
      "geometry": {
        "type": "Point",
        "coordinates": [
          115.3210042,
          -8.5639069
        ]
      }
    },
    {
      "type": "Feature",
      "properties": {
        "name": "Blangsingah Glass Bridge",
        "category": "attractions",
        "region": "Gianyar Regency",
        "confidence": 0.9,
        "source_file": "wisata.xlsx, XLU5DC2A.xlsx",
        "address": "Jl. Raya Blangsinga, Saba, Kec. Blahbatuh, Kabupaten Gianyar, Bali 80581"
      },
      "geometry": {
        "type": "Point",
        "coordinates": [
          115.2906497,
          -8.5761207
        ]
      }
    },
    {
      "type": "Feature",
      "properties": {
        "name": "Br negari",
        "category": "balai_pertemuan_desa",
        "region": "Gianyar Regency",
        "confidence": 0.9,
        "source_file": "4ZDU3D7D.xlsx, 20F8ADAH.xlsx, D7RSP2LU.xlsx, QP4FQ600.xlsx",
        "address": "Br. Negari, Jl. Raya Singapadu, Singapadu Tengah, Kec. Sukawati, Kabupaten Gianyar, Bali 80582"
      },
      "geometry": {
        "type": "Point",
        "coordinates": [
          115.2572669,
          -8.5741029
        ]
      }
    },
    {
      "type": "Feature",
      "properties": {
        "name": "Br.siih sumita gianyar",
        "category": "balai_kota",
        "region": "Gianyar Regency",
        "confidence": 0.87,
        "source_file": "RZVRQ2SY.xlsx",
        "address": "G8J5+VCQ, Jl. Sumita, Sumita, Kec. Gianyar, Kabupaten Gianyar, Bali 80515"
      },
      "geometry": {
        "type": "Point",
        "coordinates": [
          115.3086104,
          -8.4677988
        ]
      }
    },
    {
      "type": "Feature",
      "properties": {
        "name": "Bukit Jati Sunrise Point",
        "category": "attractions",
        "region": "Gianyar Regency",
        "confidence": 0.87,
        "source_file": "wisata.xlsx, XLU5DC2A.xlsx",
        "address": "F88Q+4WV, Samplangan, Gianyar, Gianyar Regency, Bali 80512"
      },
      "geometry": {
        "type": "Point",
        "coordinates": [
          115.3392597,
          -8.5343412
        ]
      }
    },
    {
      "type": "Feature",
      "properties": {
        "name": "Bukit Yehpulu",
        "category": "attractions",
        "region": "Gianyar Regency",
        "confidence": 0.84,
        "source_file": "wisata.xlsx, XLU5DC2A.xlsx",
        "address": "Subak Uma Telaga, Yehpulu, Bedulu, Kec. Blahbatuh, Kabupaten Gianyar, Bali 80581"
      },
      "geometry": {
        "type": "Point",
        "coordinates": [
          115.293087,
          -8.5300627
        ]
      }
    },
    {
      "type": "Feature",
      "properties": {
        "name": "BukitJangkrik Natural Water Swim",
        "category": "attractions",
        "region": "Gianyar Regency",
        "confidence": 0.9,
        "source_file": "wisata.xlsx, XLU5DC2A.xlsx",
        "address": "Jl. Bukit Jangkrik, Samplangan, Kec. Gianyar, Kabupaten Gianyar, Bali 80515"
      },
      "geometry": {
        "type": "Point",
        "coordinates": [
          115.3446823,
          -8.5276578
        ]
      }
    },
    {
      "type": "Feature",
      "properties": {
        "name": "CV. SURYA JAYA",
        "category": "kantor_pos",
        "region": "Gianyar Regency",
        "confidence": 0.84,
        "source_file": "RZVRQ2SY.xlsx",
        "address": "Jl. Kesatrian No.17 A/B, Gianyar, Kec. Gianyar, Kabupaten Gianyar, Bali 80511"
      },
      "geometry": {
        "type": "Point",
        "coordinates": [
          115.3257314,
          -8.5457212
        ]
      }
    },
    {
      "type": "Feature",
      "properties": {
        "name": "Catuspata blahbatuh\u1b18\u1b22\u1b38\u1b32\u1b44\u1b27\u1b22\u1b29\u1b44\u1b2e\u1b04\u1b29\u1b22\u1b38\u1b04\u1b5f",
        "category": "attractions",
        "region": "Gianyar Regency",
        "confidence": 0.84,
        "source_file": "wisata.xlsx, XLU5DC2A.xlsx",
        "address": "C8M2+G4M, Blahbatuh, Gianyar Regency, Bali 80581"
      },
      "geometry": {
        "type": "Point",
        "coordinates": [
          115.3003905,
          -8.5661737
        ]
      }
    },
    {
      "type": "Feature",
      "properties": {
        "name": "Command Center Kabupaten Gianyar",
        "category": "kantor_pemerintahan_kota",
        "region": "Gianyar Regency",
        "confidence": 0.84,
        "source_file": "RZVRQ2SY.xlsx",
        "address": "Jl. Ngurah Rai-Gianyar No.5-7, Gianyar, Kec. Gianyar, Kabupaten Gianyar, Bali 80511"
      },
      "geometry": {
        "type": "Point",
        "coordinates": [
          115.3241602,
          -8.5409307
        ]
      }
    },
    {
      "type": "Feature",
      "properties": {
        "name": "DP3AP2KB Kab. Gianyar",
        "category": "kantor_pemerintah",
        "region": "Gianyar Regency",
        "confidence": 0.87,
        "source_file": "RZVRQ2SY.xlsx",
        "address": "F85F+X55, Gianyar, Kec. Gianyar, Kabupaten Gianyar, Bali 80511"
      },
      "geometry": {
        "type": "Point",
        "coordinates": [
          115.3229986,
          -8.540113
        ]
      }
    },
    {
      "type": "Feature",
      "properties": {
        "name": "DPD KNPI Kabupaten Gianyar (Sekretariat Organisasi Kemasyarakatan Pemuda OKP Gianyar)",
        "category": "government_office",
        "region": "Gianyar Regency",
        "confidence": 0.84,
        "source_file": "RZVRQ2SY.xlsx",
        "address": "F84F+X3C, Jl. Kebo Iwa, Gianyar, Kec. Gianyar, Kabupaten Gianyar, Bali 80511"
      },
      "geometry": {
        "type": "Point",
        "coordinates": [
          115.3226447,
          -8.5425511
        ]
      }
    },
    {
      "type": "Feature",
      "properties": {
        "name": "Dauh kayan",
        "category": "attractions",
        "region": "Gianyar Regency",
        "confidence": 0.87,
        "source_file": "wisata.xlsx, XLU5DC2A.xlsx",
        "address": "Jl. Ratna III No.3, Ketimur, Kec. Gianyar, Kabupaten Gianyar, Bali 80515"
      },
      "geometry": {
        "type": "Point",
        "coordinates": [
          115.3355972,
          -8.5469769
        ]
      }
    },
    {
      "type": "Feature",
      "properties": {
        "name": "Depan balai Banjar tampad",
        "category": "pura",
        "region": "Gianyar Regency",
        "confidence": 0.84,
        "source_file": "4ZDU3D7D.xlsx, 20F8ADAH.xlsx, D7RSP2LU.xlsx, QP4FQ600.xlsx",
        "address": "97FC+RFC, Jl. Batuyang, Batubulan Kangin, Kec. Sukawati, Kabupaten Gianyar, Bali 80582"
      },
      "geometry": {
        "type": "Point",
        "coordinates": [
          115.2711493,
          -8.6254448
        ]
      }
    },
    {
      "type": "Feature",
      "properties": {
        "name": "Desa Wisata Belaluan",
        "category": "attractions",
        "region": "Gianyar Regency",
        "confidence": 0.84,
        "source_file": "wisata.xlsx, XLU5DC2A.xlsx",
        "address": "C7C5+PFV Br. Belaluan, Singapadu Tengah, Kec. Sukawati, Kabupaten Gianyar, Bali 80582"
      },
      "geometry": {
        "type": "Point",
        "coordinates": [
          115.2586623,
          -8.5781303
        ]
      }
    },
    {
      "type": "Feature",
      "properties": {
        "name": "Desa Wisata Sayan",
        "category": "attractions",
        "region": "Gianyar Regency",
        "confidence": 0.87,
        "source_file": "wisata.xlsx, XLU5DC2A.xlsx",
        "address": "Jl. Raya Sayan, Ubud, Kecamatan Ubud, Kabupaten Gianyar, Bali 80571"
      },
      "geometry": {
        "type": "Point",
        "coordinates": [
          115.2404698,
          -8.5065206
        ]
      }
    },
    {
      "type": "Feature",
      "properties": {
        "name": "Desa Wisata Sidan",
        "category": "attractions",
        "region": "Gianyar Regency",
        "confidence": 0.87,
        "source_file": "wisata.xlsx, XLU5DC2A.xlsx",
        "address": "Jl. Sidan-Astina Timur No.99, Sidan, Kec. Gianyar, Kabupaten Gianyar, Bali 80515"
      },
      "geometry": {
        "type": "Point",
        "coordinates": [
          115.3473952,
          -8.5350208
        ]
      }
    },
    {
      "type": "Feature",
      "properties": {
        "name": "Desa Wisata Taro",
        "category": "attractions",
        "region": "Gianyar Regency",
        "confidence": 0.9,
        "source_file": "wisata.xlsx, XLU5DC2A.xlsx",
        "address": "J78J+QH9, Jl. Raya Taro Kaja, Taro, Kec. Tegallalang, Kabupaten Gianyar, Bali 80561"
      },
      "geometry": {
        "type": "Point",
        "coordinates": [
          115.28062,
          -8.3855532
        ]
      }
    },
    {
      "type": "Feature",
      "properties": {
        "name": "Desa Wisata Tengkulak Kaja",
        "category": "attractions",
        "region": "Gianyar Regency",
        "confidence": 0.87,
        "source_file": "wisata.xlsx, XLU5DC2A.xlsx",
        "address": "Tengkulak kaja, Jl. Pasung Grigis, Kemenuh, Kec. Sukawati, Kabupaten Gianyar, Bali 80582"
      },
      "geometry": {
        "type": "Point",
        "coordinates": [
          115.2834326,
          -8.5236439
        ]
      }
    },
    {
      "type": "Feature",
      "properties": {
        "name": "Desa wisata blangsinga \u1b24\u1b30\u1b2f\u1b36\u1b32\u1b22\u1b29\u1b44\u1b2e\u1b17\u1b44\u1b32\u1b36\u1b17\u1b5f",
        "category": "attractions",
        "region": "Gianyar Regency",
        "confidence": 0.9,
        "source_file": "wisata.xlsx, XLU5DC2A.xlsx",
        "address": "C7FR+QQJ, Jl. Raya Blangsinga, Saba, Kec. Blahbatuh, Kabupaten Gianyar, Bali 80581"
      },
      "geometry": {
        "type": "Point",
        "coordinates": [
          115.2918956,
          -8.5755384
        ]
      }
    },
    {
      "type": "Feature",
      "properties": {
        "name": "Dewa",
        "category": "government_office",
        "region": "Gianyar Regency",
        "confidence": 0.84,
        "source_file": "RZVRQ2SY.xlsx",
        "address": "Jl. Kebo Iwa No.99, Gianyar, Kec. Gianyar, Kabupaten Gianyar, Bali 80511"
      },
      "geometry": {
        "type": "Point",
        "coordinates": [
          115.3223009,
          -8.5420321
        ]
      }
    },
    {
      "type": "Feature",
      "properties": {
        "name": "Dinas Kebudayaan - Gianyar",
        "category": "kantor_pemerintah",
        "region": "Gianyar Regency",
        "confidence": 0.87,
        "source_file": "RZVRQ2SY.xlsx",
        "address": "F85F+83C, Gianyar, Kec. Gianyar, Kabupaten Gianyar, Bali 80511"
      },
      "geometry": {
        "type": "Point",
        "coordinates": [
          115.3226381,
          -8.5416873
        ]
      }
    },
    {
      "type": "Feature",
      "properties": {
        "name": "Dinas Kepemudaan dan Olahraga Kab.Gianyar",
        "category": "kantor_pemerintah",
        "region": "Gianyar Regency",
        "confidence": 0.84,
        "source_file": "RZVRQ2SY.xlsx",
        "address": "Jl. Mahendradata No.9, Bitera, Kec. Gianyar, Kabupaten Gianyar, Bali 80515"
      },
      "geometry": {
        "type": "Point",
        "coordinates": [
          115.319608,
          -8.5355019
        ]
      }
    },
    {
      "type": "Feature",
      "properties": {
        "name": "Dinas Kesehatan Kabupaten Gianyar",
        "category": "kantor_pemerintah",
        "region": "Gianyar Regency",
        "confidence": 0.87,
        "source_file": "RZVRQ2SY.xlsx",
        "address": "F833+Q8G, Buruan, Kec. Blahbatuh, Kabupaten Gianyar, Bali 80581"
      },
      "geometry": {
        "type": "Point",
        "coordinates": [
          115.3033134,
          -8.545553
        ]
      }
    },
    {
      "type": "Feature",
      "properties": {
        "name": "Dinas Kesejahteraan Sosial - Gianyar",
        "category": "kantor_pemerintah",
        "region": "Gianyar Regency",
        "confidence": 0.84,
        "source_file": "RZVRQ2SY.xlsx",
        "address": "Jl. Kesatrian No.17, Gianyar, Kec. Gianyar, Kabupaten Gianyar, Bali 80511"
      },
      "geometry": {
        "type": "Point",
        "coordinates": [
          115.3257312,
          -8.5456056
        ]
      }
    },
    {
      "type": "Feature",
      "properties": {
        "name": "Dinas Lingkungan Hidup Gianyar",
        "category": "kantor_pemerintah",
        "region": "Gianyar Regency",
        "confidence": 0.9,
        "source_file": "RZVRQ2SY.xlsx",
        "address": "F829+3XM, Jl. Astina Sel., Gianyar, Kec. Gianyar, Kabupaten Gianyar, Bali 80515"
      },
      "geometry": {
        "type": "Point",
        "coordinates": [
          115.3199374,
          -8.5497948
        ]
      }
    },
    {
      "type": "Feature",
      "properties": {
        "name": "Dinas Pariwisata Kabupaten Gianyar",
        "category": "kantor_pemda",
        "region": "Gianyar Regency",
        "confidence": 0.87,
        "source_file": "RZVRQ2SY.xlsx",
        "address": "Jl. Ngurah Rai-Gianyar No.9, Gianyar, Kec. Gianyar, Kabupaten Gianyar, Bali 80511"
      },
      "geometry": {
        "type": "Point",
        "coordinates": [
          115.3258232,
          -8.5412559
        ]
      }
    },
    {
      "type": "Feature",
      "properties": {
        "name": "Dinas Pekerjaan Umum Kota Gianyar",
        "category": "kantor_pemerintah",
        "region": "Gianyar Regency",
        "confidence": 0.87,
        "source_file": "RZVRQ2SY.xlsx",
        "address": "Jl. Raya Bona Gg. Mawar No.2, Bitera, Kec. Gianyar, Kabupaten Gianyar, Bali 80581"
      },
      "geometry": {
        "type": "Point",
        "coordinates": [
          115.3187941,
          -8.5512986
        ]
      }
    },
    {
      "type": "Feature",
      "properties": {
        "name": "Dinas Pemuda dan Olahraga Gianyar",
        "category": "kantor_pemerintah",
        "region": "Gianyar Regency",
        "confidence": 0.84,
        "source_file": "RZVRQ2SY.xlsx",
        "address": "F84F+W26, Jl. Kebo Iwa, Gianyar, Kec. Gianyar, Kabupaten Gianyar, Bali 80511"
      },
      "geometry": {
        "type": "Point",
        "coordinates": [
          115.3225006,
          -8.5427138
        ]
      }
    },
    {
      "type": "Feature",
      "properties": {
        "name": "Dinas Pendapatan/ Pasedahan Agung - Gianyar",
        "category": "kantor_pemerintah",
        "region": "Gianyar Regency",
        "confidence": 0.84,
        "source_file": "RZVRQ2SY.xlsx",
        "address": "Jl. Manik No.16B, Gianyar, Kec. Gianyar, Kabupaten Gianyar, Bali 80511"
      },
      "geometry": {
        "type": "Point",
        "coordinates": [
          115.3223259,
          -8.5392162
        ]
      }
    },
    {
      "type": "Feature",
      "properties": {
        "name": "Dinas Pendidikan - Kabupaten Gianyar",
        "category": "kantor_pemerintah",
        "region": "Gianyar Regency",
        "confidence": 0.87,
        "source_file": "RZVRQ2SY.xlsx",
        "address": "Jl. Erlangga No.1, Gianyar, Kec. Gianyar, Kabupaten Gianyar, Bali 80511"
      },
      "geometry": {
        "type": "Point",
        "coordinates": [
          115.3227749,
          -8.5430991
        ]
      }
    },
    {
      "type": "Feature",
      "properties": {
        "name": "Dinas Perhubungan Kabupaten Gianyar",
        "category": "government_office",
        "region": "Gianyar Regency",
        "confidence": 0.87,
        "source_file": "RZVRQ2SY.xlsx",
        "address": "Jl. Jata, Gianyar, Kec. Gianyar, Kabupaten Gianyar, Bali 80511"
      },
      "geometry": {
        "type": "Point",
        "coordinates": [
          115.325976,
          -8.5365296
        ]
      }
    },
    {
      "type": "Feature",
      "properties": {
        "name": "Dinas Perindustrian dan Perdagangan Kabupaten Gianyar",
        "category": "local_government_office",
        "region": "Gianyar Regency",
        "confidence": 0.87,
        "source_file": "RZVRQ2SY.xlsx",
        "address": "F84F+Q66, Gianyar, Kec. Gianyar, Kabupaten Gianyar, Bali 80511"
      },
      "geometry": {
        "type": "Point",
        "coordinates": [
          115.323025,
          -8.54308
        ]
      }
    },
    {
      "type": "Feature",
      "properties": {
        "name": "Dinas Perpustakaan dan Kearsipan Gianyar",
        "category": "kantor_pemerintah",
        "region": "Gianyar Regency",
        "confidence": 0.84,
        "source_file": "RZVRQ2SY.xlsx",
        "address": "F86C+4WH, Gianyar, Kec. Gianyar, Kabupaten Gianyar, Bali 80511"
      },
      "geometry": {
        "type": "Point",
        "coordinates": [
          115.3223738,
          -8.5396971
        ]
      }
    },
    {
      "type": "Feature",
      "properties": {
        "name": "Dinas Perumahan Kawasan Permukiman dan Pertanahan Gianyar",
        "category": "kantor_pemerintah",
        "region": "Gianyar Regency",
        "confidence": 0.87,
        "source_file": "RZVRQ2SY.xlsx",
        "address": "Jl. Manik No.8, Gianyar, Kec. Gianyar, Kabupaten Gianyar, Bali 80511"
      },
      "geometry": {
        "type": "Point",
        "coordinates": [
          115.3233651,
          -8.5401073
        ]
      }
    },
    {
      "type": "Feature",
      "properties": {
        "name": "Dinas Tenaga Kerja Kabupaten Gianyar",
        "category": "kantor_pemerintah",
        "region": "Gianyar Regency",
        "confidence": 0.84,
        "source_file": "RZVRQ2SY.xlsx",
        "address": "F833+P8V, Jl. Wisma Udayana, Blahbatuh, Kec. Blahbatuh, Kabupaten Gianyar, Bali 80581"
      },
      "geometry": {
        "type": "Point",
        "coordinates": [
          115.3033118,
          -8.5456305
        ]
      }
    },
    {
      "type": "Feature",
      "properties": {
        "name": "Dinas komunikasi dan informatika kabupaten gianyar",
        "category": "kantor_pemerintah",
        "region": "Gianyar Regency",
        "confidence": 0.84,
        "source_file": "RZVRQ2SY.xlsx",
        "address": "Jl. Ngurah Rai-Gianyar No.5-7, Gianyar, Kec. Gianyar, Kabupaten Gianyar, Bali 80511"
      },
      "geometry": {
        "type": "Point",
        "coordinates": [
          115.3253163,
          -8.541123
        ]
      }
    },
    {
      "type": "Feature",
      "properties": {
        "name": "Dispora Kab. Gianyar",
        "category": "kantor_pemerintah",
        "region": "Gianyar Regency",
        "confidence": 0.84,
        "source_file": "RZVRQ2SY.xlsx",
        "address": "Jl. Mahendradata No.9, Bitera, Kec. Gianyar, Kabupaten Gianyar, Bali 80515"
      },
      "geometry": {
        "type": "Point",
        "coordinates": [
          115.3195668,
          -8.5354522
        ]
      }
    },
    {
      "type": "Feature",
      "properties": {
        "name": "GANG SERU",
        "category": "attractions",
        "region": "Gianyar Regency",
        "confidence": 0.87,
        "source_file": "wisata.xlsx, XLU5DC2A.xlsx",
        "address": "Jl. Ratna IV No.17, Tegal Tugu, Kec. Gianyar, Kabupaten Gianyar, Bali 80515"
      },
      "geometry": {
        "type": "Point",
        "coordinates": [
          115.3337253,
          -8.5500149
        ]
      }
    },
    {
      "type": "Feature",
      "properties": {
        "name": "GUG 17 Grab Ubud Gianyar 17",
        "category": "markas_besar_suku",
        "region": "Gianyar Regency",
        "confidence": 0.87,
        "source_file": "RZVRQ2SY.xlsx",
        "address": "Jl. Dharma Giri No.88, Gianyar, Kec. Gianyar, Kabupaten Gianyar, Bali 80511"
      },
      "geometry": {
        "type": "Point",
        "coordinates": [
          115.3191914,
          -8.54128
        ]
      }
    },
    {
      "type": "Feature",
      "properties": {
        "name": "Galatamaleletegaltugu",
        "category": "attractions",
        "region": "Gianyar Regency",
        "confidence": 0.84,
        "source_file": "wisata.xlsx, XLU5DC2A.xlsx",
        "address": "C8WR+R2F, Tegal Tugu, Gianyar, Gianyar Regency, Bali"
      },
      "geometry": {
        "type": "Point",
        "coordinates": [
          115.3398621,
          -8.5525103
        ]
      }
    },
    {
      "type": "Feature",
      "properties": {
        "name": "Gedung Serbaguna Banjar Demayu Lodtunduh",
        "category": "balai_masyarakat",
        "region": "Gianyar Regency",
        "confidence": 0.84,
        "source_file": "20F8ADAH.xlsx",
        "address": "F67Q+Q62, Jl. Raya Demayu, Singakerta, Kecamatan Ubud, Kabupaten Gianyar, Bali 80571"
      },
      "geometry": {
        "type": "Point",
        "coordinates": [
          115.238005,
          -8.5356032
        ]
      }
    },
    {
      "type": "Feature",
      "properties": {
        "name": "Geriya Alit Pidada",
        "category": "otoritas_perumahan",
        "region": "Gianyar Regency",
        "confidence": 0.87,
        "source_file": "RZVRQ2SY.xlsx",
        "address": "C8VC+786, BTN WAHYU BONA ASRI, Bona, Kec. Blahbatuh, Kabupaten Gianyar, Bali 80581"
      },
      "geometry": {
        "type": "Point",
        "coordinates": [
          115.3207682,
          -8.5568272
        ]
      }
    },
    {
      "type": "Feature",
      "properties": {
        "name": "Gianyar Regent Office",
        "category": "kantor_pemerintah",
        "region": "Gianyar Regency",
        "confidence": 0.9,
        "source_file": "RZVRQ2SY.xlsx",
        "address": "Jl. Ngurah Rai-Gianyar, Gianyar, Kec. Gianyar, Kabupaten Gianyar, Bali 80511"
      },
      "geometry": {
        "type": "Point",
        "coordinates": [
          115.323962,
          -8.5411209
        ]
      }
    },
    {
      "type": "Feature",
      "properties": {
        "name": "Goa Gajah",
        "category": "attractions",
        "region": "Gianyar Regency",
        "confidence": 0.9,
        "source_file": "wisata.xlsx, XLU5DC2A.xlsx",
        "address": "Bedulu, Blahbatuh, Gianyar Regency, Bali"
      },
      "geometry": {
        "type": "Point",
        "coordinates": [
          115.2871568,
          -8.5234378
        ]
      }
    },
    {
      "type": "Feature",
      "properties": {
        "name": "Goa Garba",
        "category": "attractions",
        "region": "Gianyar Regency",
        "confidence": 0.9,
        "source_file": "wisata.xlsx, XLU5DC2A.xlsx",
        "address": "Pejeng Kelod, Tampaksiring, Gianyar Regency, Bali 80552"
      },
      "geometry": {
        "type": "Point",
        "coordinates": [
          115.3020799,
          -8.5081103
        ]
      }
    },
    {
      "type": "Feature",
      "properties": {
        "name": "Goa Rang Reng Waterfall",
        "category": "attractions",
        "region": "Gianyar Regency",
        "confidence": 0.9,
        "source_file": "wisata.xlsx, XLU5DC2A.xlsx",
        "address": "Jl. Goa Jl. Rang Reng, Bakbakan, Gianyar, Gianyar Regency, Bali 80515"
      },
      "geometry": {
        "type": "Point",
        "coordinates": [
          115.3313441,
          -8.5155934
        ]
      }
    },
    {
      "type": "Feature",
      "properties": {
        "name": "Green canyon and three waterfall",
        "category": "attractions",
        "region": "Gianyar Regency",
        "confidence": 0.9,
        "source_file": "wisata.xlsx, XLU5DC2A.xlsx",
        "address": "F8MJ+W43, Bakbakan, Gianyar, Gianyar Regency, Bali 80515"
      },
      "geometry": {
        "type": "Point",
        "coordinates": [
          115.3302926,
          -8.5152264
        ]
      }
    },
    {
      "type": "Feature",
      "properties": {
        "name": "Griya Gede Panji Manuaba",
        "category": "otoritas_perumahan",
        "region": "Gianyar Regency",
        "confidence": 0.87,
        "source_file": "RZVRQ2SY.xlsx",
        "address": "F8CG+QQH, Jl. Bukit Patas, Beng, Kec. Gianyar, Kabupaten Gianyar, Bali 80513"
      },
      "geometry": {
        "type": "Point",
        "coordinates": [
          115.3269855,
          -8.5280594
        ]
      }
    },
    {
      "type": "Feature",
      "properties": {
        "name": "Gulung Tikeh Natural Pool and Waterfall",
        "category": "attractions",
        "region": "Gianyar Regency",
        "confidence": 0.9,
        "source_file": "wisata.xlsx, XLU5DC2A.xlsx",
        "address": "F8W8+C67, Unnamed Road, Siangan, Kec. Gianyar, Kabupaten Gianyar, Bali 80515"
      },
      "geometry": {
        "type": "Point",
        "coordinates": [
          115.315551,
          -8.5039522
        ]
      }
    },
    {
      "type": "Feature",
      "properties": {
        "name": "Health BPJS Gianyar",
        "category": "agen_asuransi_kesehatan",
        "region": "Gianyar Regency",
        "confidence": 0.9,
        "source_file": "RZVRQ2SY.xlsx",
        "address": "Jalan Dharma Giri No. 9 AB Bitera, Buruan, Kec. Blahbatuh, Kabupaten Gianyar, Bali 80515"
      },
      "geometry": {
        "type": "Point",
        "coordinates": [
          115.3096723,
          -8.5480542
        ]
      }
    },
    {
      "type": "Feature",
      "properties": {
        "name": "Hidden Canyon",
        "category": "attractions",
        "region": "Gianyar Regency",
        "confidence": 0.87,
        "source_file": "wisata.xlsx, XLU5DC2A.xlsx",
        "address": "F8QH+49P, Bakbakan, Gianyar, Gianyar Regency, Bali"
      },
      "geometry": {
        "type": "Point",
        "coordinates": [
          115.3291106,
          -8.512844
        ]
      }
    },
    {
      "type": "Feature",
      "properties": {
        "name": "Hidden Temple in Goa Gajah",
        "category": "attractions",
        "region": "Gianyar Regency",
        "confidence": 0.87,
        "source_file": "wisata.xlsx, XLU5DC2A.xlsx",
        "address": "F7FQ+95F, Jl. Pasung Grigis I, Kemenuh, Kec. Sukawati, Kabupaten Gianyar, Bali 80581"
      },
      "geometry": {
        "type": "Point",
        "coordinates": [
          115.287929,
          -8.5265637
        ]
      }
    },
    {
      "type": "Feature",
      "properties": {
        "name": "Inspektorat Daerah Kabupaten Gianyar",
        "category": "kantor_pemerintah",
        "region": "Gianyar Regency",
        "confidence": 0.84,
        "source_file": "RZVRQ2SY.xlsx",
        "address": "Jl. Kesatrian No.3, Gianyar, Kec. Gianyar, Kabupaten Gianyar, Bali 80511"
      },
      "geometry": {
        "type": "Point",
        "coordinates": [
          115.3254176,
          -8.5419578
        ]
      }
    },
    {
      "type": "Feature",
      "properties": {
        "name": "Jembatan kaca Bali Tegenungan /Bali Glass Bridge Main entrance",
        "category": "attractions",
        "region": "Gianyar Regency",
        "confidence": 0.9,
        "source_file": "wisata.xlsx, XLU5DC2A.xlsx",
        "address": "Jl. Ir. Sutami No.6, Kemenuh, Kec. Sukawati, Kabupaten Gianyar, Bali 80581"
      },
      "geometry": {
        "type": "Point",
        "coordinates": [
          115.2889623,
          -8.5770287
        ]
      }
    },
    {
      "type": "Feature",
      "properties": {
        "name": "KANTOR DESA BEDULU",
        "category": "government_office",
        "region": "Gianyar Regency",
        "confidence": 0.87,
        "source_file": "RZVRQ2SY.xlsx",
        "address": "F7GV+997, Jl. Pura Samuan Tiga, Bedulu, Kec. Blahbatuh, Kabupaten Gianyar, Bali 80581"
      },
      "geometry": {
        "type": "Point",
        "coordinates": [
          115.2934277,
          -8.5240799
        ]
      }
    },
    {
      "type": "Feature",
      "properties": {
        "name": "KANTOR KELURAHAN SAMPLANGAN",
        "category": "kantor_pemerintah",
        "region": "Gianyar Regency",
        "confidence": 0.87,
        "source_file": "RZVRQ2SY.xlsx",
        "address": "Jl. Astina Timur No.10, Samplangan, Kec. Gianyar, Kabupaten Gianyar, Bali 80512"
      },
      "geometry": {
        "type": "Point",
        "coordinates": [
          115.3391712,
          -8.5395965
        ]
      }
    },
    {
      "type": "Feature",
      "properties": {
        "name": "KANTOR PERBEKEL PERING",
        "category": "kantor_pemerintah",
        "region": "Gianyar Regency",
        "confidence": 0.87,
        "source_file": "RZVRQ2SY.xlsx",
        "address": "C897+MWH, Jl. Raya Pering, Pering, Kec. Blahbatuh, Kabupaten Gianyar, Bali 80581"
      },
      "geometry": {
        "type": "Point",
        "coordinates": [
          115.3148551,
          -8.580818
        ]
      }
    },
    {
      "type": "Feature",
      "properties": {
        "name": "KANTOR POS INDONESIA",
        "category": "kantor_pos",
        "region": "Gianyar Regency",
        "confidence": 0.87,
        "source_file": "RZVRQ2SY.xlsx",
        "address": "Jl. Wisma Udayana, Buruan, Kec. Blahbatuh, Kabupaten Gianyar, Bali 80581"
      },
      "geometry": {
        "type": "Point",
        "coordinates": [
          115.3031798,
          -8.5494927
        ]
      }
    },
    {
      "type": "Feature",
      "properties": {
        "name": "KANTOR SAMSAT GIANYAR",
        "category": "kantor_pemerintah",
        "region": "Gianyar Regency",
        "confidence": 0.9,
        "source_file": "RZVRQ2SY.xlsx",
        "address": "Jl. Raya Samplangan, Samplangan, Kec. Gianyar, Kabupaten Gianyar, Bali 80515"
      },
      "geometry": {
        "type": "Point",
        "coordinates": [
          115.3438516,
          -8.5388155
        ]
      }
    },
    {
      "type": "Feature",
      "properties": {
        "name": "KBBT",
        "category": "local_government_office",
        "region": "Gianyar Regency",
        "confidence": 0.87,
        "source_file": "RZVRQ2SY.xlsx",
        "address": "F85G+CWH, Gianyar, Kec. Gianyar, Kabupaten Gianyar, Bali 80511"
      },
      "geometry": {
        "type": "Point",
        "coordinates": [
          115.32736,
          -8.541449
        ]
      }
    },
    {
      "type": "Feature",
      "properties": {
        "name": "KISSIDAN ECO HILL RETREAT & RESTO",
        "category": "attractions",
        "region": "Gianyar Regency",
        "confidence": 0.9,
        "source_file": "wisata.xlsx, XLU5DC2A.xlsx",
        "address": "Jl. Raya Sidan, Sidan, Kec. Gianyar, Kabupaten Gianyar, Bali 80515"
      },
      "geometry": {
        "type": "Point",
        "coordinates": [
          115.3473576,
          -8.534244
        ]
      }
    },
    {
      "type": "Feature",
      "properties": {
        "name": "KLOK Gianyar",
        "category": "dinas_kesehatan",
        "region": "Gianyar Regency",
        "confidence": 0.84,
        "source_file": "RZVRQ2SY.xlsx",
        "address": "Jl. Dharma Giri No.101, Bitera, Kec. Gianyar, Kabupaten Gianyar, Bali 80515"
      },
      "geometry": {
        "type": "Point",
        "coordinates": [
          115.3142536,
          -8.5428884
        ]
      }
    },
    {
      "type": "Feature",
      "properties": {
        "name": "KOMITE OLAHRAGA NASIONAL INDONESIA KABUPATEN GIANYAR",
        "category": "kantor_pemerintah",
        "region": "Gianyar Regency",
        "confidence": 0.84,
        "source_file": "RZVRQ2SY.xlsx",
        "address": "Jl. Kebo Iwa No.99, Gianyar, Kec. Gianyar, Kabupaten Gianyar, Bali 80511"
      },
      "geometry": {
        "type": "Point",
        "coordinates": [
          115.3225462,
          -8.541817
        ]
      }
    },
    {
      "type": "Feature",
      "properties": {
        "name": "KPAD Kab. Gianyar",
        "category": "kantor_pemerintah",
        "region": "Gianyar Regency",
        "confidence": 0.84,
        "source_file": "RZVRQ2SY.xlsx",
        "address": "Jl. Kaliasem No.2, Gianyar, Kec. Gianyar, Kabupaten Gianyar, Bali 80511"
      },
      "geometry": {
        "type": "Point",
        "coordinates": [
          115.3216795,
          -8.539735
        ]
      }
    },
    {
      "type": "Feature",
      "properties": {
        "name": "KPP Pratama Gianyar",
        "category": "kantor_pelayanan_pajak",
        "region": "Gianyar Regency",
        "confidence": 0.9,
        "source_file": "RZVRQ2SY.xlsx",
        "address": "Jalan By Pass Dharma Giri Desa Buruan, Kec.Blahbatuh, Buruan, Kec. Gianyar, Kabupaten Gianyar, Bali 80581"
      },
      "geometry": {
        "type": "Point",
        "coordinates": [
          115.3120593,
          -8.5472476
        ]
      }
    },
    {
      "type": "Feature",
      "properties": {
        "name": "Kab.badung",
        "category": "balai_kota",
        "region": "Gianyar Regency",
        "confidence": 0.84,
        "source_file": "RZVRQ2SY.xlsx",
        "address": "F87J+8H4, Gianyar, Kec. Gianyar, Kabupaten Gianyar, Bali"
      },
      "geometry": {
        "type": "Point",
        "coordinates": [
          115.3314406,
          -8.5367338
        ]
      }
    },
    {
      "type": "Feature",
      "properties": {
        "name": "Kanto Lampo Waterfall",
        "category": "attractions",
        "region": "Gianyar Regency",
        "confidence": 0.9,
        "source_file": "wisata.xlsx, XLU5DC2A.xlsx",
        "address": "Jl. Kaliasem lingk.kelod kangin, Beng, Kec. Gianyar, Kabupaten Gianyar, Bali 80513"
      },
      "geometry": {
        "type": "Point",
        "coordinates": [
          115.3312408,
          -8.5321802
        ]
      }
    },
    {
      "type": "Feature",
      "properties": {
        "name": "Kantor BKKBN Kab. Gianyar",
        "category": "kantor_pemerintah",
        "region": "Gianyar Regency",
        "confidence": 0.84,
        "source_file": "RZVRQ2SY.xlsx",
        "address": "Jl. Manik No.3, Gianyar, Kec. Gianyar, Kabupaten Gianyar, Bali 80511"
      },
      "geometry": {
        "type": "Point",
        "coordinates": [
          115.3234606,
          -8.5398318
        ]
      }
    },
    {
      "type": "Feature",
      "properties": {
        "name": "Kantor DPRD Kabupaten Gianyar",
        "category": "government_office",
        "region": "Gianyar Regency",
        "confidence": 0.9,
        "source_file": "RZVRQ2SY.xlsx",
        "address": "Jl. Ngurah Rai-Gianyar No.7, Gianyar, Kec. Gianyar, Kabupaten Gianyar, Bali 80511"
      },
      "geometry": {
        "type": "Point",
        "coordinates": [
          115.3254064,
          -8.5412068
        ]
      }
    },
    {
      "type": "Feature",
      "properties": {
        "name": "Kantor Desa Batuan",
        "category": "kantor_pemerintahan_daerah",
        "region": "Gianyar Regency",
        "confidence": 0.84,
        "source_file": "RZVRQ2SY.xlsx",
        "address": "C79F+244, Jl. Raya Batuan, Batuan, Kec. Sukawati, Kabupaten Gianyar, Bali 80582"
      },
      "geometry": {
        "type": "Point",
        "coordinates": [
          115.2728373,
          -8.5824815
        ]
      }
    },
    {
      "type": "Feature",
      "properties": {
        "name": "Kantor Desa Blahbatuh, \u1b13\u1b26\u1b44\u1b22\u1b40\u1b03\u1b24\u1b3e\u1b30\u1b29\u1b44\u1b2e\u1b04\u1b29\u1b22\u1b38\u1b04",
        "category": "kantor_pemerintah",
        "region": "Gianyar Regency",
        "confidence": 0.84,
        "source_file": "RZVRQ2SY.xlsx",
        "address": "Jl. Kebo Iwa No.1, Blahbatuh, Kec. Blahbatuh, Kabupaten Gianyar, Bali 80581"
      },
      "geometry": {
        "type": "Point",
        "coordinates": [
          115.3006519,
          -8.5662756
        ]
      }
    },
    {
      "type": "Feature",
      "properties": {
        "name": "Kantor Desa Saba",
        "category": "kantor_pemda",
        "region": "Gianyar Regency",
        "confidence": 0.87,
        "source_file": "RZVRQ2SY.xlsx",
        "address": "C79W+G3G, Jl. Pantai Saba, Saba, Kec. Blahbatuh, Kabupaten Gianyar, Bali 80581"
      },
      "geometry": {
        "type": "Point",
        "coordinates": [
          115.2952081,
          -8.5811952
        ]
      }
    },
    {
      "type": "Feature",
      "properties": {
        "name": "Kantor Desa Tulikup",
        "category": "kantor_pemerintah",
        "region": "Gianyar Regency",
        "confidence": 0.87,
        "source_file": "RZVRQ2SY.xlsx",
        "address": "F924+6WM, Tulikup, Kec. Gianyar, Kabupaten Gianyar, Bali 80515"
      },
      "geometry": {
        "type": "Point",
        "coordinates": [
          115.3573097,
          -8.5494125
        ]
      }
    },
    {
      "type": "Feature",
      "properties": {
        "name": "Kantor Dinas Sosial Kabupaten Gianyar",
        "category": "kantor_pemerintah",
        "region": "Gianyar Regency",
        "confidence": 0.84,
        "source_file": "RZVRQ2SY.xlsx",
        "address": "Jl. Kesatrian No.18, Gianyar, Kec. Gianyar, Kabupaten Gianyar, Bali 80581"
      },
      "geometry": {
        "type": "Point",
        "coordinates": [
          115.3252523,
          -8.5441785
        ]
      }
    },
    {
      "type": "Feature",
      "properties": {
        "name": "Kantor Dispenda Kab. Gianyar",
        "category": "government_office",
        "region": "Gianyar Regency",
        "confidence": 0.87,
        "source_file": "RZVRQ2SY.xlsx",
        "address": "F86C+8XJ, Jl. Ciung Wanara-Gianyar, Gianyar, Kec. Gianyar, Kabupaten Gianyar, Bali 80511"
      },
      "geometry": {
        "type": "Point",
        "coordinates": [
          115.3223953,
          -8.5391721
        ]
      }
    },
    {
      "type": "Feature",
      "properties": {
        "name": "Kantor Hukum Agung Kesumajaya S.H,M.H",
        "category": "kantor_pengacara_publik",
        "region": "Gianyar Regency",
        "confidence": 0.84,
        "source_file": "RZVRQ2SY.xlsx",
        "address": "Bona, Kec. Blahbatuh, Kabupaten Gianyar, Bali 80581"
      },
      "geometry": {
        "type": "Point",
        "coordinates": [
          115.3149475,
          -8.5578182
        ]
      }
    },
    {
      "type": "Feature",
      "properties": {
        "name": "Kantor Kecamatan Gianyar",
        "category": "kantor_pemerintah",
        "region": "Gianyar Regency",
        "confidence": 0.9,
        "source_file": "RZVRQ2SY.xlsx",
        "address": "F82G+82W, Jl. Astina Sel., Abianbase, Kec. Gianyar, Kabupaten Gianyar, Bali 80515"
      },
      "geometry": {
        "type": "Point",
        "coordinates": [
          115.3250812,
          -8.5491486
        ]
      }
    },
    {
      "type": "Feature",
      "properties": {
        "name": "Kantor Kecamatan Ubud",
        "category": "city_district_office",
        "region": "Gianyar Regency",
        "confidence": 0.84,
        "source_file": "RZVRQ2SY.xlsx",
        "address": "F7R8+J6F, Jalan Raya, Ubud, Gianyar Regency, Bali 80571"
      },
      "geometry": {
        "type": "Point",
        "coordinates": [
          115.2655495,
          -8.5084355
        ]
      }
    },
    {
      "type": "Feature",
      "properties": {
        "name": "Kantor Kepala Desa Lebih",
        "category": "kantor_pemerintah",
        "region": "Gianyar Regency",
        "confidence": 0.87,
        "source_file": "RZVRQ2SY.xlsx",
        "address": "C8PR+3PW, Lebih, Kec. Gianyar, Kabupaten Gianyar, Bali 80515"
      },
      "geometry": {
        "type": "Point",
        "coordinates": [
          115.3418157,
          -8.5647569
        ]
      }
    },
    {
      "type": "Feature",
      "properties": {
        "name": "Kantor Kepala Desa Pering",
        "category": "kantor_pemerintahan_kota",
        "region": "Gianyar Regency",
        "confidence": 0.84,
        "source_file": "RZVRQ2SY.xlsx",
        "address": "C897+PW7, Pering, Kec. Blahbatuh, Kabupaten Gianyar, Bali 80581"
      },
      "geometry": {
        "type": "Point",
        "coordinates": [
          115.3147894,
          -8.5807051
        ]
      }
    },
    {
      "type": "Feature",
      "properties": {
        "name": "Kantor Kepala Desa Temesi",
        "category": "kantor_pemerintahan_wilayah",
        "region": "Gianyar Regency",
        "confidence": 0.87,
        "source_file": "RZVRQ2SY.xlsx",
        "address": "F83X+8QC, Jl. Melon, Temesi, Kec. Gianyar, Kabupaten Gianyar, Bali 80515"
      },
      "geometry": {
        "type": "Point",
        "coordinates": [
          115.3493843,
          -8.5466939
        ]
      }
    },
    {
      "type": "Feature",
      "properties": {
        "name": "Kantor Lurah Abianbase",
        "category": "kantor_pemerintah",
        "region": "Gianyar Regency",
        "confidence": 0.84,
        "source_file": "RZVRQ2SY.xlsx",
        "address": "Jl. Kapten Dipta No.2, Abianbase, Kec. Gianyar, Kabupaten Gianyar, Bali 80515"
      },
      "geometry": {
        "type": "Point",
        "coordinates": [
          115.3296183,
          -8.5476597
        ]
      }
    },
    {
      "type": "Feature",
      "properties": {
        "name": "Kantor Lurah Beng",
        "category": "government_office",
        "region": "Gianyar Regency",
        "confidence": 0.84,
        "source_file": "RZVRQ2SY.xlsx",
        "address": "F89H+34V, Beng, Kec. Gianyar, Kabupaten Gianyar, Bali 80513"
      },
      "geometry": {
        "type": "Point",
        "coordinates": [
          115.3277868,
          -8.5322522
        ]
      }
    },
    {
      "type": "Feature",
      "properties": {
        "name": "Kantor Lurah Samplangan",
        "category": "kantor_pemerintah",
        "region": "Gianyar Regency",
        "confidence": 0.84,
        "source_file": "RZVRQ2SY.xlsx",
        "address": "Jl. Raya Samplangan No.I, Samplangan, Kec. Gianyar, Kabupaten Gianyar, Bali 80512"
      },
      "geometry": {
        "type": "Point",
        "coordinates": [
          115.3414492,
          -8.539417
        ]
      }
    },
    {
      "type": "Feature",
      "properties": {
        "name": "Kantor Pelayanan Pajak Kendaraan Bermotor",
        "category": "kantor_pemerintah",
        "region": "Gianyar Regency",
        "confidence": 0.84,
        "source_file": "RZVRQ2SY.xlsx",
        "address": "F86W+68C, Jl. Raya Samplangan, Temesi, Kec. Gianyar, Kabupaten Gianyar, Bali 80515"
      },
      "geometry": {
        "type": "Point",
        "coordinates": [
          115.3457777,
          -8.5394301
        ]
      }
    },
    {
      "type": "Feature",
      "properties": {
        "name": "Kantor Pelayanan Pajak Pratama Gianyar",
        "category": "kantor_pemerintah",
        "region": "Gianyar Regency",
        "confidence": 0.87,
        "source_file": "RZVRQ2SY.xlsx",
        "address": "F7GJ+XQ9, Jl. Raya Goa Gajah, Kemenuh, Kec. Sukawati, Kabupaten Gianyar, Bali 80582"
      },
      "geometry": {
        "type": "Point",
        "coordinates": [
          115.2819858,
          -8.5225819
        ]
      }
    },
    {
      "type": "Feature",
      "properties": {
        "name": "Kantor Perbekel Bona",
        "category": "kantor_pemerintah",
        "region": "Gianyar Regency",
        "confidence": 0.84,
        "source_file": "RZVRQ2SY.xlsx",
        "address": "C8V7+7VF, Bona, Kec. Blahbatuh, Kabupaten Gianyar, Bali 80581"
      },
      "geometry": {
        "type": "Point",
        "coordinates": [
          115.3146615,
          -8.5568006
        ]
      }
    },
    {
      "type": "Feature",
      "properties": {
        "name": "Kantor Perbekel Desa Bakbakan",
        "category": "kantor_pemerintah",
        "region": "Gianyar Regency",
        "confidence": 0.87,
        "source_file": "RZVRQ2SY.xlsx",
        "address": "F8R9+WVC, Jl. Triwanisa-kawan, Bakbakan, Kec. Gianyar, Kabupaten Gianyar, Bali 80515"
      },
      "geometry": {
        "type": "Point",
        "coordinates": [
          115.3196394,
          -8.5076869
        ]
      }
    },
    {
      "type": "Feature",
      "properties": {
        "name": "Kantor Perbekel Desa Belega",
        "category": "kantor_pemerintah",
        "region": "Gianyar Regency",
        "confidence": 0.87,
        "source_file": "RZVRQ2SY.xlsx",
        "address": "C8Q5+QGQ, Belega, Kec. Blahbatuh, Kabupaten Gianyar, Bali 80581"
      },
      "geometry": {
        "type": "Point",
        "coordinates": [
          115.3088533,
          -8.5605308
        ]
      }
    },
    {
      "type": "Feature",
      "properties": {
        "name": "Kantor Perbekel Desa Buruan",
        "category": "kantor_pemerintah",
        "region": "Gianyar Regency",
        "confidence": 0.84,
        "source_file": "RZVRQ2SY.xlsx",
        "address": "Jl. Wisma Udayana, Buruan, Kec. Blahbatuh, Kabupaten Gianyar, Bali 80581"
      },
      "geometry": {
        "type": "Point",
        "coordinates": [
          115.3027882,
          -8.5436622
        ]
      }
    },
    {
      "type": "Feature",
      "properties": {
        "name": "Kantor Perbekel Desa Kemenuh",
        "category": "kantor_pemerintah",
        "region": "Gianyar Regency",
        "confidence": 0.84,
        "source_file": "RZVRQ2SY.xlsx",
        "address": "C7WM+GW2, Jl. Ir. Sutami, Kemenuh, Kec. Sukawati, Kabupaten Gianyar, Bali 80582"
      },
      "geometry": {
        "type": "Point",
        "coordinates": [
          115.2847519,
          -8.5537336
        ]
      }
    },
    {
      "type": "Feature",
      "properties": {
        "name": "Kantor Perbekel Desa Sidan",
        "category": "kantor_pemerintah",
        "region": "Gianyar Regency",
        "confidence": 0.87,
        "source_file": "RZVRQ2SY.xlsx",
        "address": "F88X+XF6, Jl. Raya Sidan, Sidan, Kec. Gianyar, Kabupaten Gianyar, Bali 80515"
      },
      "geometry": {
        "type": "Point",
        "coordinates": [
          115.3486465,
          -8.532587
        ]
      }
    },
    {
      "type": "Feature",
      "properties": {
        "name": "Kantor Pertanahan Kabupaten Gianyar",
        "category": "government_office",
        "region": "Gianyar Regency",
        "confidence": 0.87,
        "source_file": "RZVRQ2SY.xlsx",
        "address": "Komplek Civic Center, Jl. Sahadewa No.7, Gianyar, Gianyar Regency, Bali 80511"
      },
      "geometry": {
        "type": "Point",
        "coordinates": [
          115.3232462,
          -8.5420945
        ]
      }
    },
    {
      "type": "Feature",
      "properties": {
        "name": "Kantor Pos Ciung Wanara",
        "category": "kantor_pos",
        "region": "Gianyar Regency",
        "confidence": 0.87,
        "source_file": "RZVRQ2SY.xlsx",
        "address": "Jl. Ciung Wanara-Gianyar No.10, Gianyar, Kec. Gianyar, Kabupaten Gianyar, Bali 80511"
      },
      "geometry": {
        "type": "Point",
        "coordinates": [
          115.3224198,
          -8.5396373
        ]
      }
    },
    {
      "type": "Feature",
      "properties": {
        "name": "Kantor Pos Gianyar",
        "category": "kantor_pos",
        "region": "Gianyar Regency",
        "confidence": 0.87,
        "source_file": "RZVRQ2SY.xlsx",
        "address": "Jl. Abimanyu No.4, Gianyar, Kec. Gianyar, Kabupaten Gianyar, Bali 80511"
      },
      "geometry": {
        "type": "Point",
        "coordinates": [
          115.3238545,
          -8.5463132
        ]
      }
    },
    {
      "type": "Feature",
      "properties": {
        "name": "Kantor Urusan Agama (KUA) Gianyar",
        "category": "kantor_pemerintah",
        "region": "Gianyar Regency",
        "confidence": 0.9,
        "source_file": "RZVRQ2SY.xlsx",
        "address": "F86M+GM6, Jl. Tukad Melangit Gang Danau Beratan, Samplangan, Kec. Gianyar, Kabupaten Gianyar, Bali 80512"
      },
      "geometry": {
        "type": "Point",
        "coordinates": [
          115.3341435,
          -8.5387133
        ]
      }
    },
    {
      "type": "Feature",
      "properties": {
        "name": "Kecak & Fire Dance at Tanah Gajah, Ubud",
        "category": "attractions",
        "region": "Gianyar Regency",
        "confidence": 0.9,
        "source_file": "wisata.xlsx, XLU5DC2A.xlsx",
        "address": "Tanah Gajah, a Resort by Hadiprana, Jl. Raya Goa Gajah, Tengkulak Kaja, Kecamatan Ubud, Bali 80571"
      },
      "geometry": {
        "type": "Point",
        "coordinates": [
          115.282855,
          -8.5231054
        ]
      }
    },
    {
      "type": "Feature",
      "properties": {
        "name": "Kemenuh Butterfly Park, Bali",
        "category": "attractions",
        "region": "Gianyar Regency",
        "confidence": 0.9,
        "source_file": "wisata.xlsx, XLU5DC2A.xlsx",
        "address": "C7GP+WMJ, Jl. Ir. Sutami, Kemenuh, Kec. Sukawati, Kabupaten Gianyar, Bali"
      },
      "geometry": {
        "type": "Point",
        "coordinates": [
          115.2866632,
          -8.572696
        ]
      }
    },
    {
      "type": "Feature",
      "properties": {
        "name": "Kemenuh Monkey River",
        "category": "attractions",
        "region": "Gianyar Regency",
        "confidence": 0.9,
        "source_file": "wisata.xlsx, XLU5DC2A.xlsx",
        "address": "Jl. Ir. Sutami Jl. Pura Dalem No.Br, Agung, Kemenuh, Kelod, Kabupaten Gianyar, Bali 80582"
      },
      "geometry": {
        "type": "Point",
        "coordinates": [
          115.288677,
          -8.568728
        ]
      }
    },
    {
      "type": "Feature",
      "properties": {
        "name": "Kemenuh Swimming Pool & Water Recreation",
        "category": "attractions",
        "region": "Gianyar Regency",
        "confidence": 0.9,
        "source_file": "wisata.xlsx, XLU5DC2A.xlsx",
        "address": "Jl. Ir. Sutami, Kemenuh, Kec. Sukawati, Kabupaten Gianyar, Bali 80582"
      },
      "geometry": {
        "type": "Point",
        "coordinates": [
          115.2866703,
          -8.5731107
        ]
      }
    },
    {
      "type": "Feature",
      "properties": {
        "name": "Kepolisian Resor Gianyar (Polres Gianyar)",
        "category": "kantor_pemerintah",
        "region": "Gianyar Regency",
        "confidence": 0.84,
        "source_file": "RZVRQ2SY.xlsx",
        "address": "F85F+8G2, Gianyar, Kec. Gianyar, Kabupaten Gianyar, Bali 80511"
      },
      "geometry": {
        "type": "Point",
        "coordinates": [
          115.3237166,
          -8.5416933
        ]
      }
    },
    {
      "type": "Feature",
      "properties": {
        "name": "Kintamani Sunrise Jeep",
        "category": "attractions",
        "region": "Gianyar Regency",
        "confidence": 0.9,
        "source_file": "wisata.xlsx, XLU5DC2A.xlsx",
        "address": "8,51104\u00b0 S, 115,26226\u00b0 T, Kabupaten Gianyar, Bali"
      },
      "geometry": {
        "type": "Point",
        "coordinates": [
          115.2620397,
          -8.5112319
        ]
      }
    },
    {
      "type": "Feature",
      "properties": {
        "name": "Kolam Pancing Cape Lagoon",
        "category": "attractions",
        "region": "Gianyar Regency",
        "confidence": 0.87,
        "source_file": "wisata.xlsx, XLU5DC2A.xlsx",
        "address": "F893+6WM, Bedulu, Blahbatuh, Gianyar Regency, Bali 80581"
      },
      "geometry": {
        "type": "Point",
        "coordinates": [
          115.3049077,
          -8.5321794
        ]
      }
    },
    {
      "type": "Feature",
      "properties": {
        "name": "Kolam pancing bukit jangkrik",
        "category": "attractions",
        "region": "Gianyar Regency",
        "confidence": 0.87,
        "source_file": "wisata.xlsx, XLU5DC2A.xlsx",
        "address": "F89V+58G, Jl. Bukit Jangkrik, Samplangan, Kec. Gianyar, Kabupaten Gianyar, Bali"
      },
      "geometry": {
        "type": "Point",
        "coordinates": [
          115.343328,
          -8.5320582
        ]
      }
    },
    {
      "type": "Feature",
      "properties": {
        "name": "Krisna Adventure Blangsinga",
        "category": "attractions",
        "region": "Gianyar Regency",
        "confidence": 0.9,
        "source_file": "wisata.xlsx, XLU5DC2A.xlsx",
        "address": "Jl. Raya Blangsinga, Saba, Kec. Blahbatuh, Kabupaten Gianyar, Bali 80581"
      },
      "geometry": {
        "type": "Point",
        "coordinates": [
          115.291756,
          -8.5753058
        ]
      }
    },
    {
      "type": "Feature",
      "properties": {
        "name": "Kwarcab Gianyar",
        "category": "kantor_pemerintah",
        "region": "Gianyar Regency",
        "confidence": 0.84,
        "source_file": "RZVRQ2SY.xlsx",
        "address": "F84M+P93, Tegal Tugu, Kec. Gianyar, Kabupaten Gianyar, Bali 80511"
      },
      "geometry": {
        "type": "Point",
        "coordinates": [
          115.333423,
          -8.5432471
        ]
      }
    },
    {
      "type": "Feature",
      "properties": {
        "name": "Legiun Veteran Republik Indonesia Markas Gianyar",
        "category": "kantor_pemerintah",
        "region": "Gianyar Regency",
        "confidence": 0.84,
        "source_file": "RZVRQ2SY.xlsx",
        "address": "Jl. Kesatrian No.2, Gianyar, Kec. Gianyar, Kabupaten Gianyar, Bali 80511"
      },
      "geometry": {
        "type": "Point",
        "coordinates": [
          115.3250627,
          -8.5420244
        ]
      }
    },
    {
      "type": "Feature",
      "properties": {
        "name": "MASYARAKAT BANTENG",
        "category": "asosiasi_organisasi",
        "region": "Gianyar Regency",
        "confidence": 0.87,
        "source_file": "4ZDU3D7D.xlsx, 20F8ADAH.xlsx, D7RSP2LU.xlsx, F5265UR2.xlsx, GQ3D8NMP.xlsx, MKMOSR5C.xlsx, QP4FQ600.xlsx, S33E300D.xlsx",
        "address": "F745+HQF, Banjar Tengah, Lodtunduh, Kecamatan Ubud, Kabupaten Gianyar, Bali 80571"
      },
      "geometry": {
        "type": "Point",
        "coordinates": [
          115.2594325,
          -8.5435666
        ]
      }
    },
    {
      "type": "Feature",
      "properties": {
        "name": "Mabes Genta Manik Serongga",
        "category": "pusat_perkumpulan_remaja",
        "region": "Gianyar Regency",
        "confidence": 0.84,
        "source_file": "RZVRQ2SY.xlsx",
        "address": "C8WM+887, Jl. Sakura, Serongga, Kec. Gianyar, Kabupaten Gianyar, Bali 80515"
      },
      "geometry": {
        "type": "Point",
        "coordinates": [
          115.3332928,
          -8.5542152
        ]
      }
    },
    {
      "type": "Feature",
      "properties": {
        "name": "Madani Milenial",
        "category": "kantor_pelayanan_stnk_sim",
        "region": "Gianyar Regency",
        "confidence": 0.87,
        "source_file": "RZVRQ2SY.xlsx",
        "address": "F8CH+Q7V, Jl. Bukit Sinunggal, Beng, Kec. Gianyar, Kabupaten Gianyar, Bali 80513"
      },
      "geometry": {
        "type": "Point",
        "coordinates": [
          115.3280069,
          -8.5282099
        ]
      }
    },
    {
      "type": "Feature",
      "properties": {
        "name": "Maifan Center Gianyar",
        "category": "public_medical_center",
        "region": "Gianyar Regency",
        "confidence": 0.84,
        "source_file": "RZVRQ2SY.xlsx",
        "address": "Jl. Dharma Giri No.8, Gianyar, Kec. Gianyar, Kabupaten Gianyar, Bali 80511"
      },
      "geometry": {
        "type": "Point",
        "coordinates": [
          115.3211601,
          -8.5409203
        ]
      }
    },
    {
      "type": "Feature",
      "properties": {
        "name": "Malong bali driver (komang_udi)",
        "category": "attractions",
        "region": "Gianyar Regency",
        "confidence": 0.87,
        "source_file": "wisata.xlsx, XLU5DC2A.xlsx",
        "address": "F7FF+GQ4, Peliatan, Ubud, Gianyar Regency, Bali 80571"
      },
      "geometry": {
        "type": "Point",
        "coordinates": [
          115.2743792,
          -8.5230898
        ]
      }
    },
    {
      "type": "Feature",
      "properties": {
        "name": "Markas Cenik Nginteng",
        "category": "pusat_perkumpulan_remaja",
        "region": "Gianyar Regency",
        "confidence": 0.84,
        "source_file": "RZVRQ2SY.xlsx",
        "address": "F82H+2FM, Abianbase, Kec. Gianyar, Kabupaten Gianyar, Bali 80515"
      },
      "geometry": {
        "type": "Point",
        "coordinates": [
          115.3286661,
          -8.5499212
        ]
      }
    },
    {
      "type": "Feature",
      "properties": {
        "name": "Masceti Beach",
        "category": "attractions",
        "region": "Gianyar Regency",
        "confidence": 0.9,
        "source_file": "wisata.xlsx, XLU5DC2A.xlsx",
        "address": "Jl. Pantai Masceti, Medahan, Kec. Blahbatuh, Kabupaten Gianyar, Bali"
      },
      "geometry": {
        "type": "Point",
        "coordinates": [
          115.3459371,
          -8.5946021
        ]
      }
    },
    {
      "type": "Feature",
      "properties": {
        "name": "Mayavis Bona Village",
        "category": "attractions",
        "region": "Gianyar Regency",
        "confidence": 0.84,
        "source_file": "wisata.xlsx, XLU5DC2A.xlsx",
        "address": "C8VC+JW6, Bona, Blahbatuh, Gianyar Regency, Bali 80581"
      },
      "geometry": {
        "type": "Point",
        "coordinates": [
          115.322257,
          -8.5559581
        ]
      }
    },
    {
      "type": "Feature",
      "properties": {
        "name": "Mustakim",
        "category": "balai_kota",
        "region": "Gianyar Regency",
        "confidence": 0.87,
        "source_file": "RZVRQ2SY.xlsx",
        "address": "Jl. Ratna No.60, Tegal Tugu, Kec. Gianyar, Kabupaten Gianyar, Bali 80515"
      },
      "geometry": {
        "type": "Point",
        "coordinates": [
          115.33508,
          -8.5521187
        ]
      }
    },
    {
      "type": "Feature",
      "properties": {
        "name": "Nusa Penida Tour Bali",
        "category": "attractions",
        "region": "Gianyar Regency",
        "confidence": 0.9,
        "source_file": "wisata.xlsx, XLU5DC2A.xlsx",
        "address": "Jl. Monkey Forest No.18, Ubud, Kecamatan Ubud, Kabupaten Gianyar, Bali 80571"
      },
      "geometry": {
        "type": "Point",
        "coordinates": [
          115.2610611,
          -8.5108421
        ]
      }
    },
    {
      "type": "Feature",
      "properties": {
        "name": "Objek Wisata Tirta Areng",
        "category": "attractions",
        "region": "Gianyar Regency",
        "confidence": 0.84,
        "source_file": "wisata.xlsx, XLU5DC2A.xlsx",
        "address": "J824+2VJ, Banjar Calo, Pupuan, Kec. Tegallalang, Kabupaten Gianyar, Bali"
      },
      "geometry": {
        "type": "Point",
        "coordinates": [
          115.3071363,
          -8.3999108
        ]
      }
    },
    {
      "type": "Feature",
      "properties": {
        "name": "Obyek Wisata Relegi Panglukatan Sapta Murti",
        "category": "pusat_informasi_pariwisata",
        "region": "Gianyar Regency",
        "confidence": 0.87,
        "source_file": "wisata.xlsx, XLU5DC2A.xlsx",
        "address": "Jl. Sakura Kelurahan Abianbase Gianyar, Perumahan Nuansa Alam Payal No.9371, Pura Dalem, Abianbase, Kec. Gianyar, Kabupaten Gianyar, Bali 80515"
      },
      "geometry": {
        "type": "Point",
        "coordinates": [
          115.3311976,
          -8.5509449
        ]
      }
    },
    {
      "type": "Feature",
      "properties": {
        "name": "PDAM GIANYAR",
        "category": "perusahaan_daerah_air_minum_pdam",
        "region": "Gianyar Regency",
        "confidence": 0.87,
        "source_file": "RZVRQ2SY.xlsx",
        "address": "Jl. Astina Timur, Samplangan, Kec. Gianyar, Kabupaten Gianyar, Bali 80512"
      },
      "geometry": {
        "type": "Point",
        "coordinates": [
          115.3344505,
          -8.5408101
        ]
      }
    },
    {
      "type": "Feature",
      "properties": {
        "name": "PERUMDA AIR MINUM TIRTA SANJIWANI",
        "category": "kantor_pemerintah",
        "region": "Gianyar Regency",
        "confidence": 0.87,
        "source_file": "RZVRQ2SY.xlsx",
        "address": "Jl. Astina Timur, Samplangan, Kec. Gianyar, Kabupaten Gianyar, Bali 80512"
      },
      "geometry": {
        "type": "Point",
        "coordinates": [
          115.3365219,
          -8.5404852
        ]
      }
    },
    {
      "type": "Feature",
      "properties": {
        "name": "PT. Bali JeGeg Wisata",
        "category": "biro_wisata",
        "region": "Gianyar Regency",
        "confidence": 0.84,
        "source_file": "wisata.xlsx, XLU5DC2A.xlsx",
        "address": "Jl. Maleo 2 No.2, Beng, Kec. Gianyar, Kabupaten Gianyar, Bali 80511"
      },
      "geometry": {
        "type": "Point",
        "coordinates": [
          115.3303541,
          -8.5351909
        ]
      }
    },
    {
      "type": "Feature",
      "properties": {
        "name": "Pantai Padang Legi",
        "category": "attractions",
        "region": "Gianyar Regency",
        "confidence": 0.9,
        "source_file": "wisata.xlsx, XLU5DC2A.xlsx",
        "address": "C85X+8C, Medahan, Blahbatuh, Gianyar Regency, Bali"
      },
      "geometry": {
        "type": "Point",
        "coordinates": [
          115.348573,
          -8.5916417
        ]
      }
    },
    {
      "type": "Feature",
      "properties": {
        "name": "Partai Golkar Kecamatan Gianyar",
        "category": "city_or_town_hall",
        "region": "Gianyar Regency",
        "confidence": 0.84,
        "source_file": "RZVRQ2SY.xlsx",
        "address": "Jl. Kesatrian No.26, Gianyar, Kec. Gianyar, Kabupaten Gianyar, Bali 80511"
      },
      "geometry": {
        "type": "Point",
        "coordinates": [
          115.325351,
          -8.5451282
        ]
      }
    },
    {
      "type": "Feature",
      "properties": {
        "name": "Patung Bayi, Sukawati, Gianyar",
        "category": "attractions",
        "region": "Gianyar Regency",
        "confidence": 0.9,
        "source_file": "wisata.xlsx, XLU5DC2A.xlsx",
        "address": "C7PF+GHF, Jl. Raya Sakah, Batuan Kaler, Kec. Sukawati, Kabupaten Gianyar, Bali 80582"
      },
      "geometry": {
        "type": "Point",
        "coordinates": [
          115.2739265,
          -8.5636848
        ]
      }
    },
    {
      "type": "Feature",
      "properties": {
        "name": "Pejeng kawan village",
        "category": "attractions",
        "region": "Gianyar Regency",
        "confidence": 0.87,
        "source_file": "wisata.xlsx, XLU5DC2A.xlsx",
        "address": "F7QM+GW4, Pejeng Kawan, Tampaksiring, Gianyar Regency, Bali"
      },
      "geometry": {
        "type": "Point",
        "coordinates": [
          115.284838,
          -8.5112422
        ]
      }
    },
    {
      "type": "Feature",
      "properties": {
        "name": "Pemandian Umum Tepi Sungai",
        "category": "attractions",
        "region": "Gianyar Regency",
        "confidence": 0.87,
        "source_file": "wisata.xlsx, XLU5DC2A.xlsx",
        "address": "Jl. Dharma Giri No.88, Bitera, Kec. Gianyar, Kabupaten Gianyar, Bali 80581"
      },
      "geometry": {
        "type": "Point",
        "coordinates": [
          115.313531,
          -8.5468735
        ]
      }
    },
    {
      "type": "Feature",
      "properties": {
        "name": "Pemerintah Provinsi Bali Dinas Perhubungan UPTD Trans Bali/Trans SARBAGITA",
        "category": "kantor_pemerintah",
        "region": "Gianyar Regency",
        "confidence": 0.84,
        "source_file": "RZVRQ2SY.xlsx",
        "address": "Jl. Raya Batubulan No.87, Batubulan, Kec. Sukawati, Kabupaten Gianyar, Bali 80237"
      },
      "geometry": {
        "type": "Point",
        "coordinates": [
          115.2595643,
          -8.6301343
        ]
      }
    },
    {
      "type": "Feature",
      "properties": {
        "name": "Pengadilan Negeri Gianyar",
        "category": "gedung_pengadilan_negeri",
        "region": "Gianyar Regency",
        "confidence": 0.9,
        "source_file": "RZVRQ2SY.xlsx",
        "address": "Jl. Ciung Wanara-Gianyar No.1B, Gianyar, Kec. Gianyar, Kabupaten Gianyar, Bali 80511"
      },
      "geometry": {
        "type": "Point",
        "coordinates": [
          115.3231849,
          -8.5368244
        ]
      }
    },
    {
      "type": "Feature",
      "properties": {
        "name": "Pengajengan Temple",
        "category": "attractions",
        "region": "Gianyar Regency",
        "confidence": 0.87,
        "source_file": "wisata.xlsx, XLU5DC2A.xlsx",
        "address": "F75J+FM5, Kemenuh, Sukawati, Gianyar Regency, Bali 80582"
      },
      "geometry": {
        "type": "Point",
        "coordinates": [
          115.2817312,
          -8.5413551
        ]
      }
    },
    {
      "type": "Feature",
      "properties": {
        "name": "Perempatan Cell",
        "category": "toko",
        "region": "Gianyar Regency",
        "confidence": 0.84,
        "source_file": "JQLVN4D2.xlsx",
        "address": "F8GM+CFF, Jl. Gn. Lempuyang, Samplangan, Kec. Gianyar, Kabupaten Gianyar, Bali 80512"
      },
      "geometry": {
        "type": "Point",
        "coordinates": [
          115.3336703,
          -8.523928
        ]
      }
    },
    {
      "type": "Feature",
      "properties": {
        "name": "Perempatan Laundry",
        "category": "layanan_binatu",
        "region": "Gianyar Regency",
        "confidence": 0.84,
        "source_file": "JQLVN4D2.xlsx",
        "address": "Samplangan, Kec. Gianyar, Kabupaten Gianyar, Bali"
      },
      "geometry": {
        "type": "Point",
        "coordinates": [
          115.3337386,
          -8.5239673
        ]
      }
    },
    {
      "type": "Feature",
      "properties": {
        "name": "Perempatan Tampad",
        "category": "unknown",
        "region": "Gianyar Regency",
        "confidence": 0.9,
        "source_file": "JQLVN4D2.xlsx",
        "address": "Jl. Batuyang, Batubulan Kangin, Kec. Sukawati, Kabupaten Gianyar, Bali 80582"
      },
      "geometry": {
        "type": "Point",
        "coordinates": [
          115.2762687,
          -8.6238231
        ]
      }
    },
    {
      "type": "Feature",
      "properties": {
        "name": "Pertigaan jalan",
        "category": "hiking_area",
        "region": "Gianyar Regency",
        "confidence": 0.84,
        "source_file": "ZDNRHRHP.xlsx",
        "address": "C8Q7+JMX, Bona, Kec. Blahbatuh, Kabupaten Gianyar, Bali 80581"
      },
      "geometry": {
        "type": "Point",
        "coordinates": [
          115.3134217,
          -8.5611717
        ]
      }
    },
    {
      "type": "Feature",
      "properties": {
        "name": "Perum. Serongga Permai",
        "category": "otoritas_perumahan",
        "region": "Gianyar Regency",
        "confidence": 0.9,
        "source_file": "RZVRQ2SY.xlsx",
        "address": "C8QP+H98, Jl. Sakura, Serongga, Kec. Gianyar, Kabupaten Gianyar, Bali 80515"
      },
      "geometry": {
        "type": "Point",
        "coordinates": [
          115.335939,
          -8.5610999
        ]
      }
    },
    {
      "type": "Feature",
      "properties": {
        "name": "Perumahan Batur Sari",
        "category": "otoritas_perumahan",
        "region": "Gianyar Regency",
        "confidence": 0.84,
        "source_file": "RZVRQ2SY.xlsx",
        "address": "F896+8RH, Jl. Wani, Bitera, Kec. Gianyar, Kabupaten Gianyar, Bali 80515"
      },
      "geometry": {
        "type": "Point",
        "coordinates": [
          115.3121188,
          -8.5316853
        ]
      }
    },
    {
      "type": "Feature",
      "properties": {
        "name": "Perumahan Nusa Nova Permai",
        "category": "otoritas_perumahan",
        "region": "Gianyar Regency",
        "confidence": 0.87,
        "source_file": "RZVRQ2SY.xlsx",
        "address": "C8XJ+R8X, Jl. Sakura, Abianbase, Kec. Gianyar, Kabupaten Gianyar, Bali 80515"
      },
      "geometry": {
        "type": "Point",
        "coordinates": [
          115.3308478,
          -8.5503909
        ]
      }
    },
    {
      "type": "Feature",
      "properties": {
        "name": "Petanu Canyon",
        "category": "attractions",
        "region": "Gianyar Regency",
        "confidence": 0.87,
        "source_file": "wisata.xlsx, XLU5DC2A.xlsx",
        "address": "F7FQ+F5C, Jl. Pasung Grigis I, Kemenuh, Kec. Sukawati, Kabupaten Gianyar, Bali 80581"
      },
      "geometry": {
        "type": "Point",
        "coordinates": [
          115.2878945,
          -8.5263117
        ]
      }
    },
    {
      "type": "Feature",
      "properties": {
        "name": "Peternakan Babi Arya",
        "category": "attractions",
        "region": "Gianyar Regency",
        "confidence": 0.87,
        "source_file": "wisata.xlsx, XLU5DC2A.xlsx",
        "address": "F87J+8H8, Siangan, Gianyar, Gianyar Regency, Bali"
      },
      "geometry": {
        "type": "Point",
        "coordinates": [
          115.3314412,
          -8.5367146
        ]
      }
    },
    {
      "type": "Feature",
      "properties": {
        "name": "Petirtan Ki Pasung Grigis",
        "category": "attractions",
        "region": "Gianyar Regency",
        "confidence": 0.9,
        "source_file": "wisata.xlsx, XLU5DC2A.xlsx",
        "address": "F73J+G6, Kemenuh, Sukawati, Gianyar Regency, Bali 80582"
      },
      "geometry": {
        "type": "Point",
        "coordinates": [
          115.2805625,
          -8.5461875
        ]
      }
    },
    {
      "type": "Feature",
      "properties": {
        "name": "Polres Gianyar",
        "category": "police_station",
        "region": "Gianyar Regency",
        "confidence": 0.84,
        "source_file": "RZVRQ2SY.xlsx",
        "address": "Jl. Ngurah Rai-Gianyar, Gianyar, Kec. Gianyar, Kabupaten Gianyar, Bali 80511"
      },
      "geometry": {
        "type": "Point",
        "coordinates": [
          115.3232023,
          -8.5415852
        ]
      }
    },
    {
      "type": "Feature",
      "properties": {
        "name": "Polsek Gianyar",
        "category": "police_station",
        "region": "Gianyar Regency",
        "confidence": 0.84,
        "source_file": "RZVRQ2SY.xlsx",
        "address": "Jl. Ratna I, Gianyar, Kec. Gianyar, Kabupaten Gianyar, Bali 80512"
      },
      "geometry": {
        "type": "Point",
        "coordinates": [
          115.3330488,
          -8.542383
        ]
      }
    },
    {
      "type": "Feature",
      "properties": {
        "name": "Pondok Wisata Ting-ting",
        "category": "bed_breakfast",
        "region": "Gianyar Regency",
        "confidence": 0.9,
        "source_file": "wisata.xlsx, XLU5DC2A.xlsx",
        "address": "F86G+P59, Jl. Jata 1, Gianyar, Kec. Gianyar, Kabupaten Gianyar, Bali 80511"
      },
      "geometry": {
        "type": "Point",
        "coordinates": [
          115.3254718,
          -8.5382199
        ]
      }
    },
    {
      "type": "Feature",
      "properties": {
        "name": "PosAja! Drop Point",
        "category": "post_office",
        "region": "Gianyar Regency",
        "confidence": 0.84,
        "source_file": "RZVRQ2SY.xlsx",
        "address": "F87J+8H4, LING TEGAS KAJA, Gianyar"
      },
      "geometry": {
        "type": "Point",
        "coordinates": [
          115.3314406,
          -8.5367339
        ]
      }
    },
    {
      "type": "Feature",
      "properties": {
        "name": "PosAja! Drop Point",
        "category": "kantor_pos",
        "region": "Gianyar Regency",
        "confidence": 0.84,
        "source_file": "RZVRQ2SY.xlsx",
        "address": "Jl. Jata No.11, Gianyar, Kec. Gianyar, Kabupaten Gianyar, Bali 80511"
      },
      "geometry": {
        "type": "Point",
        "coordinates": [
          115.3263024,
          -8.5382188
        ]
      }
    },
    {
      "type": "Feature",
      "properties": {
        "name": "Private Bali Tour Driver - Komang Agus Diantara",
        "category": "attractions",
        "region": "Gianyar Regency",
        "confidence": 0.87,
        "source_file": "wisata.xlsx, XLU5DC2A.xlsx",
        "address": "Jl. Monkey Forest, Ubud, Kecamatan Ubud, Kabupaten Gianyar, Bali 80571"
      },
      "geometry": {
        "type": "Point",
        "coordinates": [
          115.25996,
          -8.516185
        ]
      }
    },
    {
      "type": "Feature",
      "properties": {
        "name": "Proyek Pondok Wisata Kemenuh",
        "category": "attractions",
        "region": "Gianyar Regency",
        "confidence": 0.87,
        "source_file": "wisata.xlsx, XLU5DC2A.xlsx",
        "address": "Jl. Ir. Sutami, Kemenuh, Kec. Sukawati, Kabupaten Gianyar, Bali"
      },
      "geometry": {
        "type": "Point",
        "coordinates": [
          115.2860816,
          -8.5697731
        ]
      }
    },
    {
      "type": "Feature",
      "properties": {
        "name": "Proyek puspem gianyar",
        "category": "government_office",
        "region": "Gianyar Regency",
        "confidence": 0.84,
        "source_file": "RZVRQ2SY.xlsx",
        "address": "F849+QXQ, Jl. Anusapati, Gianyar, Kec. Gianyar, Kabupaten Gianyar, Bali"
      },
      "geometry": {
        "type": "Point",
        "coordinates": [
          115.3199837,
          -8.5430312
        ]
      }
    },
    {
      "type": "Feature",
      "properties": {
        "name": "Pura Dalem Agung Padangtegal",
        "category": "attractions",
        "region": "Gianyar Regency",
        "confidence": 0.9,
        "source_file": "wisata.xlsx, XLU5DC2A.xlsx",
        "address": "Jl. Monkey Forest, Ubud, Kecamatan Ubud, Kabupaten Gianyar, Bali 80571"
      },
      "geometry": {
        "type": "Point",
        "coordinates": [
          115.2585298,
          -8.5188426
        ]
      }
    },
    {
      "type": "Feature",
      "properties": {
        "name": "Pura Dalem Sidan",
        "category": "attractions",
        "region": "Gianyar Regency",
        "confidence": 0.9,
        "source_file": "wisata.xlsx, XLU5DC2A.xlsx",
        "address": "Jl. Sidan-Astina Timur No.99, Sidan, Kec. Gianyar, Kabupaten Gianyar, Bali 80515"
      },
      "geometry": {
        "type": "Point",
        "coordinates": [
          115.3476041,
          -8.5348469
        ]
      }
    },
    {
      "type": "Feature",
      "properties": {
        "name": "Pura Kahyangan Jagat Bukit Dharma Durga Kutri",
        "category": "attractions",
        "region": "Gianyar Regency",
        "confidence": 0.9,
        "source_file": "wisata.xlsx, XLU5DC2A.xlsx",
        "address": "F863+W3V, Jl. Raya Buruan, Buruan, Kec. Gianyar, Kabupaten Gianyar, Bali 80581"
      },
      "geometry": {
        "type": "Point",
        "coordinates": [
          115.3026591,
          -8.537644
        ]
      }
    },
    {
      "type": "Feature",
      "properties": {
        "name": "Pura Penataran Sasih",
        "category": "attractions",
        "region": "Gianyar Regency",
        "confidence": 0.9,
        "source_file": "wisata.xlsx, XLU5DC2A.xlsx",
        "address": "F7PV+C74, Jalan Raya, Pejeng, Tampaksiring, Gianyar Regency, Bali 80571"
      },
      "geometry": {
        "type": "Point",
        "coordinates": [
          115.2931954,
          -8.5139914
        ]
      }
    },
    {
      "type": "Feature",
      "properties": {
        "name": "Pura Puncak Bukit Langkihan",
        "category": "attractions",
        "region": "Gianyar Regency",
        "confidence": 0.9,
        "source_file": "wisata.xlsx, XLU5DC2A.xlsx",
        "address": "F8FQ+R87, Jl. Bukit Batu, Samplangan, Kec. Gianyar, Kabupaten Gianyar, Bali 80512"
      },
      "geometry": {
        "type": "Point",
        "coordinates": [
          115.3382829,
          -8.52547
        ]
      }
    },
    {
      "type": "Feature",
      "properties": {
        "name": "Puri Agung Pejeng",
        "category": "attractions",
        "region": "Gianyar Regency",
        "confidence": 0.87,
        "source_file": "wisata.xlsx, XLU5DC2A.xlsx",
        "address": "F7QR+9R4, Jl. Raya Dr. Ir. Sukarno, Pejeng, Kec. Tampaksiring, Kabupaten Gianyar, Bali 80552"
      },
      "geometry": {
        "type": "Point",
        "coordinates": [
          115.2924799,
          -8.5125718
        ]
      }
    },
    {
      "type": "Feature",
      "properties": {
        "name": "Puri Agung Sidan Gianyar",
        "category": "attractions",
        "region": "Gianyar Regency",
        "confidence": 0.9,
        "source_file": "wisata.xlsx, XLU5DC2A.xlsx",
        "address": "F89X+4J4, Unnamed Road, Sidan, Kec. Gianyar, Kabupaten Gianyar, Bali 80515"
      },
      "geometry": {
        "type": "Point",
        "coordinates": [
          115.3490688,
          -8.5322388
        ]
      }
    },
    {
      "type": "Feature",
      "properties": {
        "name": "Puri Wisata Gianyar Bali",
        "category": "hotels",
        "region": "Gianyar Regency",
        "confidence": 0.87,
        "source_file": "wisata.xlsx, XLU5DC2A.xlsx",
        "address": "Unnamed Road, Gianyar, Gianyar Regency, Bali 80515"
      },
      "geometry": {
        "type": "Point",
        "coordinates": [
          115.3268694,
          -8.5465355
        ]
      }
    },
    {
      "type": "Feature",
      "properties": {
        "name": "Pusdalops GIANYAR",
        "category": "kantor_pemerintahan_wilayah",
        "region": "Gianyar Regency",
        "confidence": 0.84,
        "source_file": "RZVRQ2SY.xlsx",
        "address": "F837+VPH, Jl. Dharma Giri, Buruan, Kec. Blahbatuh, Kabupaten Gianyar, Bali 80581"
      },
      "geometry": {
        "type": "Point",
        "coordinates": [
          115.3143448,
          -8.5453235
        ]
      }
    },
    {
      "type": "Feature",
      "properties": {
        "name": "Puskesmas Desa/ Desa Selat",
        "category": "pusat_kesehatan_masyarakat",
        "region": "Gianyar Regency",
        "confidence": 0.84,
        "source_file": "RZVRQ2SY.xlsx",
        "address": "F8CM+WWV, Samplangan, Kec. Gianyar, Kabupaten Gianyar, Bali 80512"
      },
      "geometry": {
        "type": "Point",
        "coordinates": [
          115.3348045,
          -8.5276461
        ]
      }
    },
    {
      "type": "Feature",
      "properties": {
        "name": "Puskesmas Pembantu Tegal Tugu",
        "category": "pusat_kesehatan_masyarakat",
        "region": "Gianyar Regency",
        "confidence": 0.84,
        "source_file": "RZVRQ2SY.xlsx",
        "address": "Jl. Ratna VIII No.6B, Tegal Tugu, Kec. Gianyar, Kabupaten Gianyar, Bali 80515"
      },
      "geometry": {
        "type": "Point",
        "coordinates": [
          115.3340152,
          -8.5519564
        ]
      }
    },
    {
      "type": "Feature",
      "properties": {
        "name": "ROYAL HONEY SAKAH",
        "category": "attractions",
        "region": "Gianyar Regency",
        "confidence": 0.9,
        "source_file": "wisata.xlsx, XLU5DC2A.xlsx",
        "address": "Batuan Kaler, Sukawati, Gianyar Regency, Bali 80582"
      },
      "geometry": {
        "type": "Point",
        "coordinates": [
          115.2749397,
          -8.5680697
        ]
      }
    },
    {
      "type": "Feature",
      "properties": {
        "name": "Relief Bebitra",
        "category": "attractions",
        "region": "Gianyar Regency",
        "confidence": 0.9,
        "source_file": "wisata.xlsx, XLU5DC2A.xlsx",
        "address": "F868+MCJ, Bitera, Gianyar, Gianyar Regency, Bali 80515"
      },
      "geometry": {
        "type": "Point",
        "coordinates": [
          115.3168869,
          -8.5391562
        ]
      }
    },
    {
      "type": "Feature",
      "properties": {
        "name": "Ruang Perencanaan RSUD Sanjiwani",
        "category": "kantor_pemerintah",
        "region": "Gianyar Regency",
        "confidence": 0.84,
        "source_file": "RZVRQ2SY.xlsx",
        "address": "F87C+7M8, Gianyar, Kec. Gianyar, Kabupaten Gianyar, Bali"
      },
      "geometry": {
        "type": "Point",
        "coordinates": [
          115.3216927,
          -8.5368467
        ]
      }
    },
    {
      "type": "Feature",
      "properties": {
        "name": "Rumah pak guna",
        "category": "kantor_pemerintah",
        "region": "Gianyar Regency",
        "confidence": 0.84,
        "source_file": "RZVRQ2SY.xlsx",
        "address": "F86H+XW2, Bnjr sampiang, Gianyar, Kec. Gianyar, Kabupaten Gianyar, Bali"
      },
      "geometry": {
        "type": "Point",
        "coordinates": [
          115.3297513,
          -8.5376045
        ]
      }
    },
    {
      "type": "Feature",
      "properties": {
        "name": "SBs Canary",
        "category": "peternak",
        "region": "Gianyar Regency",
        "confidence": 0.84,
        "source_file": "RZVRQ2SY.xlsx",
        "address": "F896+8WV, Jl. Wani, Bitera, Kec. Gianyar, Kabupaten Gianyar, Bali 80515"
      },
      "geometry": {
        "type": "Point",
        "coordinates": [
          115.3123103,
          -8.5316474
        ]
      }
    },
    {
      "type": "Feature",
      "properties": {
        "name": "SD 1 Kelusa",
        "category": "sekolah_dasar",
        "region": "Gianyar Regency",
        "confidence": 0.84,
        "source_file": "M7E1PVJI.xlsx",
        "address": "H758+86F, Br yeh tengah, Kelusa, Kec. Payangan, Kabupaten Gianyar, Bali 80572"
      },
      "geometry": {
        "type": "Point",
        "coordinates": [
          115.2655583,
          -8.4416968
        ]
      }
    },
    {
      "type": "Feature",
      "properties": {
        "name": "SD 2 Melinggih",
        "category": "sekolah_menengah",
        "region": "Gianyar Regency",
        "confidence": 0.84,
        "source_file": "M7E1PVJI.xlsx",
        "address": "H66X+HH3, Melinggih, Payangan, Gianyar Regency, Bali 80572"
      },
      "geometry": {
        "type": "Point",
        "coordinates": [
          115.2489224,
          -8.4386178
        ]
      }
    },
    {
      "type": "Feature",
      "properties": {
        "name": "SD 6 Batubulan",
        "category": "sekolah_dasar",
        "region": "Gianyar Regency",
        "confidence": 0.84,
        "source_file": "LZIT5G8W.xlsx",
        "address": "97Q5+GJ7 Jalan Smki, jl. Ulun Suwi, Jl. Pagutan Kelod No.Br, Batubulan, Kec. Sukawati, Kabupaten Gianyar, Bali 80582"
      },
      "geometry": {
        "type": "Point",
        "coordinates": [
          115.2592163,
          -8.6111098
        ]
      }
    },
    {
      "type": "Feature",
      "properties": {
        "name": "SD N 3 KEDEWATAN",
        "category": "secondary_school",
        "region": "Gianyar Regency",
        "confidence": 0.84,
        "source_file": "M7E1PVJI.xlsx",
        "address": "G6HX+PRH, Kedewatan, Ubud, Gianyar Regency, Bali 80571"
      },
      "geometry": {
        "type": "Point",
        "coordinates": [
          115.2495956,
          -8.4706773
        ]
      }
    },
    {
      "type": "Feature",
      "properties": {
        "name": "SD N 3 MELINGGIH",
        "category": "school",
        "region": "Gianyar Regency",
        "confidence": 0.84,
        "source_file": "M7E1PVJI.xlsx",
        "address": "Jl. Raya Ps. Griya No.71, Melinggih, Kec. Payangan, Kabupaten Gianyar, Bali 80572"
      },
      "geometry": {
        "type": "Point",
        "coordinates": [
          115.2474323,
          -8.4338965
        ]
      }
    },
    {
      "type": "Feature",
      "properties": {
        "name": "SD N 3 Singakerta",
        "category": "sekolah_dasar",
        "region": "Gianyar Regency",
        "confidence": 0.84,
        "source_file": "M7E1PVJI.xlsx",
        "address": "F6FR+6QG, Singakerta, Ubud, Gianyar Regency, Bali 80571"
      },
      "geometry": {
        "type": "Point",
        "coordinates": [
          115.24194,
          -8.5269292
        ]
      }
    },
    {
      "type": "Feature",
      "properties": {
        "name": "SD N 5 Melinggih",
        "category": "sekolah_dasar",
        "region": "Gianyar Regency",
        "confidence": 0.84,
        "source_file": "LZIT5G8W.xlsx, M7E1PVJI.xlsx",
        "address": "H69R+QRH, Melinggih, Kec. Payangan, Kabupaten Gianyar, Bali 80572"
      },
      "geometry": {
        "type": "Point",
        "coordinates": [
          115.2421149,
          -8.4305616
        ]
      }
    },
    {
      "type": "Feature",
      "properties": {
        "name": "SD N 5 Singakerta",
        "category": "sekolah_dasar",
        "region": "Gianyar Regency",
        "confidence": 0.84,
        "source_file": "M7E1PVJI.xlsx",
        "address": "Jl. Raya Br. Tunon No.4, Singakerta, Kecamatan Ubud, Kabupaten Gianyar, Bali 80352"
      },
      "geometry": {
        "type": "Point",
        "coordinates": [
          115.2375355,
          -8.5388948
        ]
      }
    },
    {
      "type": "Feature",
      "properties": {
        "name": "SD N1 TEGALLALANG",
        "category": "sekolah_dasar",
        "region": "Gianyar Regency",
        "confidence": 0.84,
        "source_file": "LZIT5G8W.xlsx",
        "address": "G7QG+PWC, Tegallalang, Kec. Tegallalang, Kabupaten Gianyar, Bali 80561"
      },
      "geometry": {
        "type": "Point",
        "coordinates": [
          115.2772569,
          -8.4606993
        ]
      }
    },
    {
      "type": "Feature",
      "properties": {
        "name": "SD NEGERI 1 BONA",
        "category": "sekolah_dasar",
        "region": "Gianyar Regency",
        "confidence": 0.84,
        "source_file": "LZIT5G8W.xlsx",
        "address": "C8V7+CVF, Unnamed Road, Bona, Kec. Blahbatuh, Kabupaten Gianyar, Bali 80581"
      },
      "geometry": {
        "type": "Point",
        "coordinates": [
          115.3146629,
          -8.5564403
        ]
      }
    },
    {
      "type": "Feature",
      "properties": {
        "name": "SD NEGERI 2 PEJENG KANGIN",
        "category": "sekolah_dasar",
        "region": "Gianyar Regency",
        "confidence": 0.84,
        "source_file": "LZIT5G8W.xlsx",
        "address": "Jl. Raya Pejeng Kangin No.8, Pejeng Kangin, Kec. Tampaksiring, Kabupaten Gianyar, Bali 80552"
      },
      "geometry": {
        "type": "Point",
        "coordinates": [
          115.2977811,
          -8.4882602
        ]
      }
    },
    {
      "type": "Feature",
      "properties": {
        "name": "SD NEGERI 3 BUAHAN",
        "category": "sekolah_dasar",
        "region": "Gianyar Regency",
        "confidence": 0.84,
        "source_file": "LZIT5G8W.xlsx, M7E1PVJI.xlsx",
        "address": "Jl. Raya, Buahan, Kec. Payangan, Kabupaten Gianyar, Bali 80572"
      },
      "geometry": {
        "type": "Point",
        "coordinates": [
          115.2367796,
          -8.3954668
        ]
      }
    },
    {
      "type": "Feature",
      "properties": {
        "name": "SD NEGERI 3 KENDERAN",
        "category": "sekolah_dasar",
        "region": "Gianyar Regency",
        "confidence": 0.84,
        "source_file": "LZIT5G8W.xlsx",
        "address": "G7JP+W7F, Kenderan, Kec. Tegallalang, Kabupaten Gianyar, Bali 80561"
      },
      "geometry": {
        "type": "Point",
        "coordinates": [
          115.2856574,
          -8.4676927
        ]
      }
    },
    {
      "type": "Feature",
      "properties": {
        "name": "SD NEGERI 3 PEJENG",
        "category": "sekolah_dasar",
        "region": "Gianyar Regency",
        "confidence": 0.84,
        "source_file": "LZIT5G8W.xlsx, M7E1PVJI.xlsx",
        "address": "SD Negeri 3, Br.Puseh, Pejeng, Kec. Tampaksiring, Kabupaten Gianyar, Bali 80552"
      },
      "geometry": {
        "type": "Point",
        "coordinates": [
          115.2907512,
          -8.5107953
        ]
      }
    },
    {
      "type": "Feature",
      "properties": {
        "name": "SD NEGERI 3 PETULU",
        "category": "sekolah_dasar",
        "region": "Gianyar Regency",
        "confidence": 0.84,
        "source_file": "LZIT5G8W.xlsx",
        "address": "Jl. Raya Laplapan, Pejeng Kawan, Kec. Tampaksiring, Kabupaten Gianyar, Bali 80552"
      },
      "geometry": {
        "type": "Point",
        "coordinates": [
          115.2804064,
          -8.4979935
        ]
      }
    },
    {
      "type": "Feature",
      "properties": {
        "name": "SD NEGERI 4 KEDEWATAN",
        "category": "sekolah_dasar",
        "region": "Gianyar Regency",
        "confidence": 0.84,
        "source_file": "LZIT5G8W.xlsx, M7E1PVJI.xlsx",
        "address": "G6PX+347, Jl. Raya Kedewatan, Kedewatan, Kecamatan Ubud, Kabupaten Gianyar, Bali 80571"
      },
      "geometry": {
        "type": "Point",
        "coordinates": [
          115.2478813,
          -8.4647987
        ]
      }
    },
    {
      "type": "Feature",
      "properties": {
        "name": "SD Negeri 02 Petulu",
        "category": "sekolah_dasar",
        "region": "Gianyar Regency",
        "confidence": 0.84,
        "source_file": "LZIT5G8W.xlsx, M7E1PVJI.xlsx",
        "address": "G75F+G98, Jl. Raya Petulu, Banjar, Petulu, Kecamatan Ubud, Kabupaten Gianyar, Bali 80571"
      },
      "geometry": {
        "type": "Point",
        "coordinates": [
          115.2734467,
          -8.491207
        ]
      }
    },
    {
      "type": "Feature",
      "properties": {
        "name": "SD Negeri 1 Bedulu",
        "category": "elementary_school",
        "region": "Gianyar Regency",
        "confidence": 0.84,
        "source_file": "M7E1PVJI.xlsx",
        "address": "F7GX+3PJ, Bedulu, Blahbatuh, Gianyar Regency, Bali 80581"
      },
      "geometry": {
        "type": "Point",
        "coordinates": [
          115.29926,
          -8.5247789
        ]
      }
    },
    {
      "type": "Feature",
      "properties": {
        "name": "SD Negeri 1 Belega",
        "category": "sekolah_dasar",
        "region": "Gianyar Regency",
        "confidence": 0.84,
        "source_file": "LZIT5G8W.xlsx",
        "address": "C8M5+VH5, Belega, Kec. Blahbatuh, Kabupaten Gianyar, Bali 80581"
      },
      "geometry": {
        "type": "Point",
        "coordinates": [
          115.3089693,
          -8.565363
        ]
      }
    },
    {
      "type": "Feature",
      "properties": {
        "name": "SD Negeri 1 Bitera",
        "category": "sekolah_dasar",
        "region": "Gianyar Regency",
        "confidence": 0.84,
        "source_file": "LZIT5G8W.xlsx",
        "address": "F888+4M6, Jl. Kaliasem, Gianyar, Kec. Gianyar, Kabupaten Gianyar, Bali 80511"
      },
      "geometry": {
        "type": "Point",
        "coordinates": [
          115.3166552,
          -8.5347009
        ]
      }
    },
    {
      "type": "Feature",
      "properties": {
        "name": "SD Negeri 1 Bresela",
        "category": "sekolah_dasar",
        "region": "Gianyar Regency",
        "confidence": 0.84,
        "source_file": "LZIT5G8W.xlsx, M7E1PVJI.xlsx",
        "address": "H7GC+FFV, Jl. Raya Bresela, Bresela, Kec. Payangan, Kabupaten Gianyar, Bali 80572"
      },
      "geometry": {
        "type": "Point",
        "coordinates": [
          115.2711689,
          -8.4237673
        ]
      }
    },
    {
      "type": "Feature",
      "properties": {
        "name": "SD Negeri 1 Kedewatan",
        "category": "sekolah_dasar",
        "region": "Gianyar Regency",
        "confidence": 0.84,
        "source_file": "LZIT5G8W.xlsx, M7E1PVJI.xlsx",
        "address": "Jl. Raya Kedewatan, Kedewatan, Kecamatan Ubud, Kabupaten Gianyar, Bali"
      },
      "geometry": {
        "type": "Point",
        "coordinates": [
          115.2467142,
          -8.4813856
        ]
      }
    },
    {
      "type": "Feature",
      "properties": {
        "name": "SD Negeri 1 Keliki",
        "category": "elementary_school",
        "region": "Gianyar Regency",
        "confidence": 0.84,
        "source_file": "LZIT5G8W.xlsx, M7E1PVJI.xlsx",
        "address": "H727+V97, Jl. Raya Keliki, Keliki, Kec. Tegallalang, Kabupaten Gianyar, Bali 80561"
      },
      "geometry": {
        "type": "Point",
        "coordinates": [
          115.2634356,
          -8.4478439
        ]
      }
    },
    {
      "type": "Feature",
      "properties": {
        "name": "SD Negeri 1 Kemenuh",
        "category": "sekolah_dasar",
        "region": "Gianyar Regency",
        "confidence": 0.84,
        "source_file": "LZIT5G8W.xlsx",
        "address": "C7WM+FQJ, Kemenuh, Kec. Sukawati, Kabupaten Gianyar, Bali 80582"
      },
      "geometry": {
        "type": "Point",
        "coordinates": [
          115.2844009,
          -8.5537922
        ]
      }
    },
    {
      "type": "Feature",
      "properties": {
        "name": "SD Negeri 1 MAS",
        "category": "sekolah_dasar",
        "region": "Gianyar Regency",
        "confidence": 0.84,
        "source_file": "LZIT5G8W.xlsx",
        "address": "Gg. Hawai No.8, Mas, Kecamatan Ubud, Kabupaten Gianyar, Bali 80571"
      },
      "geometry": {
        "type": "Point",
        "coordinates": [
          115.2739994,
          -8.5470377
        ]
      }
    },
    {
      "type": "Feature",
      "properties": {
        "name": "SD Negeri 1 Melinggih",
        "category": "sekolah_dasar",
        "region": "Gianyar Regency",
        "confidence": 0.84,
        "source_file": "LZIT5G8W.xlsx, M7E1PVJI.xlsx",
        "address": "H69V+2QP, Melinggih, Kec. Payangan, Kabupaten Gianyar, Bali 80572"
      },
      "geometry": {
        "type": "Point",
        "coordinates": [
          115.2444472,
          -8.4324197
        ]
      }
    },
    {
      "type": "Feature",
      "properties": {
        "name": "SD Negeri 1 Pejeng",
        "category": "elementary_school",
        "region": "Gianyar Regency",
        "confidence": 0.84,
        "source_file": "LZIT5G8W.xlsx",
        "address": "F7PV+RCR, Jl. Raya Dr. Ir. Sukarno, Pejeng, Kec. Tampaksiring, Kabupaten Gianyar, Bali 80552"
      },
      "geometry": {
        "type": "Point",
        "coordinates": [
          115.2935023,
          -8.5128953
        ]
      }
    },
    {
      "type": "Feature",
      "properties": {
        "name": "SD Negeri 1 Pejeng Kangin",
        "category": "sekolah_dasar",
        "region": "Gianyar Regency",
        "confidence": 0.84,
        "source_file": "LZIT5G8W.xlsx",
        "address": "G883+W39, Pejeng Kangin, Kec. Tampaksiring, Kabupaten Gianyar, Bali 80552"
      },
      "geometry": {
        "type": "Point",
        "coordinates": [
          115.302742,
          -8.4827089
        ]
      }
    },
    {
      "type": "Feature",
      "properties": {
        "name": "SD Negeri 1 Peliatan",
        "category": "sekolah_dasar",
        "region": "Gianyar Regency",
        "confidence": 0.84,
        "source_file": "LZIT5G8W.xlsx, M7E1PVJI.xlsx",
        "address": "F7H9+347, Jl. Cok Gede Rai, Peliatan, Kecamatan Ubud, Kabupaten Gianyar, Bali 80571"
      },
      "geometry": {
        "type": "Point",
        "coordinates": [
          115.2677976,
          -8.5223474
        ]
      }
    },
    {
      "type": "Feature",
      "properties": {
        "name": "SD Negeri 1 Petak Kaja",
        "category": "sekolah_dasar",
        "region": "Gianyar Regency",
        "confidence": 0.84,
        "source_file": "LZIT5G8W.xlsx",
        "address": "G8W9+VC6, Petak Kaja, Kec. Gianyar, Kabupaten Gianyar, Bali 84511"
      },
      "geometry": {
        "type": "Point",
        "coordinates": [
          115.3185262,
          -8.4528375
        ]
      }
    },
    {
      "type": "Feature",
      "properties": {
        "name": "SD Negeri 1 Sayan",
        "category": "sekolah_dasar",
        "region": "Gianyar Regency",
        "confidence": 0.84,
        "source_file": "LZIT5G8W.xlsx, M7E1PVJI.xlsx",
        "address": "F6VV+R4W, Jl. Raya Sayan, Sayan, Kecamatan Ubud, Kabupaten Gianyar, Bali 80571"
      },
      "geometry": {
        "type": "Point",
        "coordinates": [
          115.2428282,
          -8.5053904
        ]
      }
    },
    {
      "type": "Feature",
      "properties": {
        "name": "SD Negeri 1 Sebatu",
        "category": "sekolah_dasar",
        "region": "Gianyar Regency",
        "confidence": 0.84,
        "source_file": "LZIT5G8W.xlsx",
        "address": "J892+RP9, Jl. Br Jasan, Sebatu, Kec. Tegallalang, Kabupaten Gianyar, Bali 80561"
      },
      "geometry": {
        "type": "Point",
        "coordinates": [
          115.301862,
          -8.3804732
        ]
      }
    },
    {
      "type": "Feature",
      "properties": {
        "name": "SD Negeri 1 Siangan",
        "category": "sekolah_dasar",
        "region": "Gianyar Regency",
        "confidence": 0.84,
        "source_file": "LZIT5G8W.xlsx",
        "address": "F8R6+QW4, Siangan, Kec. Gianyar, Kabupaten Gianyar, Bali 80515"
      },
      "geometry": {
        "type": "Point",
        "coordinates": [
          115.3123181,
          -8.508121
        ]
      }
    },
    {
      "type": "Feature",
      "properties": {
        "name": "SD Negeri 1 Singapadu",
        "category": "sekolah_dasar",
        "region": "Gianyar Regency",
        "confidence": 0.84,
        "source_file": "LZIT5G8W.xlsx",
        "address": "C743+VVP, Jl. Raya Singapadu, Singapadu, Kec. Sukawati, Kabupaten Gianyar, Bali 80582"
      },
      "geometry": {
        "type": "Point",
        "coordinates": [
          115.2547002,
          -8.5927809
        ]
      }
    },
    {
      "type": "Feature",
      "properties": {
        "name": "SD Negeri 1 Ubud",
        "category": "sekolah_dasar",
        "region": "Gianyar Regency",
        "confidence": 0.84,
        "source_file": "LZIT5G8W.xlsx, M7E1PVJI.xlsx",
        "address": "Jl. Monkey Forest No.12, Ubud, Kecamatan Ubud, Kabupaten Gianyar, Bali 80571"
      },
      "geometry": {
        "type": "Point",
        "coordinates": [
          115.2612314,
          -8.5095742
        ]
      }
    },
    {
      "type": "Feature",
      "properties": {
        "name": "SD Negeri 1 serongga",
        "category": "sekolah_dasar",
        "region": "Gianyar Regency",
        "confidence": 0.84,
        "source_file": "LZIT5G8W.xlsx",
        "address": "Jl. Sakura, Serongga, Kec. Gianyar, Kabupaten Gianyar, Bali 80515"
      },
      "geometry": {
        "type": "Point",
        "coordinates": [
          115.3356761,
          -8.5655652
        ]
      }
    },
    {
      "type": "Feature",
      "properties": {
        "name": "SD Negeri 2 Batuan Kaler",
        "category": "elementary_school",
        "region": "Gianyar Regency",
        "confidence": 0.84,
        "source_file": "LZIT5G8W.xlsx",
        "address": "C7JH+FFH, Batuan Kaler, Kec. Sukawati, Kabupaten Gianyar, Bali 80582"
      },
      "geometry": {
        "type": "Point",
        "coordinates": [
          115.278743,
          -8.5688146
        ]
      }
    },
    {
      "type": "Feature",
      "properties": {
        "name": "SD Negeri 2 Bedulu",
        "category": "sekolah_dasar",
        "region": "Gianyar Regency",
        "confidence": 0.84,
        "source_file": "LZIT5G8W.xlsx",
        "address": "F7FV+QC9, Jl. Raya Bedulu, Bedulu, Kec. Blahbatuh, Kabupaten Gianyar, Bali 80581"
      },
      "geometry": {
        "type": "Point",
        "coordinates": [
          115.2935954,
          -8.5255953
        ]
      }
    },
    {
      "type": "Feature",
      "properties": {
        "name": "SD Negeri 2 Bitera",
        "category": "sekolah_dasar",
        "region": "Gianyar Regency",
        "confidence": 0.84,
        "source_file": "LZIT5G8W.xlsx",
        "address": "F878+G6R, Bitera, Kec. Gianyar, Kabupaten Gianyar, Bali"
      },
      "geometry": {
        "type": "Point",
        "coordinates": [
          115.3155173,
          -8.5361474
        ]
      }
    },
    {
      "type": "Feature",
      "properties": {
        "name": "SD Negeri 2 Blahbatuh",
        "category": "elementary_school",
        "region": "Gianyar Regency",
        "confidence": 0.84,
        "source_file": "LZIT5G8W.xlsx",
        "address": "Jl. Pulau Jawa No.8, Blahbatuh, Kec. Blahbatuh, Kabupaten Gianyar, Bali 80581"
      },
      "geometry": {
        "type": "Point",
        "coordinates": [
          115.2998756,
          -8.5618938
        ]
      }
    },
    {
      "type": "Feature",
      "properties": {
        "name": "SD Negeri 2 Bresela",
        "category": "sekolah_dasar",
        "region": "Gianyar Regency",
        "confidence": 0.84,
        "source_file": "LZIT5G8W.xlsx, M7E1PVJI.xlsx",
        "address": "H79C+7X7, Jl. Raya, Gadungan, Beresela, Payangan, Gianyar Regency, Bali 80572"
      },
      "geometry": {
        "type": "Point",
        "coordinates": [
          115.2724187,
          -8.4318331
        ]
      }
    },
    {
      "type": "Feature",
      "properties": {
        "name": "SD Negeri 2 Gianyar",
        "category": "sekolah_dasar",
        "region": "Gianyar Regency",
        "confidence": 0.84,
        "source_file": "LZIT5G8W.xlsx",
        "address": "Jl. Ratna No.2, Tegal Tugu, Kec. Gianyar, Kabupaten Gianyar, Bali 80511"
      },
      "geometry": {
        "type": "Point",
        "coordinates": [
          115.3332092,
          -8.542839
        ]
      }
    },
    {
      "type": "Feature",
      "properties": {
        "name": "SD Negeri 2 Kemenuh",
        "category": "sekolah_dasar",
        "region": "Gianyar Regency",
        "confidence": 0.84,
        "source_file": "LZIT5G8W.xlsx, M7E1PVJI.xlsx",
        "address": "Kemenuh, Kec. Sukawati, Kabupaten Gianyar, Bali 80582"
      },
      "geometry": {
        "type": "Point",
        "coordinates": [
          115.2823635,
          -8.5320785
        ]
      }
    },
    {
      "type": "Feature",
      "properties": {
        "name": "SD Negeri 2 Kenderan",
        "category": "sekolah_dasar",
        "region": "Gianyar Regency",
        "confidence": 0.84,
        "source_file": "LZIT5G8W.xlsx",
        "address": "H77V+QC7, Kenderan, Kec. Tegallalang, Kabupaten Gianyar, Bali 80561"
      },
      "geometry": {
        "type": "Point",
        "coordinates": [
          115.2935386,
          -8.4355826
        ]
      }
    },
    {
      "type": "Feature",
      "properties": {
        "name": "SD Negeri 2 Peliatan",
        "category": "elementary_school",
        "region": "Gianyar Regency",
        "confidence": 0.84,
        "source_file": "LZIT5G8W.xlsx, M7E1PVJI.xlsx",
        "address": "F7J8+46Q, Jl. Sukma Kesuma, Peliatan, Kecamatan Ubud, Kabupaten Gianyar, Bali 80571"
      },
      "geometry": {
        "type": "Point",
        "coordinates": [
          115.265624,
          -8.5196624
        ]
      }
    },
    {
      "type": "Feature",
      "properties": {
        "name": "SD Negeri 2 Sayan",
        "category": "elementary_school",
        "region": "Gianyar Regency",
        "confidence": 0.84,
        "source_file": "LZIT5G8W.xlsx",
        "address": "F6RR+2C6, Jl. Raya Sayan, Sayan, Kecamatan Ubud, Kabupaten Gianyar, Bali 80571"
      },
      "geometry": {
        "type": "Point",
        "coordinates": [
          115.2409726,
          -8.5099122
        ]
      }
    },
    {
      "type": "Feature",
      "properties": {
        "name": "SD Negeri 2 Singapadu Kaler",
        "category": "sekolah_dasar",
        "region": "Gianyar Regency",
        "confidence": 0.84,
        "source_file": "LZIT5G8W.xlsx, M7E1PVJI.xlsx",
        "address": "F62R+547, Singapadu Kaler, Kec. Sukawati, Kabupaten Gianyar, Bali 80352"
      },
      "geometry": {
        "type": "Point",
        "coordinates": [
          115.2403006,
          -8.5495809
        ]
      }
    },
    {
      "type": "Feature",
      "properties": {
        "name": "SD Negeri 2 Taro",
        "category": "sekolah_dasar",
        "region": "Gianyar Regency",
        "confidence": 0.84,
        "source_file": "LZIT5G8W.xlsx",
        "address": "Br. Ked Taro, Taro, Kec. Tegallalang, Kabupaten Gianyar, Bali 80561"
      },
      "geometry": {
        "type": "Point",
        "coordinates": [
          115.2795232,
          -8.4059225
        ]
      }
    },
    {
      "type": "Feature",
      "properties": {
        "name": "SD Negeri 2 Tegallalang",
        "category": "sekolah_dasar",
        "region": "Gianyar Regency",
        "confidence": 0.84,
        "source_file": "LZIT5G8W.xlsx, M7E1PVJI.xlsx",
        "address": "H72H+825, Tegallalang, Kec. Tegallalang, Kabupaten Gianyar, Bali 80561"
      },
      "geometry": {
        "type": "Point",
        "coordinates": [
          115.2776209,
          -8.449228
        ]
      }
    },
    {
      "type": "Feature",
      "properties": {
        "name": "SD Negeri 2 Ubud",
        "category": "sekolah_dasar",
        "region": "Gianyar Regency",
        "confidence": 0.84,
        "source_file": "LZIT5G8W.xlsx, M7E1PVJI.xlsx",
        "address": "G7C8+599, Jl. Suweta, Ubud, Kecamatan Ubud, Kabupaten Gianyar, Bali 80571"
      },
      "geometry": {
        "type": "Point",
        "coordinates": [
          115.2659865,
          -8.4795793
        ]
      }
    },
    {
      "type": "Feature",
      "properties": {
        "name": "SD Negeri 3 Bedulu",
        "category": "sekolah_dasar",
        "region": "Gianyar Regency",
        "confidence": 0.84,
        "source_file": "LZIT5G8W.xlsx",
        "address": "F893+6WM, Bedulu, Kec. Blahbatuh, Kabupaten Gianyar, Bali 80581"
      },
      "geometry": {
        "type": "Point",
        "coordinates": [
          115.3047892,
          -8.5319038
        ]
      }
    },
    {
      "type": "Feature",
      "properties": {
        "name": "SD Negeri 3 Belega",
        "category": "sekolah_dasar",
        "region": "Gianyar Regency",
        "confidence": 0.84,
        "source_file": "LZIT5G8W.xlsx",
        "address": "C8R5+XQ2 Depan Perumahan BTN Multi, Jl. Setra ,Br.Jasri, Belega, Kec. Blahbatuh, Kabupaten Gianyar, Bali 80581"
      },
      "geometry": {
        "type": "Point",
        "coordinates": [
          115.309387,
          -8.5576133
        ]
      }
    },
    {
      "type": "Feature",
      "properties": {
        "name": "SD Negeri 3 Bona",
        "category": "sekolah_dasar",
        "region": "Gianyar Regency",
        "confidence": 0.84,
        "source_file": "LZIT5G8W.xlsx",
        "address": "C8V9+96F, Jl. Raya Bona, kebon, Kec. Blahbatuh, Kabupaten Gianyar, Bali 80581"
      },
      "geometry": {
        "type": "Point",
        "coordinates": [
          115.3180565,
          -8.5565673
        ]
      }
    },
    {
      "type": "Feature",
      "properties": {
        "name": "SD Negeri 3 Bukian",
        "category": "sekolah_dasar",
        "region": "Gianyar Regency",
        "confidence": 0.84,
        "source_file": "LZIT5G8W.xlsx, M7E1PVJI.xlsx",
        "address": "H7F2+655, Bukian, Kec. Payangan, Kabupaten Gianyar, Bali 80572"
      },
      "geometry": {
        "type": "Point",
        "coordinates": [
          115.2504887,
          -8.4269938
        ]
      }
    },
    {
      "type": "Feature",
      "properties": {
        "name": "SD Negeri 3 Buruan",
        "category": "sekolah_dasar",
        "region": "Gianyar Regency",
        "confidence": 0.84,
        "source_file": "LZIT5G8W.xlsx",
        "address": "F842+CRR, Buruan, Kec. Blahbatuh, Kabupaten Gianyar, Bali 80581"
      },
      "geometry": {
        "type": "Point",
        "coordinates": [
          115.3020256,
          -8.5438892
        ]
      }
    },
    {
      "type": "Feature",
      "properties": {
        "name": "SD Negeri 3 Kelusa",
        "category": "sekolah_dasar",
        "region": "Gianyar Regency",
        "confidence": 0.84,
        "source_file": "LZIT5G8W.xlsx",
        "address": "H754+M69, Kelusa, Kec. Payangan, Kabupaten Gianyar, Bali 80572"
      },
      "geometry": {
        "type": "Point",
        "coordinates": [
          115.2556063,
          -8.4408376
        ]
      }
    },
    {
      "type": "Feature",
      "properties": {
        "name": "SD Negeri 3 Manukaya",
        "category": "sekolah_dasar",
        "region": "Gianyar Regency",
        "confidence": 0.84,
        "source_file": "LZIT5G8W.xlsx",
        "address": "J86C+RWM, Jl. Melati, Manukaya, Kec. Tampaksiring, Kabupaten Gianyar, Bali 80552"
      },
      "geometry": {
        "type": "Point",
        "coordinates": [
          115.3222924,
          -8.3879174
        ]
      }
    },
    {
      "type": "Feature",
      "properties": {
        "name": "SD Negeri 3 Pejeng Kawan",
        "category": "elementary_school",
        "region": "Gianyar Regency",
        "confidence": 0.84,
        "source_file": "LZIT5G8W.xlsx",
        "address": "F7QJ+G9Q, Banjar Laplapan, dukuh geria, Pejeng Kawan, Kec. Tampaksiring, Kabupaten Gianyar, Bali 80552"
      },
      "geometry": {
        "type": "Point",
        "coordinates": [
          115.2809741,
          -8.5111578
        ]
      }
    },
    {
      "type": "Feature",
      "properties": {
        "name": "SD Negeri 3 Peliatan",
        "category": "sekolah_dasar",
        "region": "Gianyar Regency",
        "confidence": 0.84,
        "source_file": "LZIT5G8W.xlsx, M7E1PVJI.xlsx",
        "address": "Jl. Raya Teges No.17, Peliatan, Kecamatan Ubud, Kabupaten Gianyar, Bali 80571"
      },
      "geometry": {
        "type": "Point",
        "coordinates": [
          115.272208,
          -8.5237501
        ]
      }
    },
    {
      "type": "Feature",
      "properties": {
        "name": "SD Negeri 3 Sebatu",
        "category": "sekolah_dasar",
        "region": "Gianyar Regency",
        "confidence": 0.84,
        "source_file": "LZIT5G8W.xlsx",
        "address": "Jl. Raya Bilukan No.25, Sebatu, Kec. Tegallalang, Kabupaten Gianyar, Bali 80561"
      },
      "geometry": {
        "type": "Point",
        "coordinates": [
          115.2961913,
          -8.4040062
        ]
      }
    },
    {
      "type": "Feature",
      "properties": {
        "name": "SD Negeri 3 Singapadu",
        "category": "sekolah_dasar",
        "region": "Gianyar Regency",
        "confidence": 0.84,
        "source_file": "LZIT5G8W.xlsx",
        "address": "C766+H6Q, Jl. Pasekan, Singapadu, Kec. Sukawati, Kabupaten Gianyar, Bali 80582"
      },
      "geometry": {
        "type": "Point",
        "coordinates": [
          115.2611846,
          -8.5896567
        ]
      }
    },
    {
      "type": "Feature",
      "properties": {
        "name": "SD Negeri 3 Sukawati",
        "category": "sekolah_dasar",
        "region": "Gianyar Regency",
        "confidence": 0.84,
        "source_file": "LZIT5G8W.xlsx",
        "address": "97XR+XJP, Jl. Pantai Purnama, Sukawati, Kec. Sukawati, Kabupaten Gianyar, Bali 80582"
      },
      "geometry": {
        "type": "Point",
        "coordinates": [
          115.2915666,
          -8.6000355
        ]
      }
    },
    {
      "type": "Feature",
      "properties": {
        "name": "SD Negeri 3 Tegallalang",
        "category": "sekolah_dasar",
        "region": "Gianyar Regency",
        "confidence": 0.84,
        "source_file": "LZIT5G8W.xlsx",
        "address": "Jl. Raya Tegallalang No.88x, Tegallalang, Kec. Tegallalang, Kabupaten Gianyar, Bali 80561"
      },
      "geometry": {
        "type": "Point",
        "coordinates": [
          115.2776674,
          -8.4519082
        ]
      }
    },
    {
      "type": "Feature",
      "properties": {
        "name": "SD Negeri 4 Bedulu",
        "category": "sekolah_dasar",
        "region": "Gianyar Regency",
        "confidence": 0.84,
        "source_file": "LZIT5G8W.xlsx, M7E1PVJI.xlsx",
        "address": "F7CR+W43, Bedulu, Kec. Blahbatuh, Kabupaten Gianyar, Bali 80851"
      },
      "geometry": {
        "type": "Point",
        "coordinates": [
          115.2902924,
          -8.5277429
        ]
      }
    },
    {
      "type": "Feature",
      "properties": {
        "name": "SD Negeri 4 Blahbatuh",
        "category": "sekolah_dasar",
        "region": "Gianyar Regency",
        "confidence": 0.84,
        "source_file": "LZIT5G8W.xlsx",
        "address": "C7QX+FQV, Blahbatuh, Kec. Blahbatuh, Kabupaten Gianyar, Bali 80581"
      },
      "geometry": {
        "type": "Point",
        "coordinates": [
          115.2994322,
          -8.5612671
        ]
      }
    },
    {
      "type": "Feature",
      "properties": {
        "name": "SD Negeri 4 Gianyar",
        "category": "sekolah_dasar",
        "region": "Gianyar Regency",
        "confidence": 0.84,
        "source_file": "LZIT5G8W.xlsx",
        "address": "F87J+G22, Jl. Kalantaka, Gianyar, Kec. Gianyar, Kabupaten Gianyar, Bali 80511"
      },
      "geometry": {
        "type": "Point",
        "coordinates": [
          115.3300115,
          -8.5362431
        ]
      }
    },
    {
      "type": "Feature",
      "properties": {
        "name": "SD Negeri 4 Singakerta",
        "category": "sekolah_dasar",
        "region": "Gianyar Regency",
        "confidence": 0.84,
        "source_file": "LZIT5G8W.xlsx, M7E1PVJI.xlsx",
        "address": "F6CW+R8J, Jl. Raya Singakerta, Singakerta, Kecamatan Ubud, Kabupaten Gianyar, Bali 80571"
      },
      "geometry": {
        "type": "Point",
        "coordinates": [
          115.2457633,
          -8.5279215
        ]
      }
    },
    {
      "type": "Feature",
      "properties": {
        "name": "SD Negeri 4 Singapadu Kaler",
        "category": "sekolah_dasar",
        "region": "Gianyar Regency",
        "confidence": 0.84,
        "source_file": "LZIT5G8W.xlsx",
        "address": "C6XX+666, Br. Belang, Singapadu Kaler, Kec. Sukawati, Kabupaten Gianyar, Bali 80582"
      },
      "geometry": {
        "type": "Point",
        "coordinates": [
          115.2480198,
          -8.5519692
        ]
      }
    },
    {
      "type": "Feature",
      "properties": {
        "name": "SD Negeri 4 Sukawati",
        "category": "sekolah_dasar",
        "region": "Gianyar Regency",
        "confidence": 0.84,
        "source_file": "LZIT5G8W.xlsx",
        "address": "Jl. Lettu Nengah Duaji No.56, Sukawati, Kec. Sukawati, Kabupaten Gianyar, Bali 80582"
      },
      "geometry": {
        "type": "Point",
        "coordinates": [
          115.2783625,
          -8.5949526
        ]
      }
    },
    {
      "type": "Feature",
      "properties": {
        "name": "SD Negeri 4 Tegallalang",
        "category": "sekolah_dasar",
        "region": "Gianyar Regency",
        "confidence": 0.84,
        "source_file": "LZIT5G8W.xlsx",
        "address": "G79H+PR5, Jl. Raya Kendran, Tegallalang, Kec. Tegallalang, Kabupaten Gianyar, Bali 80561"
      },
      "geometry": {
        "type": "Point",
        "coordinates": [
          115.2796109,
          -8.480745
        ]
      }
    },
    {
      "type": "Feature",
      "properties": {
        "name": "SD Negeri 5 Sayan",
        "category": "sekolah_dasar",
        "region": "Gianyar Regency",
        "confidence": 0.84,
        "source_file": "LZIT5G8W.xlsx",
        "address": "Jl. Penestanan No.9, Sayan, Kecamatan Ubud, Kabupaten Gianyar, Bali 80571"
      },
      "geometry": {
        "type": "Point",
        "coordinates": [
          115.2467874,
          -8.5039296
        ]
      }
    },
    {
      "type": "Feature",
      "properties": {
        "name": "SD Negeri 5 Ubud",
        "category": "sekolah_dasar",
        "region": "Gianyar Regency",
        "confidence": 0.84,
        "source_file": "LZIT5G8W.xlsx, M7E1PVJI.xlsx",
        "address": "G727+RRP, Ubud, Kecamatan Ubud, Kabupaten Gianyar, Bali"
      },
      "geometry": {
        "type": "Point",
        "coordinates": [
          115.2645626,
          -8.4980558
        ]
      }
    },
    {
      "type": "Feature",
      "properties": {
        "name": "SD Negeri 6 Singakerta",
        "category": "sekolah_dasar",
        "region": "Gianyar Regency",
        "confidence": 0.84,
        "source_file": "LZIT5G8W.xlsx, M7E1PVJI.xlsx",
        "address": "F792+XCM, Singakerta, Kecamatan Ubud, Kabupaten Gianyar, Bali 80571"
      },
      "geometry": {
        "type": "Point",
        "coordinates": [
          115.2510329,
          -8.5300268
        ]
      }
    },
    {
      "type": "Feature",
      "properties": {
        "name": "SD Negeri 6 Tegallalang",
        "category": "sekolah_dasar",
        "region": "Gianyar Regency",
        "confidence": 0.84,
        "source_file": "LZIT5G8W.xlsx, M7E1PVJI.xlsx",
        "address": "G7J8+93Q, Kelabang Moding, Tegallalang, Kec. Tegallalang, Kabupaten Gianyar, Bali 80571"
      },
      "geometry": {
        "type": "Point",
        "coordinates": [
          115.2652324,
          -8.4690337
        ]
      }
    },
    {
      "type": "Feature",
      "properties": {
        "name": "SD Negeri 7 Batubulan",
        "category": "sekolah_dasar",
        "region": "Gianyar Regency",
        "confidence": 0.84,
        "source_file": "LZIT5G8W.xlsx",
        "address": "97M3+2WJ, Batubulan, Kec. Sukawati, Kabupaten Gianyar, Bali 80582"
      },
      "geometry": {
        "type": "Point",
        "coordinates": [
          115.2547786,
          -8.617409
        ]
      }
    },
    {
      "type": "Feature",
      "properties": {
        "name": "SD Negeri 7 Mas",
        "category": "elementary_school",
        "region": "Gianyar Regency",
        "confidence": 0.84,
        "source_file": "LZIT5G8W.xlsx, M7E1PVJI.xlsx",
        "address": "Jl. Nyuh Bulan No.24, Mas, Kecamatan Ubud, Kabupaten Gianyar, Bali 80571"
      },
      "geometry": {
        "type": "Point",
        "coordinates": [
          115.2568605,
          -8.524403
        ]
      }
    },
    {
      "type": "Feature",
      "properties": {
        "name": "SD Negeri 8 MAS",
        "category": "sekolah_dasar",
        "region": "Gianyar Regency",
        "confidence": 0.84,
        "source_file": "LZIT5G8W.xlsx",
        "address": "C7V9+6PM, Jalan Arjuna, MAS, Ubud, Mas, Kec. Gianyar, Kabupaten Gianyar, Bali 80571"
      },
      "geometry": {
        "type": "Point",
        "coordinates": [
          115.2693004,
          -8.5569081
        ]
      }
    },
    {
      "type": "Feature",
      "properties": {
        "name": "SD n 3 melinggih kelod",
        "category": "sekolah_dasar",
        "region": "Gianyar Regency",
        "confidence": 0.84,
        "source_file": "M7E1PVJI.xlsx",
        "address": "H65W+QF7, Melinggih, Payangan, Gianyar Regency, Bali 80572"
      },
      "geometry": {
        "type": "Point",
        "coordinates": [
          115.2461696,
          -8.4405888
        ]
      }
    },
    {
      "type": "Feature",
      "properties": {
        "name": "SDN 1 Ketewel",
        "category": "sekolah_dasar",
        "region": "Gianyar Regency",
        "confidence": 0.84,
        "source_file": "LZIT5G8W.xlsx",
        "address": "978M+VP7, Jl. Raya Ketewel, Ketewel, Kec. Sukawati, Kabupaten Gianyar, Bali 80582"
      },
      "geometry": {
        "type": "Point",
        "coordinates": [
          115.2840384,
          -8.6326212
        ]
      }
    },
    {
      "type": "Feature",
      "properties": {
        "name": "SDN 2 Saba",
        "category": "sekolah_dasar",
        "region": "Gianyar Regency",
        "confidence": 0.84,
        "source_file": "LZIT5G8W.xlsx",
        "address": "Jl. Raya Dewa Saba No.2, Saba, Kec. Blahbatuh, Kabupaten Gianyar, Bali 80581"
      },
      "geometry": {
        "type": "Point",
        "coordinates": [
          115.2944784,
          -8.5746507
        ]
      }
    },
    {
      "type": "Feature",
      "properties": {
        "name": "SDN 4 Bitera",
        "category": "sekolah_dasar",
        "region": "Gianyar Regency",
        "confidence": 0.84,
        "source_file": "LZIT5G8W.xlsx",
        "address": "F896+F9F, Bitera, Kec. Gianyar, Kabupaten Gianyar, Bali 80515"
      },
      "geometry": {
        "type": "Point",
        "coordinates": [
          115.3109277,
          -8.5313186
        ]
      }
    },
    {
      "type": "Feature",
      "properties": {
        "name": "SDN 5 KEDEWATAN",
        "category": "elementary_school",
        "region": "Gianyar Regency",
        "confidence": 0.84,
        "source_file": "LZIT5G8W.xlsx",
        "address": "Jl. Kedewatan No.19, Kedewatan, Kecamatan Ubud, Kabupaten Gianyar, Bali 80571"
      },
      "geometry": {
        "type": "Point",
        "coordinates": [
          115.2448819,
          -8.4943792
        ]
      }
    },
    {
      "type": "Feature",
      "properties": {
        "name": "SDN 5 Keramas",
        "category": "sekolah_dasar",
        "region": "Gianyar Regency",
        "confidence": 0.84,
        "source_file": "LZIT5G8W.xlsx",
        "address": "C8HG+79G, Jl. Tukad Gurgul, Keramas, Kec. Blahbatuh, Kabupaten Gianyar, Bali 80581"
      },
      "geometry": {
        "type": "Point",
        "coordinates": [
          115.3259538,
          -8.5718146
        ]
      }
    },
    {
      "type": "Feature",
      "properties": {
        "name": "SDN.02 kedewatan",
        "category": "sekolah_dasar",
        "region": "Gianyar Regency",
        "confidence": 0.84,
        "source_file": "LZIT5G8W.xlsx",
        "address": "G773+7FG, Kedewatan, Kecamatan Ubud, Kabupaten Gianyar, Bali 80561"
      },
      "geometry": {
        "type": "Point",
        "coordinates": [
          115.2536891,
          -8.4868032
        ]
      }
    },
    {
      "type": "Feature",
      "properties": {
        "name": "SEKRETARIATAN KNPI GIANYAR",
        "category": "kantor_pemerintah",
        "region": "Gianyar Regency",
        "confidence": 0.84,
        "source_file": "RZVRQ2SY.xlsx",
        "address": "F84C+P86, Gianyar, Kec. Gianyar, Kabupaten Gianyar, Bali 80511"
      },
      "geometry": {
        "type": "Point",
        "coordinates": [
          115.3207554,
          -8.5432168
        ]
      }
    },
    {
      "type": "Feature",
      "properties": {
        "name": "SHARANDY LAND UBUD",
        "category": "attractions",
        "region": "Gianyar Regency",
        "confidence": 0.84,
        "source_file": "wisata.xlsx, XLU5DC2A.xlsx",
        "address": "F87J+8H8, Gianyar, Gianyar Regency, Bali"
      },
      "geometry": {
        "type": "Point",
        "coordinates": [
          115.3314412,
          -8.5367146
        ]
      }
    },
    {
      "type": "Feature",
      "properties": {
        "name": "SPNF SKB KAB. Gianyar",
        "category": "kantor_pemerintah",
        "region": "Gianyar Regency",
        "confidence": 0.84,
        "source_file": "RZVRQ2SY.xlsx",
        "address": "F84M+R44, Gianyar, Kec. Gianyar, Kabupaten Gianyar, Bali"
      },
      "geometry": {
        "type": "Point",
        "coordinates": [
          115.3328301,
          -8.5429827
        ]
      }
    },
    {
      "type": "Feature",
      "properties": {
        "name": "SUCEN WISATA TEGALLINGGAH",
        "category": "attractions",
        "region": "Gianyar Regency",
        "confidence": 0.87,
        "source_file": "wisata.xlsx, XLU5DC2A.xlsx",
        "address": "F8F3+9X8, Bedulu, Blahbatuh, Gianyar Regency, Bali 80581"
      },
      "geometry": {
        "type": "Point",
        "coordinates": [
          115.3049442,
          -8.5265789
        ]
      }
    },
    {
      "type": "Feature",
      "properties": {
        "name": "SUNGAI EDUKASI IKAN KOI BR. BANGUNLIMAN",
        "category": "attractions",
        "region": "Gianyar Regency",
        "confidence": 0.87,
        "source_file": "wisata.xlsx, XLU5DC2A.xlsx",
        "address": "Gg. Kenyeri, Buruan, Kec. Blahbatuh, Kabupaten Gianyar, Bali 80581"
      },
      "geometry": {
        "type": "Point",
        "coordinates": [
          115.2983513,
          -8.543237
        ]
      }
    },
    {
      "type": "Feature",
      "properties": {
        "name": "Sacred Monkey Forest Sanctuary",
        "category": "attractions",
        "region": "Gianyar Regency",
        "confidence": 0.9,
        "source_file": "wisata.xlsx, XLU5DC2A.xlsx",
        "address": "Jl. Monkey Forest, Ubud, Kecamatan Ubud, Kabupaten Gianyar, Bali 80571"
      },
      "geometry": {
        "type": "Point",
        "coordinates": [
          115.2606299,
          -8.5193727
        ]
      }
    },
    {
      "type": "Feature",
      "properties": {
        "name": "Sawah",
        "category": "attractions",
        "region": "Gianyar Regency",
        "confidence": 0.84,
        "source_file": "wisata.xlsx, XLU5DC2A.xlsx",
        "address": "F74G+5V4, Jl. Banjar Juga, Mas, Kecamatan Ubud, Kabupaten Gianyar, Bali 80571"
      },
      "geometry": {
        "type": "Point",
        "coordinates": [
          115.2772161,
          -8.5446239
        ]
      }
    },
    {
      "type": "Feature",
      "properties": {
        "name": "Sd negeri 3 pejeng kangin",
        "category": "sekolah_dasar",
        "region": "Gianyar Regency",
        "confidence": 0.84,
        "source_file": "LZIT5G8W.xlsx",
        "address": "Jl. Raya Pejeng Kangin No.5, Pejeng Kangin, Kec. Tampaksiring, Kabupaten Gianyar, Bali 80552"
      },
      "geometry": {
        "type": "Point",
        "coordinates": [
          115.3046044,
          -8.4902522
        ]
      }
    },
    {
      "type": "Feature",
      "properties": {
        "name": "Sekolah Dasar Negeri 2 Pejeng",
        "category": "sekolah_dasar",
        "region": "Gianyar Regency",
        "confidence": 0.84,
        "source_file": "LZIT5G8W.xlsx",
        "address": "Jl. Raya Pejeng Tampaksiring, Pejeng, Kec. Tampaksiring, Kabupaten Gianyar, Bali 80552"
      },
      "geometry": {
        "type": "Point",
        "coordinates": [
          115.2931336,
          -8.5076391
        ]
      }
    },
    {
      "type": "Feature",
      "properties": {
        "name": "Sekolah Dasar Negeri 4 Guwang",
        "category": "sekolah_dasar",
        "region": "Gianyar Regency",
        "confidence": 0.84,
        "source_file": "LZIT5G8W.xlsx",
        "address": "97PQ+84H, Jalan Maruti, Guwang, Sukawati, Guwang, Kec. Gianyar, Kabupaten Gianyar, Bali 80582"
      },
      "geometry": {
        "type": "Point",
        "coordinates": [
          115.2878643,
          -8.6141886
        ]
      }
    },
    {
      "type": "Feature",
      "properties": {
        "name": "Sekolah Dasar Negeri 4 Melinggih Kelod",
        "category": "sekolah_dasar",
        "region": "Gianyar Regency",
        "confidence": 0.84,
        "source_file": "LZIT5G8W.xlsx",
        "address": "Jl. Panca Rahayu No.3, Melinggih Kelod, Kec. Payangan, Kabupaten Gianyar, Bali 80572"
      },
      "geometry": {
        "type": "Point",
        "coordinates": [
          115.2401451,
          -8.4412821
        ]
      }
    },
    {
      "type": "Feature",
      "properties": {
        "name": "Sekolah Dasar Negeri 4 Pering",
        "category": "sekolah_dasar",
        "region": "Gianyar Regency",
        "confidence": 0.84,
        "source_file": "LZIT5G8W.xlsx",
        "address": "Jl. Gn. Sari No.01, Pering, Kec. Blahbatuh, Kabupaten Gianyar, Bali 80581"
      },
      "geometry": {
        "type": "Point",
        "coordinates": [
          115.3054607,
          -8.5815247
        ]
      }
    },
    {
      "type": "Feature",
      "properties": {
        "name": "Sekolah Dasar Negeri 4 Puhu",
        "category": "sekolah_dasar",
        "region": "Gianyar Regency",
        "confidence": 0.84,
        "source_file": "LZIT5G8W.xlsx",
        "address": "J732+53G, Puhu, Kec. Payangan, Kabupaten Gianyar, Bali 80572"
      },
      "geometry": {
        "type": "Point",
        "coordinates": [
          115.2502055,
          -8.3970555
        ]
      }
    },
    {
      "type": "Feature",
      "properties": {
        "name": "Sekolah Dasar Negeri 5 Taro",
        "category": "sekolah_dasar",
        "region": "Gianyar Regency",
        "confidence": 0.84,
        "source_file": "LZIT5G8W.xlsx",
        "address": "Jl. Br.Pakuseba No.56, Taro, Kec. Tegallalang, Kabupaten Gianyar, Bali 80561"
      },
      "geometry": {
        "type": "Point",
        "coordinates": [
          115.2879966,
          -8.3560548
        ]
      }
    },
    {
      "type": "Feature",
      "properties": {
        "name": "Sekretariat P3MD PID Kabupaten Gianyar",
        "category": "kantor_pemerintahan_regional",
        "region": "Gianyar Regency",
        "confidence": 0.84,
        "source_file": "RZVRQ2SY.xlsx",
        "address": "F85H+6HV Balai budaya, Gianyar, Kec. Gianyar, Kabupaten Gianyar, Bali 80511"
      },
      "geometry": {
        "type": "Point",
        "coordinates": [
          115.3289209,
          -8.5418982
        ]
      }
    },
    {
      "type": "Feature",
      "properties": {
        "name": "Sekretariat PKH Kabupaten Gianyar",
        "category": "kantor_jaminan_sosial",
        "region": "Gianyar Regency",
        "confidence": 0.87,
        "source_file": "RZVRQ2SY.xlsx",
        "address": "F85H+5HH, Gianyar, Kec. Gianyar, Kabupaten Gianyar, Bali 80511"
      },
      "geometry": {
        "type": "Point",
        "coordinates": [
          115.3289835,
          -8.5420576
        ]
      }
    },
    {
      "type": "Feature",
      "properties": {
        "name": "Sentra KI Gianyar",
        "category": "government_office",
        "region": "Gianyar Regency",
        "confidence": 0.84,
        "source_file": "RZVRQ2SY.xlsx",
        "address": "F84F+MJC, Jl. Erlangga, Gianyar, Kec. Gianyar, Kabupaten Gianyar, Bali 80511"
      },
      "geometry": {
        "type": "Point",
        "coordinates": [
          115.3240175,
          -8.5433008
        ]
      }
    },
    {
      "type": "Feature",
      "properties": {
        "name": "Setia Darma House of Mask and Puppets",
        "category": "museums",
        "region": "Gianyar Regency",
        "confidence": 0.9,
        "source_file": "wisata.xlsx, XLU5DC2A.xlsx",
        "address": "Jalan Tegal Bingin, Banjar Tengkulak Tengah, Kemenuh, Sukawati, Gianyar Regency, Bali 80582"
      },
      "geometry": {
        "type": "Point",
        "coordinates": [
          115.2797902,
          -8.5340219
        ]
      }
    },
    {
      "type": "Feature",
      "properties": {
        "name": "Siraman waterfall",
        "category": "attractions",
        "region": "Gianyar Regency",
        "confidence": 0.87,
        "source_file": "wisata.xlsx, XLU5DC2A.xlsx",
        "address": "F9C6+G3H, Sidan, Gianyar, Gianyar Regency, Bali"
      },
      "geometry": {
        "type": "Point",
        "coordinates": [
          115.3601055,
          -8.5283525
        ]
      }
    },
    {
      "type": "Feature",
      "properties": {
        "name": "Siyut Beach",
        "category": "attractions",
        "region": "Gianyar Regency",
        "confidence": 0.9,
        "source_file": "wisata.xlsx, XLU5DC2A.xlsx",
        "address": "Jl. Raya Pantai Siyut, Tulikup, Kec. Gianyar, Kabupaten Gianyar, Bali"
      },
      "geometry": {
        "type": "Point",
        "coordinates": [
          115.3700495,
          -8.5745263
        ]
      }
    },
    {
      "type": "Feature",
      "properties": {
        "name": "Skcript Waterfalls",
        "category": "attractions",
        "region": "Gianyar Regency",
        "confidence": 0.9,
        "source_file": "wisata.xlsx, XLU5DC2A.xlsx",
        "address": "F7HM+4WP, Bedulu, Blahbatuh, Gianyar Regency, Bali 80582"
      },
      "geometry": {
        "type": "Point",
        "coordinates": [
          115.2848166,
          -8.5221723
        ]
      }
    },
    {
      "type": "Feature",
      "properties": {
        "name": "State Elementary School No.6 Mas",
        "category": "sekolah_dasar",
        "region": "Gianyar Regency",
        "confidence": 0.84,
        "source_file": "LZIT5G8W.xlsx, M7E1PVJI.xlsx",
        "address": "F75F+HRM, Mas, Kecamatan Ubud, Kabupaten Gianyar, Bali 80571"
      },
      "geometry": {
        "type": "Point",
        "coordinates": [
          115.2745508,
          -8.5410308
        ]
      }
    },
    {
      "type": "Feature",
      "properties": {
        "name": "Sumampan Waterfall",
        "category": "attractions",
        "region": "Gianyar Regency",
        "confidence": 0.9,
        "source_file": "wisata.xlsx, XLU5DC2A.xlsx",
        "address": "Kemenuh, Sukawati, Gianyar Regency, Bali 80581"
      },
      "geometry": {
        "type": "Point",
        "coordinates": [
          115.2903976,
          -8.5514923
        ]
      }
    },
    {
      "type": "Feature",
      "properties": {
        "name": "Sungai petanu blahbatuh\u1b30\u1b38\u1b17\u1b3f\u1b27\u1b42\u1b22\u1b26\u1b38\u1b29\u1b44\u1b2e\u1b04\u1b29\u1b22\u1b38\u1b04\u1b5f",
        "category": "attractions",
        "region": "Gianyar Regency",
        "confidence": 0.87,
        "source_file": "wisata.xlsx, XLU5DC2A.xlsx",
        "address": "Jl. Wisma Gajah Mada No.1, Blahbatuh, Kec. Blahbatuh, Kabupaten Gianyar, Bali 80581"
      },
      "geometry": {
        "type": "Point",
        "coordinates": [
          115.292419,
          -8.5661455
        ]
      }
    },
    {
      "type": "Feature",
      "properties": {
        "name": "Suppliyer Bebek dan Ayam Bersih",
        "category": "pedagang_ternak",
        "region": "Gianyar Regency",
        "confidence": 0.84,
        "source_file": "RZVRQ2SY.xlsx",
        "address": "Jl. Bhayangkara, Beng, Kec. Gianyar, Kabupaten Gianyar, Bali 80511"
      },
      "geometry": {
        "type": "Point",
        "coordinates": [
          115.3240517,
          -8.5362488
        ]
      }
    },
    {
      "type": "Feature",
      "properties": {
        "name": "TP PKK KAB. GIANYAR",
        "category": "kantor_pemda",
        "region": "Gianyar Regency",
        "confidence": 0.84,
        "source_file": "RZVRQ2SY.xlsx",
        "address": "Jl. Ngurah Rai-Gianyar No.5-7, Gianyar, Kec. Gianyar, Kabupaten Gianyar, Bali 80511"
      },
      "geometry": {
        "type": "Point",
        "coordinates": [
          115.3225933,
          -8.5417757
        ]
      }
    },
    {
      "type": "Feature",
      "properties": {
        "name": "Taman Kota Ciung Wanara Gianyar",
        "category": "attractions",
        "region": "Gianyar Regency",
        "confidence": 0.9,
        "source_file": "wisata.xlsx, XLU5DC2A.xlsx",
        "address": "Jl. Ciung Wanara-Gianyar No.1, Gianyar, Kec. Gianyar, Kabupaten Gianyar, Bali 80511"
      },
      "geometry": {
        "type": "Point",
        "coordinates": [
          115.3226862,
          -8.54091
        ]
      }
    },
    {
      "type": "Feature",
      "properties": {
        "name": "Taman Nusa",
        "category": "attractions",
        "region": "Gianyar Regency",
        "confidence": 0.9,
        "source_file": "wisata.xlsx, XLU5DC2A.xlsx",
        "address": "Banjar Blahpane Kelod, Jl. Taman Bali \u2013 Banjarangkan, Sidan, Kec. Gianyar, Kabupaten Gianyar, Bali 80582"
      },
      "geometry": {
        "type": "Point",
        "coordinates": [
          115.3585207,
          -8.5286174
        ]
      }
    },
    {
      "type": "Feature",
      "properties": {
        "name": "Taman Sari Bebengan Bukit Jangkrik",
        "category": "attractions",
        "region": "Gianyar Regency",
        "confidence": 0.84,
        "source_file": "wisata.xlsx, XLU5DC2A.xlsx",
        "address": "Bukit Jangkrik, Jl. Bukit Jangkrik No.999, Samplangan, Kec. Gianyar, Kabupaten Gianyar, Bali 80511"
      },
      "geometry": {
        "type": "Point",
        "coordinates": [
          115.3444385,
          -8.5265527
        ]
      }
    },
    {
      "type": "Feature",
      "properties": {
        "name": "Taman Sari Waterfall & Natural pool",
        "category": "attractions",
        "region": "Gianyar Regency",
        "confidence": 0.9,
        "source_file": "wisata.xlsx, XLU5DC2A.xlsx",
        "address": "Jl. Ngenjung Sari, Bakbakan, Kec. Gianyar, Kabupaten Gianyar, Bali 80515"
      },
      "geometry": {
        "type": "Point",
        "coordinates": [
          115.328281,
          -8.5023087
        ]
      }
    },
    {
      "type": "Feature",
      "properties": {
        "name": "Tegal linggah Cliff Temple",
        "category": "attractions",
        "region": "Gianyar Regency",
        "confidence": 0.9,
        "source_file": "wisata.xlsx, XLU5DC2A.xlsx",
        "address": "Tegallinggah, Bedulu, Kec. Blahbatuh, Kabupaten Gianyar, Bali 80581"
      },
      "geometry": {
        "type": "Point",
        "coordinates": [
          115.306036,
          -8.527768
        ]
      }
    },
    {
      "type": "Feature",
      "properties": {
        "name": "Tegal sepih water fall",
        "category": "attractions",
        "region": "Gianyar Regency",
        "confidence": 0.87,
        "source_file": "wisata.xlsx, XLU5DC2A.xlsx",
        "address": "F8H4+J9J, Jl. Raya Petemon, Pejeng Kelod, Kec. Tampaksiring, Kabupaten Gianyar, Bali 80515"
      },
      "geometry": {
        "type": "Point",
        "coordinates": [
          115.3058773,
          -8.5209117
        ]
      }
    },
    {
      "type": "Feature",
      "properties": {
        "name": "Tegenungan Waterfall",
        "category": "attractions",
        "region": "Gianyar Regency",
        "confidence": 0.9,
        "source_file": "wisata.xlsx, XLU5DC2A.xlsx",
        "address": "Kemenuh, Sukawati, Gianyar Regency, Bali"
      },
      "geometry": {
        "type": "Point",
        "coordinates": [
          115.2889599,
          -8.5753621
        ]
      }
    },
    {
      "type": "Feature",
      "properties": {
        "name": "Temesi Waterfall",
        "category": "attractions",
        "region": "Gianyar Regency",
        "confidence": 0.9,
        "source_file": "wisata.xlsx, XLU5DC2A.xlsx",
        "address": "Jalan Subak Pengliklikan, Temesi, Gianyar, Gianyar Regency, Bali 80515"
      },
      "geometry": {
        "type": "Point",
        "coordinates": [
          115.346867,
          -8.5525895
        ]
      }
    },
    {
      "type": "Feature",
      "properties": {
        "name": "Tempat uji KIR DISHUB Gianyar",
        "category": "kantor_pemerintah",
        "region": "Gianyar Regency",
        "confidence": 0.84,
        "source_file": "RZVRQ2SY.xlsx",
        "address": "F87G+CJC, Gianyar, Kec. Gianyar, Kabupaten Gianyar, Bali 80511"
      },
      "geometry": {
        "type": "Point",
        "coordinates": [
          115.3265231,
          -8.5364385
        ]
      }
    },
    {
      "type": "Feature",
      "properties": {
        "name": "Temple Yeh Pulu",
        "category": "attractions",
        "region": "Gianyar Regency",
        "confidence": 0.9,
        "source_file": "wisata.xlsx, XLU5DC2A.xlsx",
        "address": "Jalan Yeh Pulu Blahbatuh, Bedulu, Kec. Gianyar, Kabupaten Gianyar, Bali 80581"
      },
      "geometry": {
        "type": "Point",
        "coordinates": [
          115.293087,
          -8.5300627
        ]
      }
    },
    {
      "type": "Feature",
      "properties": {
        "name": "Titi waterfall",
        "category": "attractions",
        "region": "Gianyar Regency",
        "confidence": 0.9,
        "source_file": "wisata.xlsx, XLU5DC2A.xlsx",
        "address": "Jl. Gn. Agung No.5, Bakbakan, Kec. Gianyar, Kabupaten Gianyar, Bali 80515"
      },
      "geometry": {
        "type": "Point",
        "coordinates": [
          115.3297402,
          -8.5181052
        ]
      }
    },
    {
      "type": "Feature",
      "properties": {
        "name": "Transport.di Bali",
        "category": "attractions",
        "region": "Gianyar Regency",
        "confidence": 0.84,
        "source_file": "wisata.xlsx, XLU5DC2A.xlsx",
        "address": "Perum Jl. Dukuh Sari No.3, Buruan, Kec. Blahbatuh, Kabupaten Gianyar, Bali 80581"
      },
      "geometry": {
        "type": "Point",
        "coordinates": [
          115.3045117,
          -8.5453077
        ]
      }
    },
    {
      "type": "Feature",
      "properties": {
        "name": "Tukad Jonggang",
        "category": "attractions",
        "region": "Gianyar Regency",
        "confidence": 0.84,
        "source_file": "wisata.xlsx, XLU5DC2A.xlsx",
        "address": "F87M+7C9, Jl. Bukit Jati, Samplangan, Kec. Gianyar, Kabupaten Gianyar, Bali 80512"
      },
      "geometry": {
        "type": "Point",
        "coordinates": [
          115.3336221,
          -8.5368443
        ]
      }
    },
    {
      "type": "Feature",
      "properties": {
        "name": "Tukad Pakerisan",
        "category": "attractions",
        "region": "Gianyar Regency",
        "confidence": 0.84,
        "source_file": "wisata.xlsx, XLU5DC2A.xlsx",
        "address": "F8J4+JHR, Pejeng Kelod, Tampaksiring, Gianyar Regency, Bali 80515"
      },
      "geometry": {
        "type": "Point",
        "coordinates": [
          115.3063779,
          -8.5183751
        ]
      }
    },
    {
      "type": "Feature",
      "properties": {
        "name": "Tukad Pakerisan",
        "category": "attractions",
        "region": "Gianyar Regency",
        "confidence": 0.84,
        "source_file": "wisata.xlsx, XLU5DC2A.xlsx",
        "address": "F8R3+X7G, Jl. Kelusu, Pejeng Kelod, Kec. Tampaksiring, Kabupaten Gianyar, Bali 80552"
      },
      "geometry": {
        "type": "Point",
        "coordinates": [
          115.3031897,
          -8.5075701
        ]
      }
    },
    {
      "type": "Feature",
      "properties": {
        "name": "UKPBJ Kabupaten Gianyar",
        "category": "kantor_pemerintah",
        "region": "Gianyar Regency",
        "confidence": 0.84,
        "source_file": "RZVRQ2SY.xlsx",
        "address": "Jl. Ngurah Rai-Gianyar No.5-7, Gianyar, Kec. Gianyar, Kabupaten Gianyar, Bali 80511"
      },
      "geometry": {
        "type": "Point",
        "coordinates": [
          115.3241788,
          -8.5408239
        ]
      }
    },
    {
      "type": "Feature",
      "properties": {
        "name": "UPT. Laboratorium Dinas Perkebunan Bedulu Provinsi Bali",
        "category": "government_office",
        "region": "Gianyar Regency",
        "confidence": 0.87,
        "source_file": "RZVRQ2SY.xlsx",
        "address": "F8F2+P9M, Unnamed Rd, Bedulu, Kec. Blahbatuh, Kabupaten Gianyar, Bali 80581"
      },
      "geometry": {
        "type": "Point",
        "coordinates": [
          115.3009185,
          -8.52567
        ]
      }
    },
    {
      "type": "Feature",
      "properties": {
        "name": "UPTD Perbenihan Dinas Pertanian Kab. Gianyar",
        "category": "kantor_pemerintah",
        "region": "Gianyar Regency",
        "confidence": 0.84,
        "source_file": "RZVRQ2SY.xlsx",
        "address": "F955+GHP, Tulikup, Kec. Gianyar, Kabupaten Gianyar, Bali 80515"
      },
      "geometry": {
        "type": "Point",
        "coordinates": [
          115.3589653,
          -8.5411638
        ]
      }
    },
    {
      "type": "Feature",
      "properties": {
        "name": "UTD PMI KAB. GIANYAR",
        "category": "dinas_kesehatan",
        "region": "Gianyar Regency",
        "confidence": 0.87,
        "source_file": "RZVRQ2SY.xlsx",
        "address": "Jl. Kebo Iwa No.2C, Gianyar, Kec. Gianyar, Kabupaten Gianyar, Bali 80511"
      },
      "geometry": {
        "type": "Point",
        "coordinates": [
          115.3226246,
          -8.5435016
        ]
      }
    },
    {
      "type": "Feature",
      "properties": {
        "name": "Ubud",
        "category": "balai_masyarakat",
        "region": "Gianyar Regency",
        "confidence": 0.87,
        "source_file": "4ZDU3D7D.xlsx, 20F8ADAH.xlsx, D7RSP2LU.xlsx, F5265UR2.xlsx, MKMOSR5C.xlsx, S33E300D.xlsx",
        "address": "C9M8+HM3, Banjar Siyut, Tulikup, Kec. Gianyar, Kabupaten Gianyar, Bali 80515"
      },
      "geometry": {
        "type": "Point",
        "coordinates": [
          115.3665985,
          -8.5660968
        ]
      }
    },
    {
      "type": "Feature",
      "properties": {
        "name": "Ubud Temple Tour",
        "category": "attractions",
        "region": "Gianyar Regency",
        "confidence": 0.87,
        "source_file": "wisata.xlsx, XLU5DC2A.xlsx",
        "address": "Jl. Raya Pengosekan Ubud No.63, X, Kecamatan Ubud, Kabupaten Gianyar, Bali 80571"
      },
      "geometry": {
        "type": "Point",
        "coordinates": [
          115.2635094,
          -8.526257
        ]
      }
    },
    {
      "type": "Feature",
      "properties": {
        "name": "Ubud Water Palace",
        "category": "attractions",
        "region": "Gianyar Regency",
        "confidence": 0.87,
        "source_file": "wisata.xlsx, XLU5DC2A.xlsx",
        "address": "Jl. Suweta No.6, Ubud, Kecamatan Ubud, Kabupaten Gianyar, Bali 80571"
      },
      "geometry": {
        "type": "Point",
        "coordinates": [
          115.2613023,
          -8.5063413
        ]
      }
    },
    {
      "type": "Feature",
      "properties": {
        "name": "Ulu cangkir waterfall",
        "category": "attractions",
        "region": "Gianyar Regency",
        "confidence": 0.9,
        "source_file": "wisata.xlsx, XLU5DC2A.xlsx",
        "address": "F8JH+FR3, Bakbakan, Gianyar, Gianyar Regency, Bali"
      },
      "geometry": {
        "type": "Point",
        "coordinates": [
          115.329463,
          -8.5188294
        ]
      }
    },
    {
      "type": "Feature",
      "properties": {
        "name": "Ulu petanu",
        "category": "attractions",
        "region": "Gianyar Regency",
        "confidence": 0.87,
        "source_file": "wisata.xlsx, XLU5DC2A.xlsx",
        "address": "F7HM+8HH, Tukad pwtanu, Kec. Tampaksiring, Kabupaten Gianyar, Bali 80582"
      },
      "geometry": {
        "type": "Point",
        "coordinates": [
          115.2839725,
          -8.5216776
        ]
      }
    },
    {
      "type": "Feature",
      "properties": {
        "name": "Uma Anyar Waterfall",
        "category": "attractions",
        "region": "Gianyar Regency",
        "confidence": 0.9,
        "source_file": "wisata.xlsx, XLU5DC2A.xlsx",
        "address": "Kemenuh, Sukawati, Gianyar Regency, Bali 80581"
      },
      "geometry": {
        "type": "Point",
        "coordinates": [
          115.2900449,
          -8.559213
        ]
      }
    },
    {
      "type": "Feature",
      "properties": {
        "name": "WARKOP DKI",
        "category": "attractions",
        "region": "Gianyar Regency",
        "confidence": 0.84,
        "source_file": "wisata.xlsx, XLU5DC2A.xlsx",
        "address": "Jl. Kaliasem lingk.kelod kangin, Beng, Kec. Gianyar, Kabupaten Gianyar, Bali 80513"
      },
      "geometry": {
        "type": "Point",
        "coordinates": [
          115.3302037,
          -8.5327538
        ]
      }
    },
    {
      "type": "Feature",
      "properties": {
        "name": "Wisata Alam BatuJong",
        "category": "attractions",
        "region": "Gianyar Regency",
        "confidence": 0.87,
        "source_file": "wisata.xlsx, XLU5DC2A.xlsx",
        "address": "C9H2+PH3, Banjar Lebih Duur Kaja, Temesi, Kec. Gianyar, Kabupaten Gianyar, Bali 80515"
      },
      "geometry": {
        "type": "Point",
        "coordinates": [
          115.3514152,
          -8.5707492
        ]
      }
    },
    {
      "type": "Feature",
      "properties": {
        "name": "balilandvibe",
        "category": "attractions",
        "region": "Gianyar Regency",
        "confidence": 0.84,
        "source_file": "wisata.xlsx, XLU5DC2A.xlsx",
        "address": "Jl. Raya Pantai Lebih, Lebih, Kec. Gianyar, Kabupaten Gianyar, Bali 80515"
      },
      "geometry": {
        "type": "Point",
        "coordinates": [
          115.3484501,
          -8.5711171
        ]
      }
    },
    {
      "type": "Feature",
      "properties": {
        "name": "kantor",
        "category": "kantor_pemerintah",
        "region": "Gianyar Regency",
        "confidence": 0.84,
        "source_file": "RZVRQ2SY.xlsx",
        "address": "Jl. Ciung Wanara-Gianyar No.12a, Bitera, Kec. Gianyar, Kabupaten Gianyar, Bali 80515"
      },
      "geometry": {
        "type": "Point",
        "coordinates": [
          115.3202,
          -8.5354684
        ]
      }
    },
    {
      "type": "Feature",
      "properties": {
        "name": "Kantor UPTD BALAI PENGAWASAN DAN SERTFIKASI BENIH PROV. PAPUA",
        "category": "kantor_pemerintah",
        "region": "Jayapura",
        "confidence": 0.84,
        "source_file": "RZVRQ2SY.xlsx",
        "address": "C8WQ+FXC, Jl. Raya Sentani Komplek Pertanian Kampung Harapan, Sentani Tim., Jayapura, Papua"
      },
      "geometry": {
        "type": "Point",
        "coordinates": [
          115.3398947,
          -8.5538201
        ]
      }
    },
    {
      "type": "Feature",
      "properties": {
        "name": "Balai Banjar Adnyasari",
        "category": "balai_masyarakat",
        "region": "Jembrana Regency",
        "confidence": 0.9,
        "source_file": "4ZDU3D7D.xlsx, D7RSP2LU.xlsx, F5265UR2.xlsx, GQ3D8NMP.xlsx, MKMOSR5C.xlsx, S33E300D.xlsx",
        "address": "PGPJ+W39, Jl. Dusun Palasari, Ekasari, Kec. Melaya, Kabupaten Jembrana, Bali 82252"
      },
      "geometry": {
        "type": "Point",
        "coordinates": [
          114.5302345,
          -8.2627185
        ]
      }
    },
    {
      "type": "Feature",
      "properties": {
        "name": "Balai Banjar Katulampa",
        "category": "balai_masyarakat",
        "region": "Jembrana Regency",
        "confidence": 0.87,
        "source_file": "4ZDU3D7D.xlsx, D7RSP2LU.xlsx, MKMOSR5C.xlsx, S33E300D.xlsx",
        "address": "MHJC+JFG, Manistutu, Kec. Melaya, Kabupaten Jembrana, Bali 82218"
      },
      "geometry": {
        "type": "Point",
        "coordinates": [
          114.5712025,
          -8.3184384
        ]
      }
    },
    {
      "type": "Feature",
      "properties": {
        "name": "Balai Banjar Kedisan",
        "category": "balai_kota",
        "region": "Jembrana Regency",
        "confidence": 0.87,
        "source_file": "4ZDU3D7D.xlsx, D7RSP2LU.xlsx, GQ3D8NMP.xlsx, S33E300D.xlsx",
        "address": "MQ46+637, Banjar Kedisan, Yeh Embang Kauh, Kec. Mendoyo, Kabupaten Jembrana, Bali 82261"
      },
      "geometry": {
        "type": "Point",
        "coordinates": [
          114.7601741,
          -8.3444711
        ]
      }
    },
    {
      "type": "Feature",
      "properties": {
        "name": "Balai Banjar Keladian",
        "category": "balai_masyarakat",
        "region": "Jembrana Regency",
        "confidence": 0.84,
        "source_file": "F5265UR2.xlsx",
        "address": "JJQV+2VM, Jl. Pulau Sumatra Gg. 1 No.1, Dauhwaru, Kec. Jembrana, Kabupaten Jembrana, Bali 82218"
      },
      "geometry": {
        "type": "Point",
        "coordinates": [
          114.6446816,
          -8.3614476
        ]
      }
    },
    {
      "type": "Feature",
      "properties": {
        "name": "Balai Banjar Masean",
        "category": "balai_masyarakat",
        "region": "Jembrana Regency",
        "confidence": 0.87,
        "source_file": "4ZDU3D7D.xlsx, D7RSP2LU.xlsx, F5265UR2.xlsx, GQ3D8NMP.xlsx, MKMOSR5C.xlsx, S33E300D.xlsx",
        "address": "Banjar Masean, Desa, Batuagung, Kec. Jembrana, Kabupaten Jembrana, Bali 82218"
      },
      "geometry": {
        "type": "Point",
        "coordinates": [
          114.6601016,
          -8.3246706
        ]
      }
    },
    {
      "type": "Feature",
      "properties": {
        "name": "Balai Banjar Pancaseming",
        "category": "balai_masyarakat",
        "region": "Jembrana Regency",
        "confidence": 0.87,
        "source_file": "4ZDU3D7D.xlsx, D7RSP2LU.xlsx, F5265UR2.xlsx, GQ3D8NMP.xlsx, MKMOSR5C.xlsx, S33E300D.xlsx",
        "address": "JJXW+5WR, Jl. Nusa Ceningan, banjar, pancaseming, Kabupaten Jembrana, Bali"
      },
      "geometry": {
        "type": "Point",
        "coordinates": [
          114.6472701,
          -8.3520044
        ]
      }
    },
    {
      "type": "Feature",
      "properties": {
        "name": "Balai Banjar Peh",
        "category": "balai_masyarakat",
        "region": "Jembrana Regency",
        "confidence": 0.9,
        "source_file": "4ZDU3D7D.xlsx, D7RSP2LU.xlsx, F5265UR2.xlsx, GQ3D8NMP.xlsx, MKMOSR5C.xlsx, S33E300D.xlsx",
        "address": "MHGH+942, Kaliakah, Kec. Negara, Kabupaten Jembrana, Bali 82218"
      },
      "geometry": {
        "type": "Point",
        "coordinates": [
          114.5777585,
          -8.3241043
        ]
      }
    },
    {
      "type": "Feature",
      "properties": {
        "name": "Balai Banjar Pemedilan",
        "category": "balai_masyarakat",
        "region": "Jembrana Regency",
        "confidence": 0.87,
        "source_file": "F5265UR2.xlsx",
        "address": "Jl. Pulau Sumatra Lingk. Pemedilan No.29, Dauhwaru, Kec. Jembrana, Kabupaten Jembrana, Bali 82218"
      },
      "geometry": {
        "type": "Point",
        "coordinates": [
          114.6434783,
          -8.364229
        ]
      }
    },
    {
      "type": "Feature",
      "properties": {
        "name": "Balai Banjar Pertukangan",
        "category": "balai_masyarakat",
        "region": "Jembrana Regency",
        "confidence": 0.84,
        "source_file": "4ZDU3D7D.xlsx, D7RSP2LU.xlsx, GQ3D8NMP.xlsx, S33E300D.xlsx",
        "address": "JJMC+RRP, Salak Ling Pertukangan, Loloan Bar., Kec. Negara, Kabupaten Jembrana, Bali 82215"
      },
      "geometry": {
        "type": "Point",
        "coordinates": [
          114.6225458,
          -8.3651361
        ]
      }
    },
    {
      "type": "Feature",
      "properties": {
        "name": "Balai Banjar Yeh Kuning",
        "category": "balai_masyarakat",
        "region": "Jembrana Regency",
        "confidence": 0.84,
        "source_file": "4ZDU3D7D.xlsx, D7RSP2LU.xlsx",
        "address": "JM34+G3F, Yeh Kuning, Kec. Jembrana, Kabupaten Jembrana, Bali"
      },
      "geometry": {
        "type": "Point",
        "coordinates": [
          114.6552002,
          -8.3962978
        ]
      }
    },
    {
      "type": "Feature",
      "properties": {
        "name": "Balai Banjar bangli",
        "category": "tempat_ibadah",
        "region": "Jembrana Regency",
        "confidence": 0.87,
        "source_file": "F5265UR2.xlsx",
        "address": "MP8W+G54, Jl. Nakula, Yeh Embang Kauh, Kec. Mendoyo, Kabupaten Jembrana, Bali 82261"
      },
      "geometry": {
        "type": "Point",
        "coordinates": [
          114.7454461,
          -8.3337274
        ]
      }
    },
    {
      "type": "Feature",
      "properties": {
        "name": "Balai banjar munduk",
        "category": "balai_pertemuan_desa",
        "region": "Jembrana Regency",
        "confidence": 0.87,
        "source_file": "4ZDU3D7D.xlsx, D7RSP2LU.xlsx, F5265UR2.xlsx, GQ3D8NMP.xlsx, MKMOSR5C.xlsx, S33E300D.xlsx",
        "address": "MJ94+44P, Kaliakah, Kec. Negara, Kabupaten Jembrana, Bali 82212"
      },
      "geometry": {
        "type": "Point",
        "coordinates": [
          114.6053379,
          -8.3321749
        ]
      }
    },
    {
      "type": "Feature",
      "properties": {
        "name": "Balai banjar puana",
        "category": "balai_masyarakat",
        "region": "Jembrana Regency",
        "confidence": 0.84,
        "source_file": "4ZDU3D7D.xlsx, D7RSP2LU.xlsx",
        "address": "JHMG+FQG, Unnamed Road, Baluk, Kec. Negara, Kabupaten Jembrana, Bali 82218"
      },
      "geometry": {
        "type": "Point",
        "coordinates": [
          114.5769386,
          -8.3663074
        ]
      }
    },
    {
      "type": "Feature",
      "properties": {
        "name": "Balai banjar sebual",
        "category": "taman_komunitas",
        "region": "Jembrana Regency",
        "confidence": 0.84,
        "source_file": "4ZDU3D7D.xlsx, D7RSP2LU.xlsx, GQ3D8NMP.xlsx, S33E300D.xlsx",
        "address": "Dangin Tukadaya, Kec. Negara, Kabupaten Jembrana, Bali 82218"
      },
      "geometry": {
        "type": "Point",
        "coordinates": [
          114.656546,
          -8.3649329
        ]
      }
    },
    {
      "type": "Feature",
      "properties": {
        "name": "balai Banjar Sari",
        "category": "balai_masyarakat",
        "region": "Jembrana Regency",
        "confidence": 0.87,
        "source_file": "4ZDU3D7D.xlsx, 20F8ADAH.xlsx, D7RSP2LU.xlsx, GQ3D8NMP.xlsx, MKMOSR5C.xlsx, S33E300D.xlsx",
        "address": "HV5V+G73, Jl. Sari, Gumbrih, Kec. Pekutatan, Kabupaten Jembrana, Bali 82262"
      },
      "geometry": {
        "type": "Point",
        "coordinates": [
          114.8931844,
          -8.4412488
        ]
      }
    },
    {
      "type": "Feature",
      "properties": {
        "name": "balai banjar Wargasari",
        "category": "balai_masyarakat",
        "region": "Jembrana Regency",
        "confidence": 0.87,
        "source_file": "4ZDU3D7D.xlsx",
        "address": "PGWQ+76R, Dekat unnamed road, Ekasari, Kec. Melaya, Kabupaten Jembrana, Bali 82252"
      },
      "geometry": {
        "type": "Point",
        "coordinates": [
          114.5380101,
          -8.2542683
        ]
      }
    },
    {
      "type": "Feature",
      "properties": {
        "name": "BALAI BANJAR JUNTAL KELOD",
        "category": "balai_pertemuan_desa",
        "region": "Karangasem Regency",
        "confidence": 0.9,
        "source_file": "4ZDU3D7D.xlsx, 20F8ADAH.xlsx, D7RSP2LU.xlsx, F5265UR2.xlsx, GQ3D8NMP.xlsx, MKMOSR5C.xlsx, QP4FQ600.xlsx, S33E300D.xlsx",
        "address": "Banjar Juntal Kelod, Kec. Kubu, Kabupaten Karangasem, Bali 80853"
      },
      "geometry": {
        "type": "Point",
        "coordinates": [
          115.5602553,
          -8.2650766
        ]
      }
    },
    {
      "type": "Feature",
      "properties": {
        "name": "Balai Banjar Adat Pungutan",
        "category": "kantor_perusahaan",
        "region": "Karangasem Regency",
        "confidence": 0.87,
        "source_file": "20F8ADAH.xlsx, QP4FQ600.xlsx",
        "address": "GF53+6JF, Banjar Adat Pungutan, Tri Eka Buana, Kec. Sidemen, Kabupaten Karangasem, Bali 80864"
      },
      "geometry": {
        "type": "Point",
        "coordinates": [
          115.4540331,
          -8.4919364
        ]
      }
    },
    {
      "type": "Feature",
      "properties": {
        "name": "Balai Banjar Celuk",
        "category": "balai_masyarakat",
        "region": "Karangasem Regency",
        "confidence": 0.87,
        "source_file": "4ZDU3D7D.xlsx, 20F8ADAH.xlsx, D7RSP2LU.xlsx, QP4FQ600.xlsx",
        "address": "HJR7+FH3, Jl. Lettu Dugdugan, Tiyingtali, Kec. Abang, Kabupaten Karangasem, Bali 80852"
      },
      "geometry": {
        "type": "Point",
        "coordinates": [
          115.6139326,
          -8.4088729
        ]
      }
    },
    {
      "type": "Feature",
      "properties": {
        "name": "Balai Banjar Desa Adat Cegi",
        "category": "balai_masyarakat",
        "region": "Karangasem Regency",
        "confidence": 0.87,
        "source_file": "20F8ADAH.xlsx, QP4FQ600.xlsx",
        "address": "MFWC+XWV, Dsn. Cegi, Ban, Kec. Kubu, Kabupaten Karangasem, Bali 80853"
      },
      "geometry": {
        "type": "Point",
        "coordinates": [
          115.472296,
          -8.3025105
        ]
      }
    },
    {
      "type": "Feature",
      "properties": {
        "name": "Balai Banjar Dinas Manggaan",
        "category": "gedung_pertemuan",
        "region": "Karangasem Regency",
        "confidence": 0.87,
        "source_file": "MKMOSR5C.xlsx",
        "address": "HC98+5V8, Jl. Raya Besakih, Nongan, Kec. Rendang, Kabupaten Karangasem, Bali 80863"
      },
      "geometry": {
        "type": "Point",
        "coordinates": [
          115.4172074,
          -8.4320873
        ]
      }
    },
    {
      "type": "Feature",
      "properties": {
        "name": "Balai Banjar Kaler Antiga",
        "category": "gedung_pertemuan",
        "region": "Karangasem Regency",
        "confidence": 0.87,
        "source_file": "4ZDU3D7D.xlsx, 20F8ADAH.xlsx, D7RSP2LU.xlsx, QP4FQ600.xlsx",
        "address": "FFPQ+4V3, Antiga, Kec. Manggis, Kabupaten Karangasem, Bali 80871"
      },
      "geometry": {
        "type": "Point",
        "coordinates": [
          115.4896669,
          -8.5147325
        ]
      }
    },
    {
      "type": "Feature",
      "properties": {
        "name": "Balai Banjar Kaliaga",
        "category": "balai_pertemuan_desa",
        "region": "Karangasem Regency",
        "confidence": 0.84,
        "source_file": "20F8ADAH.xlsx",
        "address": "Ban, Kec. Kubu, Kabupaten Karangasem, Bali 80853"
      },
      "geometry": {
        "type": "Point",
        "coordinates": [
          115.4665057,
          -8.2470578
        ]
      }
    },
    {
      "type": "Feature",
      "properties": {
        "name": "Balai Banjar Karanganyar",
        "category": "civic_center",
        "region": "Karangasem Regency",
        "confidence": 0.87,
        "source_file": "20F8ADAH.xlsx, QP4FQ600.xlsx, S33E300D.xlsx",
        "address": "GH38+FG6, Jl. Pura Dalem, Nyuh Tebel, Kec. Manggis, Kabupaten Karangasem, Bali 80871"
      },
      "geometry": {
        "type": "Point",
        "coordinates": [
          115.5662804,
          -8.4963316
        ]
      }
    },
    {
      "type": "Feature",
      "properties": {
        "name": "Balai Banjar Kauhan Pesedahan",
        "category": "event_venue",
        "region": "Karangasem Regency",
        "confidence": 0.87,
        "source_file": "20F8ADAH.xlsx, MKMOSR5C.xlsx",
        "address": "GHC8+68P, Jl. Raya Pesedahan, Pesedahan, Kec. Manggis, Kabupaten Karangasem, Bali 80871"
      },
      "geometry": {
        "type": "Point",
        "coordinates": [
          115.5658393,
          -8.4794025
        ]
      }
    },
    {
      "type": "Feature",
      "properties": {
        "name": "Balai Banjar Lebih",
        "category": "balai_masyarakat",
        "region": "Karangasem Regency",
        "confidence": 0.87,
        "source_file": "4ZDU3D7D.xlsx, D7RSP2LU.xlsx, MKMOSR5C.xlsx, S33E300D.xlsx",
        "address": "JFCG+42J, Sebudi, Kec. Selat, Kabupaten Karangasem, Bali 80862"
      },
      "geometry": {
        "type": "Point",
        "coordinates": [
          115.4750003,
          -8.3796549
        ]
      }
    },
    {
      "type": "Feature",
      "properties": {
        "name": "Balai Banjar Luah",
        "category": "balai_pertemuan_desa",
        "region": "Karangasem Regency",
        "confidence": 0.9,
        "source_file": "20F8ADAH.xlsx, QP4FQ600.xlsx, S33E300D.xlsx",
        "address": "GCJM+6W6, Unnamed Road, Sangkan Gn., Kec. Sidemen, Kabupaten Karangasem, Bali 80864"
      },
      "geometry": {
        "type": "Point",
        "coordinates": [
          115.4347756,
          -8.4694713
        ]
      }
    },
    {
      "type": "Feature",
      "properties": {
        "name": "Balai Banjar Putung",
        "category": "balai_masyarakat",
        "region": "Karangasem Regency",
        "confidence": 0.9,
        "source_file": "20F8ADAH.xlsx, QP4FQ600.xlsx",
        "address": "GGX6+G7H, Tim, Duda Tim., Kec. Selat, Kabupaten Karangasem, Bali 80862"
      },
      "geometry": {
        "type": "Point",
        "coordinates": [
          115.5107427,
          -8.4511946
        ]
      }
    },
    {
      "type": "Feature",
      "properties": {
        "name": "Balai Banjar Saren Anyar",
        "category": "museums",
        "region": "Karangasem Regency",
        "confidence": 0.9,
        "source_file": "20F8ADAH.xlsx, QP4FQ600.xlsx",
        "address": "HHGH+WRG, Buana Giri, Kec. Bebandem, Kabupaten Karangasem, Bali 80852"
      },
      "geometry": {
        "type": "Point",
        "coordinates": [
          115.5795863,
          -8.4226899
        ]
      }
    },
    {
      "type": "Feature",
      "properties": {
        "name": "Balai Banjar Tegenan",
        "category": "balai_masyarakat",
        "region": "Karangasem Regency",
        "confidence": 0.9,
        "source_file": "MKMOSR5C.xlsx",
        "address": "HCVJ+R2W, Jl. Kedugung Besakih, Menanga, Kec. Rendang, Kabupaten Karangasem, Bali 80863"
      },
      "geometry": {
        "type": "Point",
        "coordinates": [
          115.4300896,
          -8.4053844
        ]
      }
    },
    {
      "type": "Feature",
      "properties": {
        "name": "Balai Banjar Tengah",
        "category": "balai_pertemuan_desa",
        "region": "Karangasem Regency",
        "confidence": 0.87,
        "source_file": "4ZDU3D7D.xlsx, 20F8ADAH.xlsx, D7RSP2LU.xlsx, F5265UR2.xlsx, GQ3D8NMP.xlsx, MKMOSR5C.xlsx, QP4FQ600.xlsx, S33E300D.xlsx",
        "address": "HF3V+HJH, Jl. Baledan, Duda, Kec. Selat, Kabupaten Karangasem, Bali 80862"
      },
      "geometry": {
        "type": "Point",
        "coordinates": [
          115.494101,
          -8.4460539
        ]
      }
    },
    {
      "type": "Feature",
      "properties": {
        "name": "Balai banjar adat poh",
        "category": "balai_masyarakat",
        "region": "Karangasem Regency",
        "confidence": 0.84,
        "source_file": "20F8ADAH.xlsx",
        "address": "JHG4+JHG, Pidpid, Kec. Abang, Kabupaten Karangasem, Bali 80852"
      },
      "geometry": {
        "type": "Point",
        "coordinates": [
          115.5566283,
          -8.374227
        ]
      }
    },
    {
      "type": "Feature",
      "properties": {
        "name": "Banjar Dinas Tabu",
        "category": "city_or_town_hall",
        "region": "Karangasem Regency",
        "confidence": 0.9,
        "source_file": "RZVRQ2SY.xlsx",
        "address": "GC76+4MW, Jl. Gg. Besakih, Tangkup, Kec. Sidemen, Kabupaten Karangasem, Bali 80716"
      },
      "geometry": {
        "type": "Point",
        "coordinates": [
          115.4117173,
          -8.4871393
        ]
      }
    },
    {
      "type": "Feature",
      "properties": {
        "name": "Desa wisata Tri Eka Buana",
        "category": "attractions",
        "region": "Karangasem Regency",
        "confidence": 0.84,
        "source_file": "wisata.xlsx, XLU5DC2A.xlsx",
        "address": "GF34+664, Tri Eka Buana, Sidemen, Karangasem Regency, Bali"
      },
      "geometry": {
        "type": "Point",
        "coordinates": [
          115.4555858,
          -8.4969897
        ]
      }
    },
    {
      "type": "Feature",
      "properties": {
        "name": "Obyek wisata tibu gantung",
        "category": "attractions",
        "region": "Karangasem Regency",
        "confidence": 0.87,
        "source_file": "wisata.xlsx, XLU5DC2A.xlsx",
        "address": "GC8W+GXF, Telaga Tawang, Sidemen, Karangasem Regency, Bali"
      },
      "geometry": {
        "type": "Point",
        "coordinates": [
          115.4474228,
          -8.4836846
        ]
      }
    },
    {
      "type": "Feature",
      "properties": {
        "name": "SD 6 BAN",
        "category": "sekolah_menengah",
        "region": "Karangasem Regency",
        "confidence": 0.84,
        "source_file": "M7E1PVJI.xlsx",
        "address": "MFW7+M3Q, Unnamed Road, Ban, Kec. Kubu, Kabupaten Karangasem, Bali 80853"
      },
      "geometry": {
        "type": "Point",
        "coordinates": [
          115.4627486,
          -8.3032845
        ]
      }
    },
    {
      "type": "Feature",
      "properties": {
        "name": "SD NEGERI 2 ANTIGA KELOD",
        "category": "sekolah_dasar",
        "region": "Karangasem Regency",
        "confidence": 0.84,
        "source_file": "LZIT5G8W.xlsx",
        "address": "Jl. Ganggang Jl. Yeh Malet No.Dusun, Antiga Kelod, Kec. Manggis, Kabupaten Karangasem, Bali"
      },
      "geometry": {
        "type": "Point",
        "coordinates": [
          115.4866851,
          -8.5458519
        ]
      }
    },
    {
      "type": "Feature",
      "properties": {
        "name": "SD NEGERI 2 TULAMBEN",
        "category": "sekolah_dasar",
        "region": "Karangasem Regency",
        "confidence": 0.84,
        "source_file": "LZIT5G8W.xlsx",
        "address": "PH2R+HXM, Tulamben, Kec. Kubu, Kabupaten Karangasem, Bali 80852"
      },
      "geometry": {
        "type": "Point",
        "coordinates": [
          115.5924309,
          -8.2985347
        ]
      }
    },
    {
      "type": "Feature",
      "properties": {
        "name": "SD Negeri 1 Datah",
        "category": "sekolah_dasar",
        "region": "Karangasem Regency",
        "confidence": 0.84,
        "source_file": "LZIT5G8W.xlsx",
        "address": "MH5X+CCQ, Datah, Kec. Abang, Kabupaten Karangasem, Bali 80852"
      },
      "geometry": {
        "type": "Point",
        "coordinates": [
          115.5986087,
          -8.3414217
        ]
      }
    },
    {
      "type": "Feature",
      "properties": {
        "name": "SD Negeri 1 Kertha Mandala",
        "category": "sekolah_dasar",
        "region": "Karangasem Regency",
        "confidence": 0.84,
        "source_file": "LZIT5G8W.xlsx",
        "address": "JJPF+XGX, Kerta Mandala, Kec. Abang, Kabupaten Karangasem, Bali 80852"
      },
      "geometry": {
        "type": "Point",
        "coordinates": [
          115.6238604,
          -8.3625239
        ]
      }
    },
    {
      "type": "Feature",
      "properties": {
        "name": "SD Negeri 1 Ngis",
        "category": "sekolah_dasar",
        "region": "Karangasem Regency",
        "confidence": 0.84,
        "source_file": "LZIT5G8W.xlsx",
        "address": "Bukit, Kec. Karangasem, Kabupaten Karangasem, Bali 80811"
      },
      "geometry": {
        "type": "Point",
        "coordinates": [
          115.628171,
          -8.429838
        ]
      }
    },
    {
      "type": "Feature",
      "properties": {
        "name": "SD Negeri 1 Pesedahan",
        "category": "sekolah_dasar",
        "region": "Karangasem Regency",
        "confidence": 0.84,
        "source_file": "LZIT5G8W.xlsx",
        "address": "GH98+G9R, Tenganan, Kec. Manggis, Kabupaten Karangasem, Bali 80871"
      },
      "geometry": {
        "type": "Point",
        "coordinates": [
          115.565906,
          -8.4811353
        ]
      }
    },
    {
      "type": "Feature",
      "properties": {
        "name": "SD Negeri 1 Tri Buana",
        "category": "sekolah_dasar",
        "region": "Karangasem Regency",
        "confidence": 0.84,
        "source_file": "LZIT5G8W.xlsx",
        "address": "JJ78+487, Ngis, Tri Buana, Kec. Abang, Kabupaten Karangasem, Bali 80852"
      },
      "geometry": {
        "type": "Point",
        "coordinates": [
          115.6157932,
          -8.387203
        ]
      }
    },
    {
      "type": "Feature",
      "properties": {
        "name": "SD Negeri 1 karangse",
        "category": "sekolah_dasar",
        "region": "Karangasem Regency",
        "confidence": 0.84,
        "source_file": "LZIT5G8W.xlsx",
        "address": "HJ35+5QC, Karangasem, Kec. Karangasem, Kabupaten Karangasem, Bali 80811"
      },
      "geometry": {
        "type": "Point",
        "coordinates": [
          115.609386,
          -8.4470733
        ]
      }
    },
    {
      "type": "Feature",
      "properties": {
        "name": "SD Negeri 3 Abang",
        "category": "sekolah_dasar",
        "region": "Karangasem Regency",
        "confidence": 0.84,
        "source_file": "LZIT5G8W.xlsx",
        "address": "Unnamed Road, 80852 Abang, Kec. Abang, Kabupaten Karangasem, Bali 80852"
      },
      "geometry": {
        "type": "Point",
        "coordinates": [
          115.5960294,
          -8.3952504
        ]
      }
    },
    {
      "type": "Feature",
      "properties": {
        "name": "SD Negeri 3 Datah",
        "category": "sekolah_dasar",
        "region": "Karangasem Regency",
        "confidence": 0.84,
        "source_file": "LZIT5G8W.xlsx",
        "address": "JHVR+R6P, Bingin, Datah, Kec. Abang, Kabupaten Karangasem, Bali 80852"
      },
      "geometry": {
        "type": "Point",
        "coordinates": [
          115.5905663,
          -8.3554196
        ]
      }
    },
    {
      "type": "Feature",
      "properties": {
        "name": "SD Negeri 4 Datah",
        "category": "sekolah_dasar",
        "region": "Karangasem Regency",
        "confidence": 0.84,
        "source_file": "LZIT5G8W.xlsx",
        "address": "MJ63+PC4, Datah, Kec. Abang, Kabupaten Karangasem, Bali 80852"
      },
      "geometry": {
        "type": "Point",
        "coordinates": [
          115.6035885,
          -8.3382279
        ]
      }
    },
    {
      "type": "Feature",
      "properties": {
        "name": "SD Negeri 7 Datah",
        "category": "sekolah_dasar",
        "region": "Karangasem Regency",
        "confidence": 0.84,
        "source_file": "LZIT5G8W.xlsx",
        "address": "Datah, Kec. Karangasem, Kabupaten Karangasem, Bali 80811"
      },
      "geometry": {
        "type": "Point",
        "coordinates": [
          115.5936276,
          -8.3437432
        ]
      }
    },
    {
      "type": "Feature",
      "properties": {
        "name": "SD Negri 1 Tumbu",
        "category": "shopping_mall",
        "region": "Karangasem Regency",
        "confidence": 0.9,
        "source_file": "LZIT5G8W.xlsx",
        "address": "HJ3F+Q78, Tumbu, Kec. Karangasem, Kabupaten Karangasem, Bali 80811"
      },
      "geometry": {
        "type": "Point",
        "coordinates": [
          115.6232122,
          -8.4455799
        ]
      }
    },
    {
      "type": "Feature",
      "properties": {
        "name": "SDN 1 Ulakan",
        "category": "sekolah_dasar",
        "region": "Karangasem Regency",
        "confidence": 0.84,
        "source_file": "LZIT5G8W.xlsx",
        "address": "GG25+564, Manggis, Kec. Manggis, Kabupaten Karangasem, Bali 80871"
      },
      "geometry": {
        "type": "Point",
        "coordinates": [
          115.5080642,
          -8.4996191
        ]
      }
    },
    {
      "type": "Feature",
      "properties": {
        "name": "SDN 1ANTIGA KELOD",
        "category": "sekolah_dasar",
        "region": "Karangasem Regency",
        "confidence": 0.84,
        "source_file": "LZIT5G8W.xlsx",
        "address": "FF5R+C49, Banjar Pengalon, Antiga Kelod, Kec. Manggis, Kabupaten Karangasem, Bali"
      },
      "geometry": {
        "type": "Point",
        "coordinates": [
          115.4903714,
          -8.5414545
        ]
      }
    },
    {
      "type": "Feature",
      "properties": {
        "name": "Sekolah SD 1 ANTIGA",
        "category": "sekolah_dasar",
        "region": "Karangasem Regency",
        "confidence": 0.84,
        "source_file": "LZIT5G8W.xlsx",
        "address": "FFPQ+FWM, Jl. Pura Jati Banjar Kaler, Antiga, Kec. Manggis, Kabupaten Karangasem, Bali 80871"
      },
      "geometry": {
        "type": "Point",
        "coordinates": [
          115.4897984,
          -8.5137847
        ]
      }
    },
    {
      "type": "Feature",
      "properties": {
        "name": "Tenganan Public Elementary School No. 2",
        "category": "sekolah_dasar",
        "region": "Karangasem Regency",
        "confidence": 0.84,
        "source_file": "LZIT5G8W.xlsx",
        "address": "GHCH+C8P, Unnamed Road, Tenganan, Kec. Manggis, Kabupaten Karangasem, Bali 80871"
      },
      "geometry": {
        "type": "Point",
        "coordinates": [
          115.5783392,
          -8.4789146
        ]
      }
    },
    {
      "type": "Feature",
      "properties": {
        "name": "Wisata LOD BUAH. Sideman-Karangasem, Bali",
        "category": "attractions",
        "region": "Karangasem Regency",
        "confidence": 0.9,
        "source_file": "wisata.xlsx, XLU5DC2A.xlsx",
        "address": "FCJP+7PV Lod Buah, Desa Lebu, Lokasari, Kec. Sidemen, Kabupaten Karangasem, Bali 80761"
      },
      "geometry": {
        "type": "Point",
        "coordinates": [
          115.4367869,
          -8.5192541
        ]
      }
    },
    {
      "type": "Feature",
      "properties": {
        "name": "balai banjar Wates ,Datah",
        "category": "balai_masyarakat",
        "region": "Karangasem Regency",
        "confidence": 0.87,
        "source_file": "QP4FQ600.xlsx",
        "address": "JHPP+JJH, Unnamed Road, Datah, Kec. Abang, Kabupaten Karangasem, Bali 80852"
      },
      "geometry": {
        "type": "Point",
        "coordinates": [
          115.5866006,
          -8.3634442
        ]
      }
    },
    {
      "type": "Feature",
      "properties": {
        "name": "Angel's Billabong",
        "category": "attractions",
        "region": "Klungkung Regency",
        "confidence": 0.9,
        "source_file": "wisata.xlsx, XLU5DC2A.xlsx",
        "address": "7C8X+HHX, Sakti, Nusa Penida, Klungkung Regency, Bali"
      },
      "geometry": {
        "type": "Point",
        "coordinates": [
          115.4489788,
          -8.7335003
        ]
      }
    },
    {
      "type": "Feature",
      "properties": {
        "name": "BALAI BANJAR GRIA",
        "category": "balai_pertemuan_desa",
        "region": "Klungkung Regency",
        "confidence": 0.84,
        "source_file": "MKMOSR5C.xlsx",
        "address": "G939+6M6, Nyalian, Kec. Banjarangkan, Kabupaten Klungkung, Bali 80752"
      },
      "geometry": {
        "type": "Point",
        "coordinates": [
          115.3691549,
          -8.4969615
        ]
      }
    },
    {
      "type": "Feature",
      "properties": {
        "name": "BALAI BANJAR GUNUNG RATA",
        "category": "balai_masyarakat",
        "region": "Klungkung Regency",
        "confidence": 0.9,
        "source_file": "4ZDU3D7D.xlsx, D7RSP2LU.xlsx, GQ3D8NMP.xlsx, MKMOSR5C.xlsx",
        "address": "F9WF+QGJ, Jl. Gn. Rata, Getakan, Kec. Banjarangkan, Kabupaten Klungkung, Bali 80752"
      },
      "geometry": {
        "type": "Point",
        "coordinates": [
          115.373766,
          -8.503049
        ]
      }
    },
    {
      "type": "Feature",
      "properties": {
        "name": "BALAI BANJAR KANGIN",
        "category": "balai_masyarakat",
        "region": "Klungkung Regency",
        "confidence": 0.87,
        "source_file": "MKMOSR5C.xlsx",
        "address": "F9H8+99H, Dusun kangin, Bakas"
      },
      "geometry": {
        "type": "Point",
        "coordinates": [
          115.365996,
          -8.5215559
        ]
      }
    },
    {
      "type": "Feature",
      "properties": {
        "name": "BALAI BANJAR KAPIT",
        "category": "balai_pertemuan_desa",
        "region": "Klungkung Regency",
        "confidence": 0.87,
        "source_file": "F5265UR2.xlsx",
        "address": "G927+RC2, Nyalian, Banjarangkan, Klungkung Regency, Bali 80752"
      },
      "geometry": {
        "type": "Point",
        "coordinates": [
          115.3635067,
          -8.4979913
        ]
      }
    },
    {
      "type": "Feature",
      "properties": {
        "name": "Badan Pemberdayaan Masyarakat, Perempuan, KB dan Pemerintahan Desa Kabupaten Klungkung",
        "category": "kantor_pemerintah",
        "region": "Klungkung Regency",
        "confidence": 0.84,
        "source_file": "RZVRQ2SY.xlsx",
        "address": "Jl. Durian I No.20, Banjarangkan, Kec. Banjarangkan, Kabupaten Klungkung, Bali 80752"
      },
      "geometry": {
        "type": "Point",
        "coordinates": [
          115.3783026,
          -8.5531835
        ]
      }
    },
    {
      "type": "Feature",
      "properties": {
        "name": "Bakas Adventure Elephant Safari and Rafting",
        "category": "attractions",
        "region": "Klungkung Regency",
        "confidence": 0.87,
        "source_file": "wisata.xlsx, XLU5DC2A.xlsx",
        "address": "F9H5+QFR, Bakas, Banjarangkan, Klungkung Regency, Bali 80515"
      },
      "geometry": {
        "type": "Point",
        "coordinates": [
          115.358641,
          -8.5205181
        ]
      }
    },
    {
      "type": "Feature",
      "properties": {
        "name": "Bakas Bird Walking",
        "category": "attractions",
        "region": "Klungkung Regency",
        "confidence": 0.9,
        "source_file": "wisata.xlsx, XLU5DC2A.xlsx",
        "address": "F9GC+P39, Bakas, Banjarangkan, Klungkung Regency, Bali 80752"
      },
      "geometry": {
        "type": "Point",
        "coordinates": [
          115.3702255,
          -8.5232134
        ]
      }
    },
    {
      "type": "Feature",
      "properties": {
        "name": "Bakas Rock City",
        "category": "attractions",
        "region": "Klungkung Regency",
        "confidence": 0.84,
        "source_file": "wisata.xlsx, XLU5DC2A.xlsx",
        "address": "F9J8+H74, Jl. Bakas, Bakas, Kec. Banjarangkan, Kabupaten Klungkung, Bali 80752"
      },
      "geometry": {
        "type": "Point",
        "coordinates": [
          115.3658984,
          -8.5187657
        ]
      }
    },
    {
      "type": "Feature",
      "properties": {
        "name": "Balai Banjar Adat Dukuh",
        "category": "balai_masyarakat",
        "region": "Klungkung Regency",
        "confidence": 0.87,
        "source_file": "MKMOSR5C.xlsx",
        "address": "G936+2QG, Br. Dukuh, Nyalian, Kec. Banjarangkan, Kabupaten Klungkung, Bali 80752"
      },
      "geometry": {
        "type": "Point",
        "coordinates": [
          115.3619435,
          -8.4974334
        ]
      }
    },
    {
      "type": "Feature",
      "properties": {
        "name": "Balai Banjar Babakan Sewalegiri Aan Banjarangkan Klungkung",
        "category": "balai_masyarakat",
        "region": "Klungkung Regency",
        "confidence": 0.9,
        "source_file": "MKMOSR5C.xlsx",
        "address": "F9XG+GQ8, Banjarangkan, Aan, Kec. Klungkung, Kabupaten Klungkung, Bali 80716"
      },
      "geometry": {
        "type": "Point",
        "coordinates": [
          115.3769498,
          -8.5012139
        ]
      }
    },
    {
      "type": "Feature",
      "properties": {
        "name": "Balai Banjar Banda",
        "category": "balai_pertemuan_desa",
        "region": "Klungkung Regency",
        "confidence": 0.87,
        "source_file": "4ZDU3D7D.xlsx, D7RSP2LU.xlsx, F5265UR2.xlsx, GQ3D8NMP.xlsx, MKMOSR5C.xlsx, S33E300D.xlsx",
        "address": "C9XM+PRQ, Takmung, Kec. Banjarangkan, Kabupaten Klungkung, Bali 80752"
      },
      "geometry": {
        "type": "Point",
        "coordinates": [
          115.3845978,
          -8.5506694
        ]
      }
    },
    {
      "type": "Feature",
      "properties": {
        "name": "Balai Banjar Desa Getakan",
        "category": "balai_masyarakat",
        "region": "Klungkung Regency",
        "confidence": 0.87,
        "source_file": "MKMOSR5C.xlsx",
        "address": "F9JG+V5W, Getakan, Kec. Banjarangkan, Kabupaten Klungkung, Bali 80752"
      },
      "geometry": {
        "type": "Point",
        "coordinates": [
          115.3754749,
          -8.5179219
        ]
      }
    },
    {
      "type": "Feature",
      "properties": {
        "name": "Balai Banjar Desa Tengah",
        "category": "balai_masyarakat",
        "region": "Klungkung Regency",
        "confidence": 0.87,
        "source_file": "F5265UR2.xlsx",
        "address": "G99M+HQ8, Timuhun, Banjarangkan, Klungkung Regency, Bali 80752"
      },
      "geometry": {
        "type": "Point",
        "coordinates": [
          115.3841626,
          -8.4811093
        ]
      }
    },
    {
      "type": "Feature",
      "properties": {
        "name": "Balai Banjar Gembalan, Besakih Klungkung",
        "category": "balai_masyarakat",
        "region": "Klungkung Regency",
        "confidence": 0.9,
        "source_file": "MKMOSR5C.xlsx",
        "address": "GC82+FCR, Jl. Raya Besakih, Dusun Gembalan, Selat, Kec. Klungkung, Kabupaten Klungkung, Bali 80716"
      },
      "geometry": {
        "type": "Point",
        "coordinates": [
          115.4010042,
          -8.4837569
        ]
      }
    },
    {
      "type": "Feature",
      "properties": {
        "name": "Balai Banjar Geria",
        "category": "community_center",
        "region": "Klungkung Regency",
        "confidence": 0.9,
        "source_file": "4ZDU3D7D.xlsx, D7RSP2LU.xlsx, F5265UR2.xlsx, GQ3D8NMP.xlsx, MKMOSR5C.xlsx",
        "address": "F9RJ+XH3, Jalan Raya, Aan, Banjarangkan, Klungkung Regency, Bali 80716"
      },
      "geometry": {
        "type": "Point",
        "coordinates": [
          115.3814066,
          -8.5076017
        ]
      }
    },
    {
      "type": "Feature",
      "properties": {
        "name": "Balai Banjar Gingsir",
        "category": "balai_masyarakat",
        "region": "Klungkung Regency",
        "confidence": 0.9,
        "source_file": "MKMOSR5C.xlsx",
        "address": "FCH2+VFW, Jl. Raya Besakih, Dusun Gingsir, Akah, Kec. Klungkung, Kabupaten Klungkung, Bali 80716"
      },
      "geometry": {
        "type": "Point",
        "coordinates": [
          115.4012174,
          -8.5202515
        ]
      }
    },
    {
      "type": "Feature",
      "properties": {
        "name": "Balai Banjar Nesa Banjarangkan",
        "category": "balai_masyarakat",
        "region": "Klungkung Regency",
        "confidence": 0.9,
        "source_file": "4ZDU3D7D.xlsx, D7RSP2LU.xlsx, F5265UR2.xlsx, GQ3D8NMP.xlsx, MKMOSR5C.xlsx, S33E300D.xlsx",
        "address": "Jl. Raya Banjarangkan No.22, Banjarangkan, Kec. Banjarangkan, Kabupaten Klungkung, Bali 80752"
      },
      "geometry": {
        "type": "Point",
        "coordinates": [
          115.3693058,
          -8.5498233
        ]
      }
    },
    {
      "type": "Feature",
      "properties": {
        "name": "Balai Banjar Pagutan Banjarangkan",
        "category": "balai_pertemuan_desa",
        "region": "Klungkung Regency",
        "confidence": 0.9,
        "source_file": "4ZDU3D7D.xlsx, D7RSP2LU.xlsx, F5265UR2.xlsx, GQ3D8NMP.xlsx, MKMOSR5C.xlsx, S33E300D.xlsx",
        "address": "C9XC+VGH, Banjarangkan, Kec. Banjarangkan, Kabupaten Klungkung, Bali 80752"
      },
      "geometry": {
        "type": "Point",
        "coordinates": [
          115.3713477,
          -8.5503054
        ]
      }
    },
    {
      "type": "Feature",
      "properties": {
        "name": "Balai Banjar Paksebali",
        "category": "balai_masyarakat",
        "region": "Klungkung Regency",
        "confidence": 0.87,
        "source_file": "4ZDU3D7D.xlsx, D7RSP2LU.xlsx, F5265UR2.xlsx, GQ3D8NMP.xlsx, MKMOSR5C.xlsx, S33E300D.xlsx",
        "address": "Jl. Semarapura-Karangasem, Paksebali, Kec. Dawan, Kabupaten Klungkung, Bali 80761"
      },
      "geometry": {
        "type": "Point",
        "coordinates": [
          115.4149731,
          -8.5340814
        ]
      }
    },
    {
      "type": "Feature",
      "properties": {
        "name": "Balai Banjar Palak, Desa Selat, Klungkung, Bali",
        "category": "federal_government_office",
        "region": "Klungkung Regency",
        "confidence": 0.84,
        "source_file": "20F8ADAH.xlsx",
        "address": "G93X+7H6, Selat, Klungkung, Klungkung Regency, Bali 80716, Indonesia"
      },
      "geometry": {
        "type": "Point",
        "coordinates": [
          115.3988936,
          -8.4968352
        ]
      }
    },
    {
      "type": "Feature",
      "properties": {
        "name": "Balai Banjar Pande",
        "category": "tempat_ibadah",
        "region": "Klungkung Regency",
        "confidence": 0.87,
        "source_file": "4ZDU3D7D.xlsx, D7RSP2LU.xlsx, F5265UR2.xlsx, GQ3D8NMP.xlsx, MKMOSR5C.xlsx, S33E300D.xlsx",
        "address": "FC8V+2J6, Dawan Klod, Kec. Dawan, Kabupaten Klungkung, Bali 80761"
      },
      "geometry": {
        "type": "Point",
        "coordinates": [
          115.4440228,
          -8.5349586
        ]
      }
    },
    {
      "type": "Feature",
      "properties": {
        "name": "Balai Banjar Pekandelan Kaler",
        "category": "organisasi_pemuda",
        "region": "Klungkung Regency",
        "confidence": 0.87,
        "source_file": "20F8ADAH.xlsx, QP4FQ600.xlsx",
        "address": "Jl. Cempaka No.5, lingkungan pekandelan, Semarapura Kelod, Kec. Klungkung, Kabupaten Klungkung, Bali 80761"
      },
      "geometry": {
        "type": "Point",
        "coordinates": [
          115.4005489,
          -8.537759
        ]
      }
    },
    {
      "type": "Feature",
      "properties": {
        "name": "Balai Banjar Pempatan",
        "category": "community_center",
        "region": "Klungkung Regency",
        "confidence": 0.9,
        "source_file": "4ZDU3D7D.xlsx, D7RSP2LU.xlsx, MKMOSR5C.xlsx",
        "address": "F9RM+7C4, Banjarankan,, Jl. Raya Banjarangkan, Aan, Kec. Banjarangkan, Kabupaten Klungkung, Bali 80716"
      },
      "geometry": {
        "type": "Point",
        "coordinates": [
          115.3835906,
          -8.509369
        ]
      }
    },
    {
      "type": "Feature",
      "properties": {
        "name": "Balai Banjar Sala",
        "category": "community_center",
        "region": "Klungkung Regency",
        "confidence": 0.9,
        "source_file": "4ZDU3D7D.xlsx, 20F8ADAH.xlsx, D7RSP2LU.xlsx, F5265UR2.xlsx, GQ3D8NMP.xlsx, MKMOSR5C.xlsx, S33E300D.xlsx",
        "address": "F9QM+FH2, Unnamed Rd, Kabupaten KlungkungBanjarankan,, Aan, Kec. Banjarangkan, Kabupaten Klungkung, Bali 80716"
      },
      "geometry": {
        "type": "Point",
        "coordinates": [
          115.3839028,
          -8.5113526
        ]
      }
    },
    {
      "type": "Feature",
      "properties": {
        "name": "Balai Banjar Salang",
        "category": "balai_masyarakat",
        "region": "Klungkung Regency",
        "confidence": 0.9,
        "source_file": "4ZDU3D7D.xlsx, 20F8ADAH.xlsx, D7RSP2LU.xlsx, MKMOSR5C.xlsx, QP4FQ600.xlsx",
        "address": "7G6W+RQP, Batukandik, Kec. Nusa Penida, Kabupaten Klungkung, Bali 80771"
      },
      "geometry": {
        "type": "Point",
        "coordinates": [
          115.5469619,
          -8.7379027
        ]
      }
    },
    {
      "type": "Feature",
      "properties": {
        "name": "Balai Banjar Selat",
        "category": "balai_masyarakat",
        "region": "Klungkung Regency",
        "confidence": 0.84,
        "source_file": "4ZDU3D7D.xlsx, D7RSP2LU.xlsx, GQ3D8NMP.xlsx, MKMOSR5C.xlsx",
        "address": "F9QJ+W68, Aan, Kec. Banjarangkan, Kabupaten Klungkung, Bali 80752"
      },
      "geometry": {
        "type": "Point",
        "coordinates": [
          115.3805627,
          -8.5102229
        ]
      }
    },
    {
      "type": "Feature",
      "properties": {
        "name": "Balai Banjar Selat, Desa Banjarangkan Klungkung",
        "category": "kantor_perusahaan",
        "region": "Klungkung Regency",
        "confidence": 0.87,
        "source_file": "20F8ADAH.xlsx, QP4FQ600.xlsx",
        "address": "F928+6W7, Banjarangkan, Klungkung Regency, Bali 80515"
      },
      "geometry": {
        "type": "Point",
        "coordinates": [
          115.3672937,
          -8.5494742
        ]
      }
    },
    {
      "type": "Feature",
      "properties": {
        "name": "Balai Banjar Sengkiding",
        "category": "community_center",
        "region": "Klungkung Regency",
        "confidence": 0.9,
        "source_file": "GQ3D8NMP.xlsx, MKMOSR5C.xlsx",
        "address": "F9XF+RQG, Jalan Raya, Aan, Banjarangkan, Klungkung Regency, Bali 80752"
      },
      "geometry": {
        "type": "Point",
        "coordinates": [
          115.3744451,
          -8.5004365
        ]
      }
    },
    {
      "type": "Feature",
      "properties": {
        "name": "Balai Banjar Tengah",
        "category": "balai_masyarakat",
        "region": "Klungkung Regency",
        "confidence": 0.87,
        "source_file": "4ZDU3D7D.xlsx, D7RSP2LU.xlsx, F5265UR2.xlsx, MKMOSR5C.xlsx, S33E300D.xlsx",
        "address": "G9PJ+6CF, Jl. Banjar Jungut, Tohpati, Kec. Banjarangkan, Kabupaten Klungkung, Bali 80752"
      },
      "geometry": {
        "type": "Point",
        "coordinates": [
          115.3808752,
          -8.4645132
        ]
      }
    },
    {
      "type": "Feature",
      "properties": {
        "name": "Balai Banjar Tengah",
        "category": "balai_pertemuan_desa",
        "region": "Klungkung Regency",
        "confidence": 0.87,
        "source_file": "4ZDU3D7D.xlsx, D7RSP2LU.xlsx, F5265UR2.xlsx, GQ3D8NMP.xlsx, MKMOSR5C.xlsx, S33E300D.xlsx",
        "address": "FC6V+P8G, Jl. Sawo Kabeh No.3, Dawan Klod, Kec. Dawan, Kabupaten Klungkung, Bali 80761"
      },
      "geometry": {
        "type": "Point",
        "coordinates": [
          115.4435081,
          -8.5379745
        ]
      }
    },
    {
      "type": "Feature",
      "properties": {
        "name": "Balai Banjar Umanyar",
        "category": "balai_pertemuan_desa",
        "region": "Klungkung Regency",
        "confidence": 0.9,
        "source_file": "4ZDU3D7D.xlsx, 20F8ADAH.xlsx, D7RSP2LU.xlsx, GQ3D8NMP.xlsx, MKMOSR5C.xlsx, QP4FQ600.xlsx, S33E300D.xlsx",
        "address": "G926+Q7G, Nyalian, Kec. Banjarangkan, Kabupaten Klungkung, Bali 80752"
      },
      "geometry": {
        "type": "Point",
        "coordinates": [
          115.3607051,
          -8.4980597
        ]
      }
    },
    {
      "type": "Feature",
      "properties": {
        "name": "Balai banjar kawan",
        "category": "balai_masyarakat",
        "region": "Klungkung Regency",
        "confidence": 0.87,
        "source_file": "MKMOSR5C.xlsx",
        "address": "G99M+PG6, Timuhun, Kec. Banjarangkan, Kabupaten Klungkung, Bali 80752"
      },
      "geometry": {
        "type": "Point",
        "coordinates": [
          115.383311,
          -8.4803738
        ]
      }
    },
    {
      "type": "Feature",
      "properties": {
        "name": "Balai banjar kelodan",
        "category": "corporate_office",
        "region": "Klungkung Regency",
        "confidence": 0.84,
        "source_file": "4ZDU3D7D.xlsx, 20F8ADAH.xlsx, D7RSP2LU.xlsx, GQ3D8NMP.xlsx, MKMOSR5C.xlsx, QP4FQ600.xlsx, S33E300D.xlsx",
        "address": "F9X8+HRX, Unnamed Road, Nyalian, Banjarangkan, Klungkung Regency, Bali 80752"
      },
      "geometry": {
        "type": "Point",
        "coordinates": [
          115.3671098,
          -8.5010025
        ]
      }
    },
    {
      "type": "Feature",
      "properties": {
        "name": "Balai banjar pemenang",
        "category": "kantor_perusahaan",
        "region": "Klungkung Regency",
        "confidence": 0.87,
        "source_file": "4ZDU3D7D.xlsx, 20F8ADAH.xlsx, D7RSP2LU.xlsx, F5265UR2.xlsx, GQ3D8NMP.xlsx, MKMOSR5C.xlsx, QP4FQ600.xlsx, S33E300D.xlsx",
        "address": "G946+WJG, Unnamed Road, Nyalian, Kec. Banjarangkan, Kabupaten Klungkung, Bali 80752"
      },
      "geometry": {
        "type": "Point",
        "coordinates": [
          115.3615734,
          -8.4926891
        ]
      }
    },
    {
      "type": "Feature",
      "properties": {
        "name": "Banjar Adat Bucu",
        "category": "pusat_kegiatan_warga",
        "region": "Klungkung Regency",
        "confidence": 0.87,
        "source_file": "20F8ADAH.xlsx, QP4FQ600.xlsx",
        "address": "FC82+PHW, Jl. Imam Bonjol, Semarapura Tengah, Kec. Klungkung, Kabupaten Klungkung, Bali 80761"
      },
      "geometry": {
        "type": "Point",
        "coordinates": [
          115.4014419,
          -8.5331397
        ]
      }
    },
    {
      "type": "Feature",
      "properties": {
        "name": "Bukit Belong",
        "category": "attractions",
        "region": "Klungkung Regency",
        "confidence": 0.9,
        "source_file": "wisata.xlsx, XLU5DC2A.xlsx",
        "address": "FC3J+X2F, Jl. Bukit Belong, Gunaksa, Kec. Dawan, Kabupaten Klungkung, Bali 80761"
      },
      "geometry": {
        "type": "Point",
        "coordinates": [
          115.4276538,
          -8.5449492
        ]
      }
    },
    {
      "type": "Feature",
      "properties": {
        "name": "DESA WISATA BAKAS",
        "category": "attractions",
        "region": "Klungkung Regency",
        "confidence": 0.9,
        "source_file": "wisata.xlsx, XLU5DC2A.xlsx",
        "address": "F9H9+F66, Jl. Bakas, Tusan, Kec. Banjarangkan, Kabupaten Klungkung, Bali 80752"
      },
      "geometry": {
        "type": "Point",
        "coordinates": [
          115.368006,
          -8.5213315
        ]
      }
    },
    {
      "type": "Feature",
      "properties": {
        "name": "Desa Wisata Paksebali",
        "category": "attractions",
        "region": "Klungkung Regency",
        "confidence": 0.84,
        "source_file": "wisata.xlsx, XLU5DC2A.xlsx",
        "address": "FC89+7GW, Paksebali, Dawan, Klungkung Regency, Bali 80761"
      },
      "geometry": {
        "type": "Point",
        "coordinates": [
          115.4188187,
          -8.5342617
        ]
      }
    },
    {
      "type": "Feature",
      "properties": {
        "name": "Devil's Tears",
        "category": "attractions",
        "region": "Klungkung Regency",
        "confidence": 0.9,
        "source_file": "wisata.xlsx, XLU5DC2A.xlsx",
        "address": "Nusa Lembongan, Jungutbatu, Nusa Penida, Klungkung Regency, Bali 80771"
      },
      "geometry": {
        "type": "Point",
        "coordinates": [
          115.4302884,
          -8.690565
        ]
      }
    },
    {
      "type": "Feature",
      "properties": {
        "name": "Dinas Ketahanan Pangan Dan Perikanan Kabupaten Klungkung",
        "category": "kantor_pemerintahan_regional",
        "region": "Klungkung Regency",
        "confidence": 0.9,
        "source_file": "RZVRQ2SY.xlsx",
        "address": "Jl. Raya Takmung No.1, Takmung, Kec. Banjarangkan, Kabupaten Klungkung, Bali 80716"
      },
      "geometry": {
        "type": "Point",
        "coordinates": [
          115.3891905,
          -8.552857
        ]
      }
    },
    {
      "type": "Feature",
      "properties": {
        "name": "Dinas Pariwisata Kabupaten Klungkung",
        "category": "kantor_pemerintahan_wilayah",
        "region": "Klungkung Regency",
        "confidence": 0.87,
        "source_file": "RZVRQ2SY.xlsx",
        "address": "FC73+254, Semarapura Kelod, Kec. Klungkung, Kabupaten Klungkung, Bali"
      },
      "geometry": {
        "type": "Point",
        "coordinates": [
          115.402967,
          -8.5374826
        ]
      }
    },
    {
      "type": "Feature",
      "properties": {
        "name": "Dinas Pariwisata danKebudayaan Kabupaten Klungkung",
        "category": "kantor_pemerintah",
        "region": "Klungkung Regency",
        "confidence": 0.84,
        "source_file": "RZVRQ2SY.xlsx",
        "address": "Jl. Untung Suropati No.2, Semarapura Tengah, Kec. Klungkung, Kabupaten Klungkung, Bali 80711"
      },
      "geometry": {
        "type": "Point",
        "coordinates": [
          115.3222418,
          -8.5463078
        ]
      }
    },
    {
      "type": "Feature",
      "properties": {
        "name": "Elementary School Number 1 Semarapura Klod",
        "category": "sekolah_dasar",
        "region": "Klungkung Regency",
        "confidence": 0.84,
        "source_file": "LZIT5G8W.xlsx",
        "address": "FC64+6QV, Semarapura Kangin, Kec. Klungkung, Kabupaten Klungkung, Bali 80715"
      },
      "geometry": {
        "type": "Point",
        "coordinates": [
          115.4069286,
          -8.5393781
        ]
      }
    },
    {
      "type": "Feature",
      "properties": {
        "name": "Goa Jepang Klungkung",
        "category": "attractions",
        "region": "Klungkung Regency",
        "confidence": 0.9,
        "source_file": "wisata.xlsx, XLU5DC2A.xlsx",
        "address": "C9WJ+XG8, Jalan Raya, Banjarangkan, Klungkung Regency, Bali 80752"
      },
      "geometry": {
        "type": "Point",
        "coordinates": [
          115.3813149,
          -8.5525982
        ]
      }
    },
    {
      "type": "Feature",
      "properties": {
        "name": "KANTOR SEKRETARIAT DESA ADAT TIMUHUN",
        "category": "kantor_pemerintahan_daerah",
        "region": "Klungkung Regency",
        "confidence": 0.84,
        "source_file": "RZVRQ2SY.xlsx",
        "address": "G9CM+34F, Jl. Raya Timuhun, Timuhun, Kec. Banjarangkan, Kabupaten Klungkung, Bali 80752"
      },
      "geometry": {
        "type": "Point",
        "coordinates": [
          115.3827692,
          -8.4800495
        ]
      }
    },
    {
      "type": "Feature",
      "properties": {
        "name": "Kali Unda",
        "category": "attractions",
        "region": "Klungkung Regency",
        "confidence": 0.9,
        "source_file": "wisata.xlsx, XLU5DC2A.xlsx",
        "address": "Jl. Diponegoro No.153, Paksebali, Kec. Dawan, Kabupaten Klungkung, Bali 80761"
      },
      "geometry": {
        "type": "Point",
        "coordinates": [
          115.4116834,
          -8.5335246
        ]
      }
    },
    {
      "type": "Feature",
      "properties": {
        "name": "Kantor Desa Bakas",
        "category": "kantor_pemerintah",
        "region": "Klungkung Regency",
        "confidence": 0.84,
        "source_file": "RZVRQ2SY.xlsx",
        "address": "F9H8+W33, Bakas, Kec. Banjarangkan, Kabupaten Klungkung, Bali 80752"
      },
      "geometry": {
        "type": "Point",
        "coordinates": [
          115.3651856,
          -8.5202399
        ]
      }
    },
    {
      "type": "Feature",
      "properties": {
        "name": "Kantor Desa Manduang",
        "category": "kantor_pemerintahan_wilayah",
        "region": "Klungkung Regency",
        "confidence": 0.87,
        "source_file": "RZVRQ2SY.xlsx",
        "address": "F9HR+RRJ, Manduang, Kec. Klungkung, Kabupaten Klungkung, Bali 80716"
      },
      "geometry": {
        "type": "Point",
        "coordinates": [
          115.3920117,
          -8.5204004
        ]
      }
    },
    {
      "type": "Feature",
      "properties": {
        "name": "Kantor KPU Kabupaten Klungkung",
        "category": "kantor_pemerintah",
        "region": "Klungkung Regency",
        "confidence": 0.84,
        "source_file": "RZVRQ2SY.xlsx",
        "address": "Jalan By Pas Jl. Prof. Dr. Ida Bagus Mantra No.88, Negari, Kec. Banjarangkan, Kabupaten Klungkung, Bali 80752"
      },
      "geometry": {
        "type": "Point",
        "coordinates": [
          115.3794354,
          -8.5683704
        ]
      }
    },
    {
      "type": "Feature",
      "properties": {
        "name": "Kantor Kecamatan Klungkung",
        "category": "kantor_pemerintahan_kota",
        "region": "Klungkung Regency",
        "confidence": 0.84,
        "source_file": "RZVRQ2SY.xlsx",
        "address": "Jl. Raya Besakih No.1, Semarapura Kelod Kangin, Kec. Klungkung, Kabupaten Klungkung, Bali 80716"
      },
      "geometry": {
        "type": "Point",
        "coordinates": [
          115.4029643,
          -8.5249812
        ]
      }
    },
    {
      "type": "Feature",
      "properties": {
        "name": "Kantor Kepala Desa Bungbungan",
        "category": "county_government_office",
        "region": "Klungkung Regency",
        "confidence": 0.87,
        "source_file": "RZVRQ2SY.xlsx",
        "address": "Jl. Raya Bungbungan No.12, Bungbungan, Kec. Banjarangkan, Kabupaten Klungkung, Bali 80752"
      },
      "geometry": {
        "type": "Point",
        "coordinates": [
          115.3755772,
          -8.47616
        ]
      }
    },
    {
      "type": "Feature",
      "properties": {
        "name": "Kantor Kepala Desa Tihingan",
        "category": "kantor_pemerintah",
        "region": "Klungkung Regency",
        "confidence": 0.84,
        "source_file": "RZVRQ2SY.xlsx",
        "address": "F99M+X7R, Jl. Raya Tihingan, Tihingan, Kec. Banjarangkan, Kabupaten Klungkung, Bali 80716"
      },
      "geometry": {
        "type": "Point",
        "coordinates": [
          115.3831417,
          -8.5300166
        ]
      }
    },
    {
      "type": "Feature",
      "properties": {
        "name": "Kantor Perbekel Desa Tusan",
        "category": "government_office",
        "region": "Klungkung Regency",
        "confidence": 0.87,
        "source_file": "RZVRQ2SY.xlsx",
        "address": "F948+4MG, Jl. Bakas, Tusan, Kec. Banjarangkan, Kabupaten Klungkung, Bali 80752"
      },
      "geometry": {
        "type": "Point",
        "coordinates": [
          115.3666915,
          -8.5446853
        ]
      }
    },
    {
      "type": "Feature",
      "properties": {
        "name": "Kantor Pos Banjarangkan",
        "category": "kantor_pos",
        "region": "Klungkung Regency",
        "confidence": 0.87,
        "source_file": "RZVRQ2SY.xlsx",
        "address": "Jl. Letnan Satu Ide Bagus Puja No. 50, Banjarangkan, Kec. Klungkung, Kabupaten Klungkung, Bali 80752"
      },
      "geometry": {
        "type": "Point",
        "coordinates": [
          115.3761954,
          -8.5507369
        ]
      }
    },
    {
      "type": "Feature",
      "properties": {
        "name": "Kantor desa banjarangkan klungkung",
        "category": "kantor_pemerintahan_wilayah",
        "region": "Klungkung Regency",
        "confidence": 0.87,
        "source_file": "RZVRQ2SY.xlsx",
        "address": "F928+6VM, Banjarangkan, Kec. Banjarangkan, Kabupaten Klungkung, Bali 80515"
      },
      "geometry": {
        "type": "Point",
        "coordinates": [
          115.3671658,
          -8.5494065
        ]
      }
    },
    {
      "type": "Feature",
      "properties": {
        "name": "Kawasan Wisata Desa Romantic Hill",
        "category": "attractions",
        "region": "Klungkung Regency",
        "confidence": 0.9,
        "source_file": "wisata.xlsx, XLU5DC2A.xlsx",
        "address": "Dawan Kaler, Dawan, Klungkung Regency, Bali 80761"
      },
      "geometry": {
        "type": "Point",
        "coordinates": [
          115.4488407,
          -8.5301221
        ]
      }
    },
    {
      "type": "Feature",
      "properties": {
        "name": "Kentel Gumi Temple",
        "category": "attractions",
        "region": "Klungkung Regency",
        "confidence": 0.9,
        "source_file": "wisata.xlsx, XLU5DC2A.xlsx",
        "address": "Jl. Raya Banjarangkan No.4, Tusan, Kec. Banjarangkan, Kabupaten Klungkung, Bali 80515"
      },
      "geometry": {
        "type": "Point",
        "coordinates": [
          115.3660184,
          -8.5464612
        ]
      }
    },
    {
      "type": "Feature",
      "properties": {
        "name": "Kertha Gosa Park",
        "category": "attractions",
        "region": "Klungkung Regency",
        "confidence": 0.9,
        "source_file": "wisata.xlsx, XLU5DC2A.xlsx",
        "address": "Jl. Kenanga No.11, Semarapura Kelod, Kec. Klungkung, Kabupaten Klungkung, Bali 80761"
      },
      "geometry": {
        "type": "Point",
        "coordinates": [
          115.4035934,
          -8.5357626
        ]
      }
    },
    {
      "type": "Feature",
      "properties": {
        "name": "Melangit Bali Adventure",
        "category": "attractions",
        "region": "Klungkung Regency",
        "confidence": 0.9,
        "source_file": "wisata.xlsx, XLU5DC2A.xlsx",
        "address": "Jl. Subak Bungsih No.77, Bakas, Kec. Banjarangkan, Kabupaten Klungkung, Bali 80752"
      },
      "geometry": {
        "type": "Point",
        "coordinates": [
          115.3631384,
          -8.5254361
        ]
      }
    },
    {
      "type": "Feature",
      "properties": {
        "name": "Pemandian Bidadari",
        "category": "attractions",
        "region": "Klungkung Regency",
        "confidence": 0.87,
        "source_file": "wisata.xlsx, XLU5DC2A.xlsx",
        "address": "F947+JCV, Pintu, Tusan, Banjarangkan, Klungkung Regency, Bali"
      },
      "geometry": {
        "type": "Point",
        "coordinates": [
          115.3635612,
          -8.5433958
        ]
      }
    },
    {
      "type": "Feature",
      "properties": {
        "name": "PosPajakKlungkung",
        "category": "kantor_pelayanan_pajak",
        "region": "Klungkung Regency",
        "confidence": 0.87,
        "source_file": "RZVRQ2SY.xlsx",
        "address": "Jl. Gajah Mada No.74, Semarapura Kelod Kangin, Kec. Klungkung, Kabupaten Klungkung, Bali 80761"
      },
      "geometry": {
        "type": "Point",
        "coordinates": [
          115.4038426,
          -8.5261025
        ]
      }
    },
    {
      "type": "Feature",
      "properties": {
        "name": "Rafting Bakas",
        "category": "attractions",
        "region": "Klungkung Regency",
        "confidence": 0.9,
        "source_file": "wisata.xlsx, XLU5DC2A.xlsx",
        "address": "F9J5+R32, Bakas, Banjarangkan, Klungkung Regency, Bali 80515"
      },
      "geometry": {
        "type": "Point",
        "coordinates": [
          115.3576503,
          -8.5179935
        ]
      }
    },
    {
      "type": "Feature",
      "properties": {
        "name": "SD 1 Negeri Batununggul",
        "category": "sekolah_dasar",
        "region": "Klungkung Regency",
        "confidence": 0.84,
        "source_file": "LZIT5G8W.xlsx",
        "address": "8H96+HV7, Batununggul, Kec. Nusa Penida, Kabupaten Klungkung, Bali 80771"
      },
      "geometry": {
        "type": "Point",
        "coordinates": [
          115.5621872,
          -8.6810925
        ]
      }
    },
    {
      "type": "Feature",
      "properties": {
        "name": "SD N 3 Jungutbatu",
        "category": "sekolah_dasar",
        "region": "Klungkung Regency",
        "confidence": 0.84,
        "source_file": "LZIT5G8W.xlsx",
        "address": "8F96+73R Lembongan island, Jungutbatu, Kec. Nusa Penida, Kabupaten Klungkung, Bali 80771"
      },
      "geometry": {
        "type": "Point",
        "coordinates": [
          115.4601447,
          -8.681771
        ]
      }
    },
    {
      "type": "Feature",
      "properties": {
        "name": "SD NEGERI 3 SAKTI",
        "category": "sekolah_dasar",
        "region": "Klungkung Regency",
        "confidence": 0.84,
        "source_file": "LZIT5G8W.xlsx",
        "address": "Sebuluh, Kec. Nusa Penida, Kabupaten Klungkung, Bali 80771"
      },
      "geometry": {
        "type": "Point",
        "coordinates": [
          115.4916283,
          -8.752723
        ]
      }
    },
    {
      "type": "Feature",
      "properties": {
        "name": "SD NEGERI 3 TANGLAD",
        "category": "sekolah_dasar",
        "region": "Klungkung Regency",
        "confidence": 0.84,
        "source_file": "LZIT5G8W.xlsx",
        "address": "6HP7+HWP, Tanglad, Kec. Nusa Penida, Kabupaten Klungkung, Bali 80771"
      },
      "geometry": {
        "type": "Point",
        "coordinates": [
          115.5648433,
          -8.7635369
        ]
      }
    },
    {
      "type": "Feature",
      "properties": {
        "name": "SD NEGERI DAWAN KALER",
        "category": "sekolah_dasar",
        "region": "Klungkung Regency",
        "confidence": 0.84,
        "source_file": "LZIT5G8W.xlsx",
        "address": "FC9V+9M4, Dawan Kaler, Kec. Dawan, Kabupaten Klungkung, Bali 80761"
      },
      "geometry": {
        "type": "Point",
        "coordinates": [
          115.4442179,
          -8.5316221
        ]
      }
    },
    {
      "type": "Feature",
      "properties": {
        "name": "SD Negeri 1 Jungutbatu",
        "category": "sekolah_dasar",
        "region": "Klungkung Regency",
        "confidence": 0.84,
        "source_file": "LZIT5G8W.xlsx",
        "address": "8FG2+7V7, Jungutbatu, Kec. Nusa Penida, Kabupaten Klungkung, Bali 80771"
      },
      "geometry": {
        "type": "Point",
        "coordinates": [
          115.4521665,
          -8.6743344
        ]
      }
    },
    {
      "type": "Feature",
      "properties": {
        "name": "SD Negeri 1 Kamasan",
        "category": "sekolah_dasar",
        "region": "Klungkung Regency",
        "confidence": 0.84,
        "source_file": "LZIT5G8W.xlsx",
        "address": "FC25+95P, Kamasan, Kec. Klungkung, Kabupaten Klungkung, Bali 80751"
      },
      "geometry": {
        "type": "Point",
        "coordinates": [
          115.4079634,
          -8.5490298
        ]
      }
    },
    {
      "type": "Feature",
      "properties": {
        "name": "SD Negeri 1 Lembongan",
        "category": "sekolah_dasar",
        "region": "Klungkung Regency",
        "confidence": 0.84,
        "source_file": "LZIT5G8W.xlsx",
        "address": "8C6M+42X LEMBONGAN TAXI SERVICE AND ACTIVITIES, Jungutbatu, Kec. Nusa Penida, Kabupaten Klungkung, Bali 80771"
      },
      "geometry": {
        "type": "Point",
        "coordinates": [
          115.432614,
          -8.6896346
        ]
      }
    },
    {
      "type": "Feature",
      "properties": {
        "name": "SD Negeri 1 Ped",
        "category": "sekolah_dasar",
        "region": "Klungkung Regency",
        "confidence": 0.84,
        "source_file": "LZIT5G8W.xlsx",
        "address": "8GG4+F96, Ped, Kec. Nusa Penida, Kabupaten Klungkung, Bali 80771"
      },
      "geometry": {
        "type": "Point",
        "coordinates": [
          115.505905,
          -8.6738363
        ]
      }
    },
    {
      "type": "Feature",
      "properties": {
        "name": "SD Negeri 1 Pikat",
        "category": "sekolah_dasar",
        "region": "Klungkung Regency",
        "confidence": 0.84,
        "source_file": "LZIT5G8W.xlsx",
        "address": "FF75+6C4, Pikat, Kec. Dawan, Kabupaten Klungkung, Bali 80761"
      },
      "geometry": {
        "type": "Point",
        "coordinates": [
          115.4585805,
          -8.5369801
        ]
      }
    },
    {
      "type": "Feature",
      "properties": {
        "name": "SD Negeri 1 Semarapura Kangin",
        "category": "sekolah_dasar",
        "region": "Klungkung Regency",
        "confidence": 0.84,
        "source_file": "LZIT5G8W.xlsx",
        "address": "FC93+5QH, Semarapura Kangin, Kec. Klungkung, Kabupaten Klungkung, Bali 80716"
      },
      "geometry": {
        "type": "Point",
        "coordinates": [
          115.4044799,
          -8.5320654
        ]
      }
    },
    {
      "type": "Feature",
      "properties": {
        "name": "SD Negeri 1 Tangkas",
        "category": "sekolah_dasar",
        "region": "Klungkung Regency",
        "confidence": 0.84,
        "source_file": "LZIT5G8W.xlsx",
        "address": "CCX8+949, Tangkas, Kec. Klungkung, Kabupaten Klungkung, Bali 80761"
      },
      "geometry": {
        "type": "Point",
        "coordinates": [
          115.4153701,
          -8.55159
        ]
      }
    },
    {
      "type": "Feature",
      "properties": {
        "name": "SD Negeri 1 Tanglad",
        "category": "sekolah_dasar",
        "region": "Klungkung Regency",
        "confidence": 0.84,
        "source_file": "LZIT5G8W.xlsx",
        "address": "6HGM+V3H, Tanglad, Kec. Nusa Penida, Kabupaten Klungkung, Bali 80771"
      },
      "geometry": {
        "type": "Point",
        "coordinates": [
          115.5827322,
          -8.7728231
        ]
      }
    },
    {
      "type": "Feature",
      "properties": {
        "name": "SD Negeri 1 Tojan",
        "category": "sekolah_menengah",
        "region": "Klungkung Regency",
        "confidence": 0.84,
        "source_file": "LZIT5G8W.xlsx",
        "address": "Jl. Raya Takmung No.88, Tojan, Kec. Klungkung, Kabupaten Klungkung, Bali 80716"
      },
      "geometry": {
        "type": "Point",
        "coordinates": [
          115.4024252,
          -8.5519406
        ]
      }
    },
    {
      "type": "Feature",
      "properties": {
        "name": "SD Negeri 2 Lembongan",
        "category": "sekolah_dasar",
        "region": "Klungkung Regency",
        "confidence": 0.84,
        "source_file": "LZIT5G8W.xlsx",
        "address": "8F32+MFF, Lembongan, Kec. Nusa Penida, Kabupaten Klungkung, Bali 80771"
      },
      "geometry": {
        "type": "Point",
        "coordinates": [
          115.4511664,
          -8.6958078
        ]
      }
    },
    {
      "type": "Feature",
      "properties": {
        "name": "SD Negeri Selisihan",
        "category": "sekolah_dasar",
        "region": "Klungkung Regency",
        "confidence": 0.84,
        "source_file": "LZIT5G8W.xlsx",
        "address": "G95Q+MHW, Selisihan, Kec. Klungkung, Kabupaten Klungkung, Bali 80716"
      },
      "geometry": {
        "type": "Point",
        "coordinates": [
          115.3889395,
          -8.4907728
        ]
      }
    },
    {
      "type": "Feature",
      "properties": {
        "name": "Sekolah Dasar Negeri 3 Lembongan",
        "category": "sekolah_dasar",
        "region": "Klungkung Regency",
        "confidence": 0.84,
        "source_file": "LZIT5G8W.xlsx",
        "address": "8C4R+WFJ, Br. Kelod Desa Lembongan Nusa Penida, Jungutbatu, Kec. Nusa Penida, Kabupaten Klungkung, Bali 80771"
      },
      "geometry": {
        "type": "Point",
        "coordinates": [
          115.4411277,
          -8.692662
        ]
      }
    },
    {
      "type": "Feature",
      "properties": {
        "name": "Sekolah Dasar Negeri Sulang",
        "category": "sekolah_dasar",
        "region": "Klungkung Regency",
        "confidence": 0.84,
        "source_file": "LZIT5G8W.xlsx",
        "address": "FC7C+FJ9, Jl. Raya Sulang, Sulang, Kec. Dawan, Kabupaten Klungkung, Bali 80761"
      },
      "geometry": {
        "type": "Point",
        "coordinates": [
          115.4216143,
          -8.5363305
        ]
      }
    },
    {
      "type": "Feature",
      "properties": {
        "name": "The Tadah Uwuk Waterfall and Canyon view",
        "category": "attractions",
        "region": "Klungkung Regency",
        "confidence": 0.9,
        "source_file": "wisata.xlsx, XLU5DC2A.xlsx",
        "address": "Umanyar, Nyalian, Banjarangkan, Klungkung Regency, Bali 80752"
      },
      "geometry": {
        "type": "Point",
        "coordinates": [
          115.35806,
          -8.4990911
        ]
      }
    },
    {
      "type": "Feature",
      "properties": {
        "name": "Tourism Village Kamasan",
        "category": "museums",
        "region": "Klungkung Regency",
        "confidence": 0.9,
        "source_file": "wisata.xlsx, XLU5DC2A.xlsx",
        "address": "FC34+4CF, Kamasan, Klungkung, Klungkung Regency, Bali 80716"
      },
      "geometry": {
        "type": "Point",
        "coordinates": [
          115.4060505,
          -8.5471958
        ]
      }
    },
    {
      "type": "Feature",
      "properties": {
        "name": "Tukad melangit",
        "category": "attractions",
        "region": "Klungkung Regency",
        "confidence": 0.87,
        "source_file": "wisata.xlsx, XLU5DC2A.xlsx",
        "address": "C9HC+2G6, Negari, Banjarangkan, Klungkung Regency, Bali"
      },
      "geometry": {
        "type": "Point",
        "coordinates": [
          115.3712538,
          -8.5724718
        ]
      }
    },
    {
      "type": "Feature",
      "properties": {
        "name": "Upt Dinas Pertanian Klungkung Di Banjarangkan",
        "category": "kantor_pemerintahan_daerah",
        "region": "Klungkung Regency",
        "confidence": 0.87,
        "source_file": "RZVRQ2SY.xlsx",
        "address": "F988+7Q2, Tusan, Kec. Banjarangkan, Kabupaten Klungkung, Bali 80752"
      },
      "geometry": {
        "type": "Point",
        "coordinates": [
          115.3668995,
          -8.5343663
        ]
      }
    },
    {
      "type": "Feature",
      "properties": {
        "name": "Warung Delod Perempatan Pak Kumis",
        "category": "pusat_perbelanjaan",
        "region": "Klungkung Regency",
        "confidence": 0.84,
        "source_file": "JQLVN4D2.xlsx",
        "address": "Jl. Raya Banjarangkan No.6, Banjarangkan, Kec. Banjarangkan, Kabupaten Klungkung, Bali 80515"
      },
      "geometry": {
        "type": "Point",
        "coordinates": [
          115.3667129,
          -8.5493742
        ]
      }
    },
    {
      "type": "Feature",
      "properties": {
        "name": "Wisata Bukit",
        "category": "attractions",
        "region": "Klungkung Regency",
        "confidence": 0.9,
        "source_file": "wisata.xlsx, XLU5DC2A.xlsx",
        "address": "FCF8+C8X, Paksebali, Dawan, Klungkung Regency, Bali 80761"
      },
      "geometry": {
        "type": "Point",
        "coordinates": [
          115.4158462,
          -8.5263793
        ]
      }
    },
    {
      "type": "Feature",
      "properties": {
        "name": "Wisata Konstruksi Galian C",
        "category": "attractions",
        "region": "Klungkung Regency",
        "confidence": 0.9,
        "source_file": "wisata.xlsx, XLU5DC2A.xlsx",
        "address": "CCGM+RHR, Unnamed Road, Gunaksa, Dawan, Klungkung Regency, Bali 80761"
      },
      "geometry": {
        "type": "Point",
        "coordinates": [
          115.4338906,
          -8.5728875
        ]
      }
    },
    {
      "type": "Feature",
      "properties": {
        "name": "Wisata Tenun Desa Paksebali",
        "category": "attractions",
        "region": "Klungkung Regency",
        "confidence": 0.9,
        "source_file": "wisata.xlsx, XLU5DC2A.xlsx",
        "address": "FC87+3M8, Paksebali, Dawan, Klungkung Regency, Bali 80761"
      },
      "geometry": {
        "type": "Point",
        "coordinates": [
          115.41421,
          -8.5348296
        ]
      }
    },
    {
      "type": "Feature",
      "properties": {
        "name": "Wisata Tirta Srinadi",
        "category": "attractions",
        "region": "Klungkung Regency",
        "confidence": 0.9,
        "source_file": "wisata.xlsx, XLU5DC2A.xlsx",
        "address": "CCW7+C4P, Br. Minggir, Desa Gel-gel, Kecamatan Klungkung, Gelgel, Kabupaten Klungkung, Bali 80761"
      },
      "geometry": {
        "type": "Point",
        "coordinates": [
          115.4128411,
          -8.5539149
        ]
      }
    },
    {
      "type": "Feature",
      "properties": {
        "name": "Wisata Warna Warni Kampung islam gelgel",
        "category": "attractions",
        "region": "Klungkung Regency",
        "confidence": 0.87,
        "source_file": "wisata.xlsx, XLU5DC2A.xlsx",
        "address": "Jl. Waturenggong Gang Usman bin Affan No.17, Kp. Gelgel, Kec. Klungkung, Kabupaten Klungkung, Bali 80761"
      },
      "geometry": {
        "type": "Point",
        "coordinates": [
          115.4109669,
          -8.5553482
        ]
      }
    },
    {
      "type": "Feature",
      "properties": {
        "name": "SD No. 3 Mengwi",
        "category": "secondary_school",
        "region": "Mangupura, Badung",
        "confidence": 0.84,
        "source_file": "M7E1PVJI.xlsx",
        "address": "Jl. I Gusti Ngurah Rai, Banjar Gambang, Kec. Mengwi, Mangupura, Badung, Bali 80351"
      },
      "geometry": {
        "type": "Point",
        "coordinates": [
          115.1708376,
          -8.5360805
        ]
      }
    },
    {
      "type": "Feature",
      "properties": {
        "name": "Sttkusumanadi",
        "category": "balai_masyarakat",
        "region": "Singaraja",
        "confidence": 0.9,
        "source_file": "4ZDU3D7D.xlsx, D7RSP2LU.xlsx, F5265UR2.xlsx, GQ3D8NMP.xlsx, MKMOSR5C.xlsx, S33E300D.xlsx",
        "address": "Banjar Dinas Babakan, Sambangan, Kec. Sukasada, Singaraja, Bali 81161"
      },
      "geometry": {
        "type": "Point",
        "coordinates": [
          115.0926812,
          -8.140429
        ]
      }
    },
    {
      "type": "Feature",
      "properties": {
        "name": "BALAI BANJAR LEGUNG",
        "category": "tempat_acara",
        "region": "Tabanan Regency",
        "confidence": 0.9,
        "source_file": "4ZDU3D7D.xlsx, D7RSP2LU.xlsx, F5265UR2.xlsx, GQ3D8NMP.xlsx, MKMOSR5C.xlsx, S33E300D.xlsx",
        "address": "G5W5+Q28, Jl. Legung, Tunjuk, Kec. Tabanan, Kabupaten Tabanan, Bali 82181"
      },
      "geometry": {
        "type": "Point",
        "coordinates": [
          115.157571,
          -8.453089
        ]
      }
    },
    {
      "type": "Feature",
      "properties": {
        "name": "BALAI BANJAR PAKRAMAN JADI BABAKAN",
        "category": "balai_masyarakat",
        "region": "Tabanan Regency",
        "confidence": 0.87,
        "source_file": "4ZDU3D7D.xlsx, D7RSP2LU.xlsx, GQ3D8NMP.xlsx, MKMOSR5C.xlsx, S33E300D.xlsx",
        "address": "F4MW+6C5 Jadi, Banjar Anyar, Kec. Kediri, Kabupaten Tabanan, Bali 82123"
      },
      "geometry": {
        "type": "Point",
        "coordinates": [
          115.146119,
          -8.5169778
        ]
      }
    },
    {
      "type": "Feature",
      "properties": {
        "name": "BALAI BANJAR TAJEN DAUH YEH",
        "category": "balai_masyarakat",
        "region": "Tabanan Regency",
        "confidence": 0.87,
        "source_file": "GQ3D8NMP.xlsx",
        "address": "H562+XVV, Tajen, Kec. Penebel, Kabupaten Tabanan, Bali 82181"
      },
      "geometry": {
        "type": "Point",
        "coordinates": [
          115.1521706,
          -8.4375065
        ]
      }
    },
    {
      "type": "Feature",
      "properties": {
        "name": "Balai Banjar",
        "category": "kantor_perusahaan",
        "region": "Tabanan Regency",
        "confidence": 0.84,
        "source_file": "4ZDU3D7D.xlsx, 20F8ADAH.xlsx, D7RSP2LU.xlsx, F5265UR2.xlsx, GQ3D8NMP.xlsx, MKMOSR5C.xlsx, QP4FQ600.xlsx, S33E300D.xlsx",
        "address": "J449+84C, temukuaya, Kec. Penebel, Kabupaten Tabanan, Bali 82152"
      },
      "geometry": {
        "type": "Point",
        "coordinates": [
          115.1177654,
          -8.3941828
        ]
      }
    },
    {
      "type": "Feature",
      "properties": {
        "name": "Balai Banjar Adat Belah",
        "category": "balai_masyarakat",
        "region": "Tabanan Regency",
        "confidence": 0.84,
        "source_file": "20F8ADAH.xlsx, GQ3D8NMP.xlsx, QP4FQ600.xlsx",
        "address": "H5WW+7MJ, Luwus, Kec. Baturiti, Kabupaten Tabanan, Bali 82191"
      },
      "geometry": {
        "type": "Point",
        "coordinates": [
          115.1966316,
          -8.4042985
        ]
      }
    },
    {
      "type": "Feature",
      "properties": {
        "name": "Balai Banjar Adat Biaung Kelod",
        "category": "balai_pertemuan_desa",
        "region": "Tabanan Regency",
        "confidence": 0.87,
        "source_file": "20F8ADAH.xlsx, QP4FQ600.xlsx",
        "address": "H5G5+CV3, Jl. Merpati, Biaung, Kec. Penebel, Kabupaten Tabanan, Bali 82181"
      },
      "geometry": {
        "type": "Point",
        "coordinates": [
          115.1596767,
          -8.4239859
        ]
      }
    },
    {
      "type": "Feature",
      "properties": {
        "name": "Balai Banjar Adat Geluntung Kaja",
        "category": "balai_masyarakat",
        "region": "Tabanan Regency",
        "confidence": 0.87,
        "source_file": "GQ3D8NMP.xlsx, QP4FQ600.xlsx",
        "address": "G5VC+FH8, Geluntung, Kec. Marga, Kabupaten Tabanan, Bali 82181"
      },
      "geometry": {
        "type": "Point",
        "coordinates": [
          115.1719848,
          -8.4554584
        ]
      }
    },
    {
      "type": "Feature",
      "properties": {
        "name": "Balai Banjar Adat Pengedan Kaja",
        "category": "balai_masyarakat",
        "region": "Tabanan Regency",
        "confidence": 0.87,
        "source_file": "4ZDU3D7D.xlsx, 20F8ADAH.xlsx, D7RSP2LU.xlsx, GQ3D8NMP.xlsx, MKMOSR5C.xlsx, QP4FQ600.xlsx, S33E300D.xlsx",
        "address": "HXR8+Q98, Jl. Banjar Surabrata, Mundeh, Kec. Selemadeg Bar., Kabupaten Tabanan, Bali 82162"
      },
      "geometry": {
        "type": "Point",
        "coordinates": [
          114.9657594,
          -8.4079798
        ]
      }
    },
    {
      "type": "Feature",
      "properties": {
        "name": "Balai Banjar Adeng",
        "category": "tempat_acara",
        "region": "Tabanan Regency",
        "confidence": 0.9,
        "source_file": "4ZDU3D7D.xlsx, D7RSP2LU.xlsx, F5265UR2.xlsx, GQ3D8NMP.xlsx, MKMOSR5C.xlsx, S33E300D.xlsx",
        "address": "G564+PVC Br. Adeng, Tegaljadi, Kec. Marga, Kabupaten Tabanan, Bali 82181"
      },
      "geometry": {
        "type": "Point",
        "coordinates": [
          115.1565694,
          -8.489866
        ]
      }
    },
    {
      "type": "Feature",
      "properties": {
        "name": "Balai Banjar Alasperean Geluntung",
        "category": "balai_masyarakat",
        "region": "Tabanan Regency",
        "confidence": 0.87,
        "source_file": "4ZDU3D7D.xlsx, D7RSP2LU.xlsx, GQ3D8NMP.xlsx, MKMOSR5C.xlsx, S33E300D.xlsx",
        "address": "G5W7+XHM, Unnamed Road, Geluntung, Kec. Marga, Kabupaten Tabanan, Bali 82181"
      },
      "geometry": {
        "type": "Point",
        "coordinates": [
          115.1639231,
          -8.452545
        ]
      }
    },
    {
      "type": "Feature",
      "properties": {
        "name": "Balai Banjar Antapan",
        "category": "kantor_pemerintah",
        "region": "Tabanan Regency",
        "confidence": 0.87,
        "source_file": "4ZDU3D7D.xlsx, 20F8ADAH.xlsx, D7RSP2LU.xlsx, F5265UR2.xlsx, GQ3D8NMP.xlsx, MKMOSR5C.xlsx, QP4FQ600.xlsx",
        "address": "J5XX+PC4, Jl. Swadaya, Antapan, Kec. Baturiti, Kabupaten Tabanan, Bali 82191"
      },
      "geometry": {
        "type": "Point",
        "coordinates": [
          115.1985688,
          -8.3507342
        ]
      }
    },
    {
      "type": "Feature",
      "properties": {
        "name": "Balai Banjar Apuan",
        "category": "village_hall",
        "region": "Tabanan Regency",
        "confidence": 0.9,
        "source_file": "4ZDU3D7D.xlsx, 20F8ADAH.xlsx, D7RSP2LU.xlsx, F5265UR2.xlsx, GQ3D8NMP.xlsx, MKMOSR5C.xlsx, QP4FQ600.xlsx, S33E300D.xlsx",
        "address": "J5JH+GCM, Apuan, Kec. Baturiti, Kabupaten Tabanan, Bali 82191"
      },
      "geometry": {
        "type": "Point",
        "coordinates": [
          115.1785468,
          -8.3686587
        ]
      }
    },
    {
      "type": "Feature",
      "properties": {
        "name": "Balai Banjar Bajera Kelod",
        "category": "organisasi_pemuda",
        "region": "Tabanan Regency",
        "confidence": 0.87,
        "source_file": "4ZDU3D7D.xlsx, D7RSP2LU.xlsx, F5265UR2.xlsx, GQ3D8NMP.xlsx, MKMOSR5C.xlsx, S33E300D.xlsx",
        "address": "F2VF+RFX, Bajera, Kec. Selemadeg, Kabupaten Tabanan, Bali 82162"
      },
      "geometry": {
        "type": "Point",
        "coordinates": [
          115.0237882,
          -8.5056481
        ]
      }
    },
    {
      "type": "Feature",
      "properties": {
        "name": "Balai Banjar Balu",
        "category": "community_center",
        "region": "Tabanan Regency",
        "confidence": 0.87,
        "source_file": "4ZDU3D7D.xlsx, D7RSP2LU.xlsx, F5265UR2.xlsx, GQ3D8NMP.xlsx, MKMOSR5C.xlsx",
        "address": "C5W4+F3Q, Desa Adat Pasekan, Abian Tuwung, Kediri, Tabanan Regency, Bali 82121"
      },
      "geometry": {
        "type": "Point",
        "coordinates": [
          115.1552485,
          -8.5537942
        ]
      }
    },
    {
      "type": "Feature",
      "properties": {
        "name": "Balai Banjar Bangah",
        "category": "kantor_perusahaan",
        "region": "Tabanan Regency",
        "confidence": 0.84,
        "source_file": "20F8ADAH.xlsx",
        "address": "J5WM+CRX, Baturiti, Kec. Baturiti, Kabupaten Tabanan, Bali 82191, Indonesia"
      },
      "geometry": {
        "type": "Point",
        "coordinates": [
          115.184604,
          -8.3538781
        ]
      }
    },
    {
      "type": "Feature",
      "properties": {
        "name": "Balai Banjar Banjar Anyar",
        "category": "balai_pertemuan_desa",
        "region": "Tabanan Regency",
        "confidence": 0.87,
        "source_file": "4ZDU3D7D.xlsx, 20F8ADAH.xlsx, D7RSP2LU.xlsx, F5265UR2.xlsx, GQ3D8NMP.xlsx, MKMOSR5C.xlsx, QP4FQ600.xlsx, S33E300D.xlsx",
        "address": "F42V+J32, Banjar Anyar, Kec. Kediri, Kabupaten Tabanan, Bali 82121"
      },
      "geometry": {
        "type": "Point",
        "coordinates": [
          115.1426253,
          -8.5484841
        ]
      }
    },
    {
      "type": "Feature",
      "properties": {
        "name": "Balai Banjar Bantas Bale Agung",
        "category": "balai_masyarakat",
        "region": "Tabanan Regency",
        "confidence": 0.87,
        "source_file": "4ZDU3D7D.xlsx, D7RSP2LU.xlsx, F5265UR2.xlsx, GQ3D8NMP.xlsx, MKMOSR5C.xlsx, S33E300D.xlsx",
        "address": "F3RC+QPV, Jl. Pajajaran, Bantas, Kec. Selemadeg Tim., Kabupaten Tabanan, Bali 82161"
      },
      "geometry": {
        "type": "Point",
        "coordinates": [
          115.0699341,
          -8.513981
        ]
      }
    },
    {
      "type": "Feature",
      "properties": {
        "name": "Balai Banjar Basangbe",
        "category": "komplek_perumahan",
        "region": "Tabanan Regency",
        "confidence": 0.87,
        "source_file": "4ZDU3D7D.xlsx, D7RSP2LU.xlsx, F5265UR2.xlsx, S33E300D.xlsx",
        "address": "H676+7X7, Bannjar Basangbe, Perean Kangin, Kec. Baturiti, Kabupaten Tabanan, Bali 82181"
      },
      "geometry": {
        "type": "Point",
        "coordinates": [
          115.2124269,
          -8.4368373
        ]
      }
    },
    {
      "type": "Feature",
      "properties": {
        "name": "Balai Banjar Batanbuah Kaja",
        "category": "asosiasi_organisasi",
        "region": "Tabanan Regency",
        "confidence": 0.9,
        "source_file": "4ZDU3D7D.xlsx, F5265UR2.xlsx, S33E300D.xlsx",
        "address": "Jl.Raya Tanah Lot, Banjar Batanbuah Kaja, Beraban, Kec. Kediri, Kabupaten Tabanan, Bali 82121"
      },
      "geometry": {
        "type": "Point",
        "coordinates": [
          115.105252,
          -8.6022872
        ]
      }
    },
    {
      "type": "Feature",
      "properties": {
        "name": "Balai Banjar Batuaji Kelod",
        "category": "balai_masyarakat",
        "region": "Tabanan Regency",
        "confidence": 0.84,
        "source_file": "4ZDU3D7D.xlsx, D7RSP2LU.xlsx, F5265UR2.xlsx, MKMOSR5C.xlsx, S33E300D.xlsx",
        "address": "F4H4+JX8, Br Batuaji Kelod, Batuaji, Kec. Kerambitan"
      },
      "geometry": {
        "type": "Point",
        "coordinates": [
          115.1074582,
          -8.520972
        ]
      }
    },
    {
      "type": "Feature",
      "properties": {
        "name": "Balai Banjar Batugaing Kaja",
        "category": "community_center",
        "region": "Tabanan Regency",
        "confidence": 0.84,
        "source_file": "S33E300D.xlsx",
        "address": "93QX+XX7, Jl Jl. Tanah Lot, Beraban, Kediri, Tabanan Regency, Bali 82121"
      },
      "geometry": {
        "type": "Point",
        "coordinates": [
          115.0999038,
          -8.610157
        ]
      }
    },
    {
      "type": "Feature",
      "properties": {
        "name": "Balai Banjar Batunya",
        "category": "tempat_acara",
        "region": "Tabanan Regency",
        "confidence": 0.87,
        "source_file": "4ZDU3D7D.xlsx, 20F8ADAH.xlsx, D7RSP2LU.xlsx, GQ3D8NMP.xlsx, MKMOSR5C.xlsx, QP4FQ600.xlsx, S33E300D.xlsx",
        "address": "M5PP+5QQ, Unnamed Road, Batunya, Kec. Baturiti, Kabupaten Tabanan, Bali 82191"
      },
      "geometry": {
        "type": "Point",
        "coordinates": [
          115.186982,
          -8.3145361
        ]
      }
    },
    {
      "type": "Feature",
      "properties": {
        "name": "Balai Banjar Baturiti Kaja",
        "category": "hindu_temple",
        "region": "Tabanan Regency",
        "confidence": 0.87,
        "source_file": "4ZDU3D7D.xlsx, D7RSP2LU.xlsx, S33E300D.xlsx",
        "address": "M5QH+GW9, Jl. Taman Sari, Baturiti, Kec. Baturiti, Kabupaten Tabanan, Bali 82191"
      },
      "geometry": {
        "type": "Point",
        "coordinates": [
          115.1798649,
          -8.3112002
        ]
      }
    },
    {
      "type": "Feature",
      "properties": {
        "name": "Balai Banjar Baturiti Kaja",
        "category": "community_center",
        "region": "Tabanan Regency",
        "confidence": 0.9,
        "source_file": "4ZDU3D7D.xlsx, D7RSP2LU.xlsx",
        "address": "F35J+HXP, Baturiti, Kec. Kerambitan, Kabupaten Tabanan, Bali 82161"
      },
      "geometry": {
        "type": "Point",
        "coordinates": [
          115.0824546,
          -8.5410494
        ]
      }
    },
    {
      "type": "Feature",
      "properties": {
        "name": "Balai Banjar Baturiti Tengah",
        "category": "balai_masyarakat",
        "region": "Tabanan Regency",
        "confidence": 0.9,
        "source_file": "4ZDU3D7D.xlsx, 20F8ADAH.xlsx, D7RSP2LU.xlsx, QP4FQ600.xlsx, S33E300D.xlsx",
        "address": "F35J+8QV, Baturiti, Kec. Kerambitan, Kabupaten Tabanan, Bali 82161"
      },
      "geometry": {
        "type": "Point",
        "coordinates": [
          115.0819353,
          -8.5416475
        ]
      }
    },
    {
      "type": "Feature",
      "properties": {
        "name": "Balai Banjar Bebali",
        "category": "balai_pertemuan_desa",
        "region": "Tabanan Regency",
        "confidence": 0.84,
        "source_file": "4ZDU3D7D.xlsx, D7RSP2LU.xlsx, GQ3D8NMP.xlsx, S33E300D.xlsx",
        "address": "Jl. Bebali No.267-269, Berembeng, Kec. Selemadeg, Kabupaten Tabanan, Bali 82162"
      },
      "geometry": {
        "type": "Point",
        "coordinates": [
          115.0250363,
          -8.5317315
        ]
      }
    },
    {
      "type": "Feature",
      "properties": {
        "name": "Balai Banjar Belanban",
        "category": "balai_masyarakat",
        "region": "Tabanan Regency",
        "confidence": 0.9,
        "source_file": "GQ3D8NMP.xlsx, QP4FQ600.xlsx",
        "address": "H56G+VPX, Jl. Raya Marga-Apuan, Petiga, Kec. Marga, Kabupaten Tabanan, Bali 82181"
      },
      "geometry": {
        "type": "Point",
        "coordinates": [
          115.1768502,
          -8.4377737
        ]
      }
    },
    {
      "type": "Feature",
      "properties": {
        "name": "Balai Banjar Belumbang Kaja",
        "category": "balai_masyarakat",
        "region": "Tabanan Regency",
        "confidence": 0.9,
        "source_file": "4ZDU3D7D.xlsx, D7RSP2LU.xlsx, F5265UR2.xlsx, GQ3D8NMP.xlsx, MKMOSR5C.xlsx, S33E300D.xlsx",
        "address": "F339+P6Q, Jl. Belumbang Kaja, Banjar, Belumbang, Kec. Kerambitan, Kabupaten Tabanan, Bali 82161"
      },
      "geometry": {
        "type": "Point",
        "coordinates": [
          115.0680951,
          -8.5456699
        ]
      }
    },
    {
      "type": "Feature",
      "properties": {
        "name": "Balai Banjar Beng Marga",
        "category": "balai_masyarakat",
        "region": "Tabanan Regency",
        "confidence": 0.9,
        "source_file": "GQ3D8NMP.xlsx",
        "address": "G5HC+PFP, Marga, Kec. Marga, Kabupaten Tabanan, Bali 82181"
      },
      "geometry": {
        "type": "Point",
        "coordinates": [
          115.1712002,
          -8.4706512
        ]
      }
    },
    {
      "type": "Feature",
      "properties": {
        "name": "Balai Banjar Beraban",
        "category": "balai_masyarakat",
        "region": "Tabanan Regency",
        "confidence": 0.9,
        "source_file": "4ZDU3D7D.xlsx, 20F8ADAH.xlsx, D7RSP2LU.xlsx, F5265UR2.xlsx, GQ3D8NMP.xlsx, MKMOSR5C.xlsx, QP4FQ600.xlsx, S33E300D.xlsx",
        "address": "Jl. Tanah Lot No.60, Beraban, Kec. Kediri, Kabupaten Tabanan, Bali 82121"
      },
      "geometry": {
        "type": "Point",
        "coordinates": [
          115.1024216,
          -8.6068164
        ]
      }
    },
    {
      "type": "Feature",
      "properties": {
        "name": "Balai Banjar Beringkit Belayu",
        "category": "balai_masyarakat",
        "region": "Tabanan Regency",
        "confidence": 0.87,
        "source_file": "20F8ADAH.xlsx, QP4FQ600.xlsx",
        "address": "F5J7+9X4 Banjar Dinas, Beringkit, Kec. Marga, Kabupaten Tabanan, Bali"
      },
      "geometry": {
        "type": "Point",
        "coordinates": [
          115.1649624,
          -8.5191135
        ]
      }
    },
    {
      "type": "Feature",
      "properties": {
        "name": "Balai Banjar Beringkit Kaba-Kaba",
        "category": "community_center",
        "region": "Tabanan Regency",
        "confidence": 0.87,
        "source_file": "S33E300D.xlsx",
        "address": "C46V+XXX, Unnamed Road, Kaba-Kaba, Kediri, Tabanan Regency, Bali 82121"
      },
      "geometry": {
        "type": "Point",
        "coordinates": [
          115.1449914,
          -8.5875246
        ]
      }
    },
    {
      "type": "Feature",
      "properties": {
        "name": "Balai Banjar Bongan Pala",
        "category": "balai_masyarakat",
        "region": "Tabanan Regency",
        "confidence": 0.9,
        "source_file": "S33E300D.xlsx",
        "address": "Bongan, Kec. Tabanan, Kabupaten Tabanan, Bali 82121"
      },
      "geometry": {
        "type": "Point",
        "coordinates": [
          115.1188204,
          -8.5573723
        ]
      }
    },
    {
      "type": "Feature",
      "properties": {
        "name": "Balai Banjar Bonian",
        "category": "balai_masyarakat",
        "region": "Tabanan Regency",
        "confidence": 0.9,
        "source_file": "4ZDU3D7D.xlsx, D7RSP2LU.xlsx, F5265UR2.xlsx, GQ3D8NMP.xlsx, MKMOSR5C.xlsx",
        "address": "FXPJ+RF9, Jl. Raya Denpasar - Gilimanuk, Antap, Kec. Selemadeg, Kabupaten Tabanan, Bali 82162"
      },
      "geometry": {
        "type": "Point",
        "coordinates": [
          114.981229,
          -8.5129632
        ]
      }
    },
    {
      "type": "Feature",
      "properties": {
        "name": "Balai Banjar Bukitcatu",
        "category": "balai_pertemuan_desa",
        "region": "Tabanan Regency",
        "confidence": 0.87,
        "source_file": "4ZDU3D7D.xlsx, D7RSP2LU.xlsx, GQ3D8NMP.xlsx, S33E300D.xlsx",
        "address": "P576+24F, Candikuning, Kec. Baturiti, Kabupaten Tabanan, Bali 82191"
      },
      "geometry": {
        "type": "Point",
        "coordinates": [
          115.1556283,
          -8.2883908
        ]
      }
    },
    {
      "type": "Feature",
      "properties": {
        "name": "Balai Banjar Bunutin",
        "category": "community_center",
        "region": "Tabanan Regency",
        "confidence": 0.9,
        "source_file": "4ZDU3D7D.xlsx, D7RSP2LU.xlsx, F5265UR2.xlsx, GQ3D8NMP.xlsx, MKMOSR5C.xlsx",
        "address": "H5XF+RJ2, Unnamed Road, Desa Adat Bunutin, Payangan, Kec. Marga, Kabupaten Tabanan, Bali 82191"
      },
      "geometry": {
        "type": "Point",
        "coordinates": [
          115.1740101,
          -8.4004879
        ]
      }
    },
    {
      "type": "Feature",
      "properties": {
        "name": "Balai Banjar Bunyuh",
        "category": "pusat_kegiatan_warga",
        "region": "Tabanan Regency",
        "confidence": 0.87,
        "source_file": "4ZDU3D7D.xlsx, D7RSP2LU.xlsx, GQ3D8NMP.xlsx, MKMOSR5C.xlsx",
        "address": "H5HQ+5WC, Jl. Banjar Bunyuh, Perean, Kec. Baturiti, Kabupaten Tabanan, Bali 82191"
      },
      "geometry": {
        "type": "Point",
        "coordinates": [
          115.1897604,
          -8.4220553
        ]
      }
    },
    {
      "type": "Feature",
      "properties": {
        "name": "Balai Banjar Buruan Tengah",
        "category": "balai_pertemuan_desa",
        "region": "Tabanan Regency",
        "confidence": 0.87,
        "source_file": "20F8ADAH.xlsx, GQ3D8NMP.xlsx, QP4FQ600.xlsx",
        "address": "Jl. Batukaru No.61, Buruan, Kec. Penebel, Kabupaten Tabanan, Bali 82181"
      },
      "geometry": {
        "type": "Point",
        "coordinates": [
          115.1384364,
          -8.4602313
        ]
      }
    },
    {
      "type": "Feature",
      "properties": {
        "name": "Balai Banjar Celagi",
        "category": "balai_masyarakat",
        "region": "Tabanan Regency",
        "confidence": 0.9,
        "source_file": "4ZDU3D7D.xlsx, D7RSP2LU.xlsx, F5265UR2.xlsx, GQ3D8NMP.xlsx, MKMOSR5C.xlsx, S33E300D.xlsx",
        "address": "F4VP+QX6, Jl. Celagi, Denbantas, Kec. Tabanan, Kabupaten Tabanan, Bali 82181"
      },
      "geometry": {
        "type": "Point",
        "coordinates": [
          115.137668,
          -8.505396
        ]
      }
    },
    {
      "type": "Feature",
      "properties": {
        "name": "Balai Banjar Dalem Yangapi",
        "category": "balai_masyarakat",
        "region": "Tabanan Regency",
        "confidence": 0.87,
        "source_file": "S33E300D.xlsx",
        "address": "Abian Tuwung, Kec. Kediri, Kabupaten Tabanan, Bali"
      },
      "geometry": {
        "type": "Point",
        "coordinates": [
          115.1568447,
          -8.5507326
        ]
      }
    },
    {
      "type": "Feature",
      "properties": {
        "name": "Balai Banjar Dangin Uma",
        "category": "community_center",
        "region": "Tabanan Regency",
        "confidence": 0.87,
        "source_file": "4ZDU3D7D.xlsx, D7RSP2LU.xlsx, F5265UR2.xlsx, S33E300D.xlsx",
        "address": "94WV+P5W, Jalan raya dangin uma, Kaba-Kaba, Kediri, Tabanan Regency, Bali 80351"
      },
      "geometry": {
        "type": "Point",
        "coordinates": [
          115.1429506,
          -8.6031441
        ]
      }
    },
    {
      "type": "Feature",
      "properties": {
        "name": "Balai Banjar Desa Adat Bangli",
        "category": "balai_pertemuan_desa",
        "region": "Tabanan Regency",
        "confidence": 0.87,
        "source_file": "4ZDU3D7D.xlsx, 20F8ADAH.xlsx, D7RSP2LU.xlsx, GQ3D8NMP.xlsx, MKMOSR5C.xlsx, S33E300D.xlsx",
        "address": "M58G+7V7 Br, Bangli, Kec. Baturiti, Kabupaten Tabanan, Bali 82191"
      },
      "geometry": {
        "type": "Point",
        "coordinates": [
          115.177176,
          -8.3343301
        ]
      }
    },
    {
      "type": "Feature",
      "properties": {
        "name": "Balai Banjar Desa Adat Dadia",
        "category": "balai_masyarakat",
        "region": "Tabanan Regency",
        "confidence": 0.84,
        "source_file": "20F8ADAH.xlsx, QP4FQ600.xlsx, S33E300D.xlsx",
        "address": "H5W5+V7Q, Babahan, Penebel, Tabanan Regency, Bali 82181"
      },
      "geometry": {
        "type": "Point",
        "coordinates": [
          115.1580396,
          -8.4025834
        ]
      }
    },
    {
      "type": "Feature",
      "properties": {
        "name": "Balai Banjar Desa Adat Galiukir",
        "category": "balai_masyarakat",
        "region": "Tabanan Regency",
        "confidence": 0.84,
        "source_file": "4ZDU3D7D.xlsx, 20F8ADAH.xlsx, D7RSP2LU.xlsx, QP4FQ600.xlsx",
        "address": "JXCP+3WG, Kb. Padangan, Kec. Pupuan, Kabupaten Tabanan, Bali 82163"
      },
      "geometry": {
        "type": "Point",
        "coordinates": [
          114.9871776,
          -8.3797851
        ]
      }
    },
    {
      "type": "Feature",
      "properties": {
        "name": "Balai Banjar Desa Adat Jadi",
        "category": "balai_masyarakat",
        "region": "Tabanan Regency",
        "confidence": 0.9,
        "source_file": "4ZDU3D7D.xlsx, 20F8ADAH.xlsx, D7RSP2LU.xlsx, QP4FQ600.xlsx",
        "address": "F4JX+249, Banjar Anyar, Kec. Kediri, Kabupaten Tabanan, Bali 82123"
      },
      "geometry": {
        "type": "Point",
        "coordinates": [
          115.1478474,
          -8.5199701
        ]
      }
    },
    {
      "type": "Feature",
      "properties": {
        "name": "Balai Banjar Desa Adat Serason",
        "category": "balai_masyarakat",
        "region": "Tabanan Regency",
        "confidence": 0.9,
        "source_file": "GQ3D8NMP.xlsx",
        "address": "H593+374, Jl. Raya Serason, Pitra, Kec. Penebel, Kabupaten Tabanan, Bali 82181"
      },
      "geometry": {
        "type": "Point",
        "coordinates": [
          115.1531979,
          -8.4323725
        ]
      }
    },
    {
      "type": "Feature",
      "properties": {
        "name": "Balai Banjar Desa Adat Soka",
        "category": "balai_masyarakat",
        "region": "Tabanan Regency",
        "confidence": 0.9,
        "source_file": "GQ3D8NMP.xlsx",
        "address": "J4QV+CJJ, Senganan, Kec. Penebel, Kabupaten Tabanan, Bali 82191"
      },
      "geometry": {
        "type": "Point",
        "coordinates": [
          115.1440213,
          -8.3614146
        ]
      }
    },
    {
      "type": "Feature",
      "properties": {
        "name": "Balai Banjar Desa Candikuning",
        "category": "balai_pertemuan_desa",
        "region": "Tabanan Regency",
        "confidence": 0.87,
        "source_file": "4ZDU3D7D.xlsx, D7RSP2LU.xlsx, F5265UR2.xlsx, GQ3D8NMP.xlsx, S33E300D.xlsx",
        "address": "P5H7+W7P, Jl. Raya Bedugul, Candikuning, Kec. Baturiti, Kabupaten Tabanan, Bali 82191"
      },
      "geometry": {
        "type": "Point",
        "coordinates": [
          115.1632119,
          -8.2701744
        ]
      }
    },
    {
      "type": "Feature",
      "properties": {
        "name": "Balai Banjar Desa Sunantaya",
        "category": "balai_pertemuan_desa",
        "region": "Tabanan Regency",
        "confidence": 0.9,
        "source_file": "20F8ADAH.xlsx, QP4FQ600.xlsx",
        "address": "H5J3+3H7, Banjar sunantaya, Kec. Penebel, Kabupaten Tabanan, Bali 82181"
      },
      "geometry": {
        "type": "Point",
        "coordinates": [
          115.1539355,
          -8.4198316
        ]
      }
    },
    {
      "type": "Feature",
      "properties": {
        "name": "Balai Banjar Dinas Anyar",
        "category": "balai_masyarakat",
        "region": "Tabanan Regency",
        "confidence": 0.87,
        "source_file": "GQ3D8NMP.xlsx, QP4FQ600.xlsx",
        "address": "G5QF+7GF, Marga Dajan Puri, Kec. Marga, Kabupaten Tabanan, Bali 82181"
      },
      "geometry": {
        "type": "Point",
        "coordinates": [
          115.1738114,
          -8.4618018
        ]
      }
    },
    {
      "type": "Feature",
      "properties": {
        "name": "Balai Banjar Dinas Wanasara Kelod Desa Bongan",
        "category": "kantor_pemerintah",
        "region": "Tabanan Regency",
        "confidence": 0.84,
        "source_file": "S33E300D.xlsx",
        "address": "C3JX+XM2, Bongan, Kec. Tabanan, Kabupaten Tabanan, Bali 82112"
      },
      "geometry": {
        "type": "Point",
        "coordinates": [
          115.0991485,
          -8.5676222
        ]
      }
    },
    {
      "type": "Feature",
      "properties": {
        "name": "Balai Banjar Dusun Selat",
        "category": "balai_masyarakat",
        "region": "Tabanan Regency",
        "confidence": 0.9,
        "source_file": "4ZDU3D7D.xlsx, D7RSP2LU.xlsx, F5265UR2.xlsx, GQ3D8NMP.xlsx, MKMOSR5C.xlsx, QP4FQ600.xlsx, S33E300D.xlsx",
        "address": "H54V+G9R, Jl. Raya Denpasar, Perean Tengah, Kec. Baturiti, Kabupaten Tabanan, Bali 80351"
      },
      "geometry": {
        "type": "Point",
        "coordinates": [
          115.193391,
          -8.4436389
        ]
      }
    },
    {
      "type": "Feature",
      "properties": {
        "name": "Balai Banjar Gereseh",
        "category": "balai_masyarakat",
        "region": "Tabanan Regency",
        "confidence": 0.87,
        "source_file": "GQ3D8NMP.xlsx",
        "address": "H5HF+X8P, Br.Gereseh, Payangan, Kec. Marga, Kabupaten Tabanan, Bali"
      },
      "geometry": {
        "type": "Point",
        "coordinates": [
          115.1733436,
          -8.4200495
        ]
      }
    },
    {
      "type": "Feature",
      "properties": {
        "name": "Balai Banjar Jambe Belodan (Br. Adat Satrya Mandhala)",
        "category": "community_center",
        "region": "Tabanan Regency",
        "confidence": 0.9,
        "source_file": "S33E300D.xlsx",
        "address": "F47C+RG3, Dauh Peken, Kec. Tabanan, Kabupaten Tabanan, Bali 82114"
      },
      "geometry": {
        "type": "Point",
        "coordinates": [
          115.1212857,
          -8.5354984
        ]
      }
    },
    {
      "type": "Feature",
      "properties": {
        "name": "Balai Banjar Kambangan",
        "category": "balai_masyarakat",
        "region": "Tabanan Regency",
        "confidence": 0.9,
        "source_file": "4ZDU3D7D.xlsx, D7RSP2LU.xlsx, F5265UR2.xlsx, GQ3D8NMP.xlsx, MKMOSR5C.xlsx",
        "address": "J589+6V6, Br. Kambangan, Apuan, Kec. Baturiti, Kabupaten Tabanan, Bali 82191"
      },
      "geometry": {
        "type": "Point",
        "coordinates": [
          115.1696428,
          -8.3844518
        ]
      }
    },
    {
      "type": "Feature",
      "properties": {
        "name": "Balai Banjar Kelakahan Gede",
        "category": "community_center",
        "region": "Tabanan Regency",
        "confidence": 0.87,
        "source_file": "S33E300D.xlsx",
        "address": "C43G+735, Unnamed Road, Buwit, Kediri, Tabanan Regency, Bali 82121"
      },
      "geometry": {
        "type": "Point",
        "coordinates": [
          115.1252466,
          -8.5968504
        ]
      }
    },
    {
      "type": "Feature",
      "properties": {
        "name": "Balai Banjar Kelating Pande",
        "category": "balai_masyarakat",
        "region": "Tabanan Regency",
        "confidence": 0.9,
        "source_file": "4ZDU3D7D.xlsx, D7RSP2LU.xlsx, MKMOSR5C.xlsx",
        "address": "C3JF+734 Br. Pande, Kelating, Kec. Kerambitan, Kabupaten Tabanan, Bali 82161"
      },
      "geometry": {
        "type": "Point",
        "coordinates": [
          115.0726964,
          -8.5693577
        ]
      }
    },
    {
      "type": "Feature",
      "properties": {
        "name": "Balai Banjar Kutabali",
        "category": "balai_masyarakat",
        "region": "Tabanan Regency",
        "confidence": 0.9,
        "source_file": "20F8ADAH.xlsx, GQ3D8NMP.xlsx, QP4FQ600.xlsx",
        "address": "H545+J8W, kutabali, jl tajen, Tajen, Kec. Penebel, Kabupaten Tabanan, Bali 82181"
      },
      "geometry": {
        "type": "Point",
        "coordinates": [
          115.158329,
          -8.4433872
        ]
      }
    },
    {
      "type": "Feature",
      "properties": {
        "name": "Balai Banjar Kuwum Anyar",
        "category": "balai_masyarakat",
        "region": "Tabanan Regency",
        "confidence": 0.87,
        "source_file": "QP4FQ600.xlsx",
        "address": "Jl. Kuwum III No.19, Kuwum, Kec. Marga, Kabupaten Tabanan, Bali 82181"
      },
      "geometry": {
        "type": "Point",
        "coordinates": [
          115.1636723,
          -8.4891856
        ]
      }
    },
    {
      "type": "Feature",
      "properties": {
        "name": "Balai Banjar Laing",
        "category": "balai_masyarakat",
        "region": "Tabanan Regency",
        "confidence": 0.9,
        "source_file": "S33E300D.xlsx",
        "address": "C4CP+M7M, Jl. Tanah Lot No.22, Pandak Bandung, Kec. Kediri, Kabupaten Tabanan, Bali 82121"
      },
      "geometry": {
        "type": "Point",
        "coordinates": [
          115.1364822,
          -8.5776653
        ]
      }
    },
    {
      "type": "Feature",
      "properties": {
        "name": "Balai Banjar Mandul",
        "category": "balai_masyarakat",
        "region": "Tabanan Regency",
        "confidence": 0.87,
        "source_file": "GQ3D8NMP.xlsx",
        "address": "H6V4+RHM, Luwus, Kec. Baturiti, Kabupaten Tabanan, Bali 82191"
      },
      "geometry": {
        "type": "Point",
        "coordinates": [
          115.2064274,
          -8.4054119
        ]
      }
    },
    {
      "type": "Feature",
      "properties": {
        "name": "Balai Banjar Margatelu",
        "category": "balai_masyarakat",
        "region": "Tabanan Regency",
        "confidence": 0.87,
        "source_file": "4ZDU3D7D.xlsx, D7RSP2LU.xlsx, F5265UR2.xlsx, MKMOSR5C.xlsx",
        "address": "Banjar Margatelu, Angkah, Kec. Selemadeg Bar., Kabupaten Tabanan, Bali 82162"
      },
      "geometry": {
        "type": "Point",
        "coordinates": [
          115.0082067,
          -8.4409987
        ]
      }
    },
    {
      "type": "Feature",
      "properties": {
        "name": "Balai Banjar Meranggi",
        "category": "balai_masyarakat",
        "region": "Tabanan Regency",
        "confidence": 0.87,
        "source_file": "S33E300D.xlsx",
        "address": "C4GQ+9QC, Jl. Tanah Lot, Pandak Bandung, Kec. Kediri, Kabupaten Tabanan, Bali 82121"
      },
      "geometry": {
        "type": "Point",
        "coordinates": [
          115.1393956,
          -8.5740701
        ]
      }
    },
    {
      "type": "Feature",
      "properties": {
        "name": "Balai Banjar Munggal",
        "category": "balai_masyarakat",
        "region": "Tabanan Regency",
        "confidence": 0.87,
        "source_file": "20F8ADAH.xlsx, QP4FQ600.xlsx",
        "address": "F5M3+QQ4, Jl. Raya Alas Kedaton, Kukuh, Kec. Marga, Kabupaten Tabanan, Bali"
      },
      "geometry": {
        "type": "Point",
        "coordinates": [
          115.1544384,
          -8.5156074
        ]
      }
    },
    {
      "type": "Feature",
      "properties": {
        "name": "Balai Banjar Ole, Marga",
        "category": "balai_masyarakat",
        "region": "Tabanan Regency",
        "confidence": 0.9,
        "source_file": "GQ3D8NMP.xlsx",
        "address": "Jl. Ciung Wanara No.9, Marga Dauh Puri, Kec. Marga, Kabupaten Tabanan, Bali 82181"
      },
      "geometry": {
        "type": "Point",
        "coordinates": [
          115.1591953,
          -8.4705766
        ]
      }
    },
    {
      "type": "Feature",
      "properties": {
        "name": "Balai Banjar Pangkung",
        "category": "balai_masyarakat",
        "region": "Tabanan Regency",
        "confidence": 0.9,
        "source_file": "S33E300D.xlsx",
        "address": "C46C+884, Jl. Mengening, Pangkung, Pandak Gede, Kec. Tabanan, Kabupaten Tabanan, Bali 82121"
      },
      "geometry": {
        "type": "Point",
        "coordinates": [
          115.1208196,
          -8.5892373
        ]
      }
    },
    {
      "type": "Feature",
      "properties": {
        "name": "Balai Banjar Pangkung Anyar (Banu Kumara)",
        "category": "balai_masyarakat",
        "region": "Tabanan Regency",
        "confidence": 0.87,
        "source_file": "S33E300D.xlsx",
        "address": "F45H+3HF, Gg. VI, Delod Peken, Kec. Tabanan, Kabupaten Tabanan, Bali 82121"
      },
      "geometry": {
        "type": "Point",
        "coordinates": [
          115.128931,
          -8.5423139
        ]
      }
    },
    {
      "type": "Feature",
      "properties": {
        "name": "Balai Banjar Payangan Alas Teruna",
        "category": "balai_masyarakat",
        "region": "Tabanan Regency",
        "confidence": 0.87,
        "source_file": "20F8ADAH.xlsx, GQ3D8NMP.xlsx, QP4FQ600.xlsx",
        "address": "H539+Q5Q, Payangan, Kec. Marga, Kabupaten Tabanan, Bali 82181"
      },
      "geometry": {
        "type": "Point",
        "coordinates": [
          115.1679735,
          -8.4455392
        ]
      }
    },
    {
      "type": "Feature",
      "properties": {
        "name": "Balai Banjar Payangan Kaja",
        "category": "balai_masyarakat",
        "region": "Tabanan Regency",
        "confidence": 0.87,
        "source_file": "GQ3D8NMP.xlsx",
        "address": "H5C9+WM3, Payangan, Kec. Marga, Kabupaten Tabanan, Bali 82181"
      },
      "geometry": {
        "type": "Point",
        "coordinates": [
          115.1691745,
          -8.427745
        ]
      }
    },
    {
      "type": "Feature",
      "properties": {
        "name": "Balai Banjar Payangan Tengah",
        "category": "balai_masyarakat",
        "region": "Tabanan Regency",
        "confidence": 0.84,
        "source_file": "GQ3D8NMP.xlsx, QP4FQ600.xlsx",
        "address": "H578+8W3, Payangan, Kec. Marga, Kabupaten Tabanan, Bali 82181"
      },
      "geometry": {
        "type": "Point",
        "coordinates": [
          115.1671652,
          -8.4366694
        ]
      }
    },
    {
      "type": "Feature",
      "properties": {
        "name": "Balai Banjar Pekandelan Belayu",
        "category": "balai_masyarakat",
        "region": "Tabanan Regency",
        "confidence": 0.87,
        "source_file": "4ZDU3D7D.xlsx, 20F8ADAH.xlsx, D7RSP2LU.xlsx, F5265UR2.xlsx, GQ3D8NMP.xlsx, MKMOSR5C.xlsx, QP4FQ600.xlsx, S33E300D.xlsx",
        "address": "F5M7+VXJ Br Pekandelan Belayu, Peken, Kec. Marga, Kabupaten Tabanan, Bali 82181"
      },
      "geometry": {
        "type": "Point",
        "coordinates": [
          115.1648819,
          -8.5152788
        ]
      }
    },
    {
      "type": "Feature",
      "properties": {
        "name": "Balai Banjar Penatahan Kelod",
        "category": "social_services_organization",
        "region": "Tabanan Regency",
        "confidence": 0.87,
        "source_file": "20F8ADAH.xlsx, GQ3D8NMP.xlsx, QP4FQ600.xlsx",
        "address": "H46G+9CC, Penatahan, Penebel, Tabanan Regency, Bali 82152"
      },
      "geometry": {
        "type": "Point",
        "coordinates": [
          115.1260144,
          -8.4390599
        ]
      }
    },
    {
      "type": "Feature",
      "properties": {
        "name": "Balai Banjar Penebel Kaja",
        "category": "balai_masyarakat",
        "region": "Tabanan Regency",
        "confidence": 0.87,
        "source_file": "20F8ADAH.xlsx, QP4FQ600.xlsx",
        "address": "Jl. Raya Babahan Senganan No.13, Penebel, Kec. Penebel, Kabupaten Tabanan, Bali 82181"
      },
      "geometry": {
        "type": "Point",
        "coordinates": [
          115.1455241,
          -8.4206252
        ]
      }
    },
    {
      "type": "Feature",
      "properties": {
        "name": "Balai Banjar Penebel Kelod",
        "category": "balai_masyarakat",
        "region": "Tabanan Regency",
        "confidence": 0.87,
        "source_file": "20F8ADAH.xlsx, QP4FQ600.xlsx",
        "address": "H4GV+2H6, Jl. Ps. Hewan, Penebel, Kec. Penebel, Kabupaten Tabanan, Bali 82181"
      },
      "geometry": {
        "type": "Point",
        "coordinates": [
          115.1438882,
          -8.4249731
        ]
      }
    },
    {
      "type": "Feature",
      "properties": {
        "name": "Balai Banjar Penyucuk",
        "category": "balai_pertemuan_desa",
        "region": "Tabanan Regency",
        "confidence": 0.87,
        "source_file": "GQ3D8NMP.xlsx",
        "address": "H5CR+RP2, Jl. Umadiwang, Perean, Kec. Baturiti, Kabupaten Tabanan, Bali 82191"
      },
      "geometry": {
        "type": "Point",
        "coordinates": [
          115.1917502,
          -8.427977
        ]
      }
    },
    {
      "type": "Feature",
      "properties": {
        "name": "Balai Banjar Pondok",
        "category": "balai_masyarakat",
        "region": "Tabanan Regency",
        "confidence": 0.87,
        "source_file": "F5265UR2.xlsx",
        "address": "F23P+85G Br. Dinas Pondok, Beraban, Kec. Selemadeg Tim., Kabupaten Tabanan, Bali 82162"
      },
      "geometry": {
        "type": "Point",
        "coordinates": [
          115.0354422,
          -8.5466782
        ]
      }
    },
    {
      "type": "Feature",
      "properties": {
        "name": "Balai Banjar Puring",
        "category": "balai_masyarakat",
        "region": "Tabanan Regency",
        "confidence": 0.84,
        "source_file": "4ZDU3D7D.xlsx, D7RSP2LU.xlsx, GQ3D8NMP.xlsx, MKMOSR5C.xlsx",
        "address": "H3VR+W9Q, Puring, Sangketan, Kec. Penebel, Kabupaten Tabanan, Bali 82152"
      },
      "geometry": {
        "type": "Point",
        "coordinates": [
          115.0909807,
          -8.4051738
        ]
      }
    },
    {
      "type": "Feature",
      "properties": {
        "name": "Balai Banjar Semingan Desa Petiga",
        "category": "balai_masyarakat",
        "region": "Tabanan Regency",
        "confidence": 0.9,
        "source_file": "GQ3D8NMP.xlsx, QP4FQ600.xlsx",
        "address": "H58G+WR9, Petiga, Kec. Marga, Kabupaten Tabanan, Bali 82181"
      },
      "geometry": {
        "type": "Point",
        "coordinates": [
          115.1771162,
          -8.4327161
        ]
      }
    },
    {
      "type": "Feature",
      "properties": {
        "name": "Balai Banjar Senapahan Belodan / Kelod",
        "category": "balai_masyarakat",
        "region": "Tabanan Regency",
        "confidence": 0.87,
        "source_file": "S33E300D.xlsx",
        "address": "F553+HGM, Jl. Raya Senapahan, Banjar Anyar, Kec. Kediri, Kabupaten Tabanan, Bali 82121"
      },
      "geometry": {
        "type": "Point",
        "coordinates": [
          115.1538111,
          -8.5410454
        ]
      }
    },
    {
      "type": "Feature",
      "properties": {
        "name": "Balai Banjar Senganan Kawan",
        "category": "balai_masyarakat",
        "region": "Tabanan Regency",
        "confidence": 0.9,
        "source_file": "GQ3D8NMP.xlsx",
        "address": "Jl. Raya Senganan No.53, Senganan, Kec. Penebel, Kabupaten Tabanan, Bali 82191"
      },
      "geometry": {
        "type": "Point",
        "coordinates": [
          115.156727,
          -8.3730305
        ]
      }
    },
    {
      "type": "Feature",
      "properties": {
        "name": "Balai Banjar Serampingan Kelod",
        "category": "balai_pertemuan_desa",
        "region": "Tabanan Regency",
        "confidence": 0.87,
        "source_file": "F5265UR2.xlsx",
        "address": "F3Q4+242, Br. Serampingan Kelod Ds. Megati, Bantas, Kec. Selemadeg Tim., Kabupaten Tabanan, Bali 82162"
      },
      "geometry": {
        "type": "Point",
        "coordinates": [
          115.0552788,
          -8.5124902
        ]
      }
    },
    {
      "type": "Feature",
      "properties": {
        "name": "Balai Banjar Seribupati",
        "category": "community_center",
        "region": "Tabanan Regency",
        "confidence": 0.87,
        "source_file": "20F8ADAH.xlsx, GQ3D8NMP.xlsx, MKMOSR5C.xlsx, QP4FQ600.xlsx",
        "address": "Jl. Seribupati No.17, Cau Belayu, Kec. Marga, Kabupaten Tabanan, Bali 82181"
      },
      "geometry": {
        "type": "Point",
        "coordinates": [
          115.2054913,
          -8.458781
        ]
      }
    },
    {
      "type": "Feature",
      "properties": {
        "name": "Balai Banjar Simpangan",
        "category": "balai_masyarakat",
        "region": "Tabanan Regency",
        "confidence": 0.87,
        "source_file": "S33E300D.xlsx",
        "address": "C4C3+2F2, Pejaten, Kec. Kediri, Kabupaten Tabanan, Bali 82112"
      },
      "geometry": {
        "type": "Point",
        "coordinates": [
          115.1036233,
          -8.5799782
        ]
      }
    },
    {
      "type": "Feature",
      "properties": {
        "name": "Balai Banjar Suda Kanginan",
        "category": "balai_masyarakat",
        "region": "Tabanan Regency",
        "confidence": 0.9,
        "source_file": "4ZDU3D7D.xlsx, 20F8ADAH.xlsx, D7RSP2LU.xlsx, QP4FQ600.xlsx, S33E300D.xlsx",
        "address": "C49C+Q99, Nyitdah, Kec. Kediri, Kabupaten Tabanan, Bali 82121"
      },
      "geometry": {
        "type": "Point",
        "coordinates": [
          115.1209718,
          -8.5805798
        ]
      }
    },
    {
      "type": "Feature",
      "properties": {
        "name": "Balai Banjar Suda Kawan",
        "category": "balai_masyarakat",
        "region": "Tabanan Regency",
        "confidence": 0.87,
        "source_file": "S33E300D.xlsx",
        "address": "C4CC+F8G, Unnamed Road, Nyitdah, Kec. Kediri, Kabupaten Tabanan, Bali 82121"
      },
      "geometry": {
        "type": "Point",
        "coordinates": [
          115.1208283,
          -8.5788033
        ]
      }
    },
    {
      "type": "Feature",
      "properties": {
        "name": "Balai Banjar Suralaga",
        "category": "balai_pertemuan_desa",
        "region": "Tabanan Regency",
        "confidence": 0.9,
        "source_file": "F5265UR2.xlsx, GQ3D8NMP.xlsx",
        "address": "F534+76G, Desa Pekraman Suralaga, Abian Tuwung, Kec. Kediri, Kabupaten Tabanan, Bali 82121"
      },
      "geometry": {
        "type": "Point",
        "coordinates": [
          115.1555884,
          -8.5468193
        ]
      }
    },
    {
      "type": "Feature",
      "properties": {
        "name": "Balai Banjar Talangpati",
        "category": "balai_masyarakat",
        "region": "Tabanan Regency",
        "confidence": 0.87,
        "source_file": "4ZDU3D7D.xlsx, 20F8ADAH.xlsx, D7RSP2LU.xlsx, GQ3D8NMP.xlsx, MKMOSR5C.xlsx, QP4FQ600.xlsx, S33E300D.xlsx",
        "address": "M56X+RJG, Jl. Swadaya, Antapan, Kec. Baturiti, Kabupaten Tabanan, Bali 82191"
      },
      "geometry": {
        "type": "Point",
        "coordinates": [
          115.1990771,
          -8.3379325
        ]
      }
    },
    {
      "type": "Feature",
      "properties": {
        "name": "Balai Banjar Tamansari",
        "category": "tempat_acara",
        "region": "Tabanan Regency",
        "confidence": 0.84,
        "source_file": "20F8ADAH.xlsx, QP4FQ600.xlsx",
        "address": "M2CJ+WFJ, Br. Dinas Tamansari, Pujungan, Kec. Pupuan, Kabupaten Tabanan, Bali"
      },
      "geometry": {
        "type": "Point",
        "coordinates": [
          115.03114,
          -8.3276702
        ]
      }
    },
    {
      "type": "Feature",
      "properties": {
        "name": "Balai Banjar Tamansari, Desa Pandak Gede",
        "category": "balai_masyarakat",
        "region": "Tabanan Regency",
        "confidence": 0.9,
        "source_file": "S33E300D.xlsx",
        "address": "Jl. Tanah Lot No.86, Pandak Gede, Kec. Kediri, Kabupaten Tabanan, Bali 82121"
      },
      "geometry": {
        "type": "Point",
        "coordinates": [
          115.1209894,
          -8.5928297
        ]
      }
    },
    {
      "type": "Feature",
      "properties": {
        "name": "Balai Banjar Tegal Baleran",
        "category": "balai_masyarakat",
        "region": "Tabanan Regency",
        "confidence": 0.9,
        "source_file": "4ZDU3D7D.xlsx, D7RSP2LU.xlsx, F5265UR2.xlsx, GQ3D8NMP.xlsx, MKMOSR5C.xlsx, S33E300D.xlsx",
        "address": "F46C+QWW, Jl. Cendrawasih, Dauh Peken, Kec. Tabanan, Kabupaten Tabanan, Bali 82111"
      },
      "geometry": {
        "type": "Point",
        "coordinates": [
          115.1223164,
          -8.538014
        ]
      }
    },
    {
      "type": "Feature",
      "properties": {
        "name": "Balai Banjar Umapoh Baturiti",
        "category": "balai_masyarakat",
        "region": "Tabanan Regency",
        "confidence": 0.87,
        "source_file": "GQ3D8NMP.xlsx",
        "address": "Br. Umapoh No.Ds, Bangli, Kec. Baturiti, Kabupaten Tabanan, Bali"
      },
      "geometry": {
        "type": "Point",
        "coordinates": [
          115.1798037,
          -8.3475204
        ]
      }
    },
    {
      "type": "Feature",
      "properties": {
        "name": "Balai Banjar Yehsilah",
        "category": "kantor_pemerintahan_wilayah",
        "region": "Tabanan Regency",
        "confidence": 0.84,
        "source_file": "20F8ADAH.xlsx, MKMOSR5C.xlsx, QP4FQ600.xlsx",
        "address": "GXJF+JMQ, Unnamed Road, Selemadeg Bar.,, Lumbung Kauh, Kec. Selemadeg Bar., Kabupaten Tabanan, Bali 82162"
      },
      "geometry": {
        "type": "Point",
        "coordinates": [
          114.9742463,
          -8.4684035
        ]
      }
    },
    {
      "type": "Feature",
      "properties": {
        "name": "Balai Banjar abang",
        "category": "balai_masyarakat",
        "region": "Tabanan Regency",
        "confidence": 0.84,
        "source_file": "4ZDU3D7D.xlsx, 20F8ADAH.xlsx, D7RSP2LU.xlsx, MKMOSR5C.xlsx, QP4FQ600.xlsx, S33E300D.xlsx",
        "address": "M5R6+R8H, Jl. Banjar Abang, Baturiti, Kec. Baturiti, Kabupaten Tabanan, Bali 82161"
      },
      "geometry": {
        "type": "Point",
        "coordinates": [
          115.1607523,
          -8.3079862
        ]
      }
    },
    {
      "type": "Feature",
      "properties": {
        "name": "Balai banjar Padangan kaja",
        "category": "balai_masyarakat",
        "region": "Tabanan Regency",
        "confidence": 0.84,
        "source_file": "20F8ADAH.xlsx, QP4FQ600.xlsx",
        "address": "J2V8+MRG, Padangan, Pupuan, Tabanan Regency, Bali 82163"
      },
      "geometry": {
        "type": "Point",
        "coordinates": [
          115.0170912,
          -8.3558161
        ]
      }
    },
    {
      "type": "Feature",
      "properties": {
        "name": "Balai banjar adat gelogor",
        "category": "balai_masyarakat",
        "region": "Tabanan Regency",
        "confidence": 0.84,
        "source_file": "GQ3D8NMP.xlsx",
        "address": "M6C5+892, Jl. Pura Kancing Gumi, Antapan, Kec. Baturiti, Kabupaten Tabanan, Bali 82191"
      },
      "geometry": {
        "type": "Point",
        "coordinates": [
          115.2083911,
          -8.3292254
        ]
      }
    },
    {
      "type": "Feature",
      "properties": {
        "name": "Balai banjar batusesa",
        "category": "balai_pertemuan_desa",
        "region": "Tabanan Regency",
        "confidence": 0.87,
        "source_file": "4ZDU3D7D.xlsx, 20F8ADAH.xlsx, D7RSP2LU.xlsx, F5265UR2.xlsx, GQ3D8NMP.xlsx, MKMOSR5C.xlsx, QP4FQ600.xlsx, S33E300D.xlsx",
        "address": "P566+VRC, Jl. Bukit Catu Jl. Raya Bedugul, Candikuning, Kec. Baturiti, Kabupaten Tabanan, Bali"
      },
      "geometry": {
        "type": "Point",
        "coordinates": [
          115.1619603,
          -8.287983
        ]
      }
    },
    {
      "type": "Feature",
      "properties": {
        "name": "Balai banjar beja",
        "category": "balai_pertemuan_desa",
        "region": "Tabanan Regency",
        "confidence": 0.84,
        "source_file": "20F8ADAH.xlsx",
        "address": "GXF3+J84, Lalanglinggah, Kec. Selemadeg Bar., Kabupaten Tabanan, Bali 82162, Indonesia"
      },
      "geometry": {
        "type": "Point",
        "coordinates": [
          114.9533364,
          -8.4759912
        ]
      }
    },
    {
      "type": "Feature",
      "properties": {
        "name": "Balai banjar bongan lebah baleran",
        "category": "tempat_acara",
        "region": "Tabanan Regency",
        "confidence": 0.9,
        "source_file": "S33E300D.xlsx",
        "address": "C4P9+9QX, Br. Bongan lebah baleran, Bongan, Kec. Tabanan, Kabupaten Tabanan, Bali 82121"
      },
      "geometry": {
        "type": "Point",
        "coordinates": [
          115.1194795,
          -8.564014
        ]
      }
    },
    {
      "type": "Feature",
      "properties": {
        "name": "Balai banjar puseh",
        "category": "tempat_acara",
        "region": "Tabanan Regency",
        "confidence": 0.87,
        "source_file": "4ZDU3D7D.xlsx, D7RSP2LU.xlsx, F5265UR2.xlsx, MKMOSR5C.xlsx, S33E300D.xlsx",
        "address": "H5GV+RQF, Jl banjar puseh, Perean, Kec. Baturiti, Kabupaten Tabanan, Bali"
      },
      "geometry": {
        "type": "Point",
        "coordinates": [
          115.1944365,
          -8.4229369
        ]
      }
    },
    {
      "type": "Feature",
      "properties": {
        "name": "Balai banjar tegal",
        "category": "balai_masyarakat",
        "region": "Tabanan Regency",
        "confidence": 0.87,
        "source_file": "S33E300D.xlsx",
        "address": "C4C8+WC3, Nyitdah, Kec. Kediri, Kabupaten Tabanan, Bali 82121"
      },
      "geometry": {
        "type": "Point",
        "coordinates": [
          115.1160372,
          -8.5777305
        ]
      }
    },
    {
      "type": "Feature",
      "properties": {
        "name": "Banjar Dukuh Nyambu",
        "category": "balai_masyarakat",
        "region": "Tabanan Regency",
        "confidence": 0.87,
        "source_file": "S33E300D.xlsx",
        "address": "C47H+CJF, Balai Banjar Dukuh, Nyambu, Kec. Kediri, Kabupaten Tabanan, Bali 82121"
      },
      "geometry": {
        "type": "Point",
        "coordinates": [
          115.1290625,
          -8.5864375
        ]
      }
    },
    {
      "type": "Feature",
      "properties": {
        "name": "Banjar piun",
        "category": "balai_masyarakat",
        "region": "Tabanan Regency",
        "confidence": 0.9,
        "source_file": "GQ3D8NMP.xlsx",
        "address": "H675+VRF, Perean Kangin, Kec. Baturiti, Kabupaten Tabanan, Bali 82191"
      },
      "geometry": {
        "type": "Point",
        "coordinates": [
          115.2095618,
          -8.4353007
        ]
      }
    },
    {
      "type": "Feature",
      "properties": {
        "name": "Dinas Pariwisata Pemerintah Kabupaten Tabanan",
        "category": "kantor_pemerintahan_kota",
        "region": "Tabanan Regency",
        "confidence": 0.87,
        "source_file": "RZVRQ2SY.xlsx",
        "address": "Jl. Wibisana No.2, Delod Peken, Kec. Tabanan, Kabupaten Tabanan, Bali 82113"
      },
      "geometry": {
        "type": "Point",
        "coordinates": [
          115.1312694,
          -8.5433103
        ]
      }
    },
    {
      "type": "Feature",
      "properties": {
        "name": "Jero perempatan",
        "category": "attractions",
        "region": "Tabanan Regency",
        "confidence": 0.87,
        "source_file": "JQLVN4D2.xlsx",
        "address": "No., 82121, Jl. Raya Alas Kedaton No.71, Kukuh, Kec. Marga, Kabupaten Tabanan, Bali 82121"
      },
      "geometry": {
        "type": "Point",
        "coordinates": [
          115.1520677,
          -8.5201832
        ]
      }
    },
    {
      "type": "Feature",
      "properties": {
        "name": "Les Gita Private TK & SD GMJ",
        "category": "general_education_school",
        "region": "Tabanan Regency",
        "confidence": 0.84,
        "source_file": "M7E1PVJI.xlsx",
        "address": "Perum Griya Multi Jadi, Blk. 8 No.34, Banjar Anyar, Tabanan, Tabanan Regency, Bali 82121"
      },
      "geometry": {
        "type": "Point",
        "coordinates": [
          115.1431882,
          -8.5292096
        ]
      }
    },
    {
      "type": "Feature",
      "properties": {
        "name": "Mabes bucun pertigaan",
        "category": "toko",
        "region": "Tabanan Regency",
        "confidence": 0.84,
        "source_file": "ZDNRHRHP.xlsx",
        "address": "Jl. Padma No.04, br pande, Kediri, Kec. Kediri, Kabupaten Tabanan, Bali 82121"
      },
      "geometry": {
        "type": "Point",
        "coordinates": [
          115.1379298,
          -8.5675697
        ]
      }
    },
    {
      "type": "Feature",
      "properties": {
        "name": "Pura Balai Banjar",
        "category": "pura",
        "region": "Tabanan Regency",
        "confidence": 0.84,
        "source_file": "S33E300D.xlsx",
        "address": "M6J2+V2F, Antapan, Kec. Baturiti, Kabupaten Tabanan, Bali"
      },
      "geometry": {
        "type": "Point",
        "coordinates": [
          115.2000518,
          -8.3178037
        ]
      }
    },
    {
      "type": "Feature",
      "properties": {
        "name": "Pura perempatan agung alas",
        "category": "pura",
        "region": "Tabanan Regency",
        "confidence": 0.84,
        "source_file": "JQLVN4D2.xlsx",
        "address": "F2CM+479, Jl. Raya Jelijih - Munduk Ulan, Tegal Mengkeb, Kec. Selemadeg Tim., Kabupaten Tabanan, Bali"
      },
      "geometry": {
        "type": "Point",
        "coordinates": [
          115.0332332,
          -8.5297122
        ]
      }
    },
    {
      "type": "Feature",
      "properties": {
        "name": "SD 1 Dan 2 Jegu",
        "category": "elementary_school",
        "region": "Tabanan Regency",
        "confidence": 0.84,
        "source_file": "M7E1PVJI.xlsx",
        "address": "H42M+5CH, Jegu, Penebel, Tabanan Regency, Bali 82181"
      },
      "geometry": {
        "type": "Point",
        "coordinates": [
          115.1336017,
          -8.4495547
        ]
      }
    },
    {
      "type": "Feature",
      "properties": {
        "name": "SD 1 Payangan",
        "category": "sekolah",
        "region": "Tabanan Regency",
        "confidence": 0.84,
        "source_file": "M7E1PVJI.xlsx",
        "address": "G5X6+M83, Payangan, Marga, Tabanan Regency, Bali 82181"
      },
      "geometry": {
        "type": "Point",
        "coordinates": [
          115.1607912,
          -8.450868
        ]
      }
    },
    {
      "type": "Feature",
      "properties": {
        "name": "SD 2 Cau Belayu",
        "category": "elementary_school",
        "region": "Tabanan Regency",
        "confidence": 0.84,
        "source_file": "M7E1PVJI.xlsx",
        "address": "H623+HQH, Cau Belayu, Marga, Tabanan Regency, Bali 82181"
      },
      "geometry": {
        "type": "Point",
        "coordinates": [
          115.20447,
          -8.4485553
        ]
      }
    },
    {
      "type": "Feature",
      "properties": {
        "name": "SD 7 Banjar Anyar",
        "category": "secondary_school",
        "region": "Tabanan Regency",
        "confidence": 0.84,
        "source_file": "M7E1PVJI.xlsx",
        "address": "C4WV+9W5, Banjar, Jl. Taman, Banjar Anyar, Kediri, Tabanan Regency, Bali 82121"
      },
      "geometry": {
        "type": "Point",
        "coordinates": [
          115.1448677,
          -8.5541121
        ]
      }
    },
    {
      "type": "Feature",
      "properties": {
        "name": "SD Caublayu",
        "category": "school",
        "region": "Tabanan Regency",
        "confidence": 0.87,
        "source_file": "M7E1PVJI.xlsx",
        "address": "G6C2+GFW, Cau Belayu, Marga, Tabanan Regency, Bali 82181"
      },
      "geometry": {
        "type": "Point",
        "coordinates": [
          115.201201,
          -8.4786294
        ]
      }
    },
    {
      "type": "Feature",
      "properties": {
        "name": "SD Islam Tabanan",
        "category": "sekolah_dasar",
        "region": "Tabanan Regency",
        "confidence": 0.84,
        "source_file": "M7E1PVJI.xlsx",
        "address": "Jl. Anggrek Gg. I No.14, Dauh Peken, Kec. Tabanan, Kabupaten Tabanan, Bali 82113"
      },
      "geometry": {
        "type": "Point",
        "coordinates": [
          115.1231197,
          -8.5448191
        ]
      }
    },
    {
      "type": "Feature",
      "properties": {
        "name": "SD N 1 Batannyuh",
        "category": "sekolah_dasar",
        "region": "Tabanan Regency",
        "confidence": 0.84,
        "source_file": "LZIT5G8W.xlsx, M7E1PVJI.xlsx",
        "address": "F5V9+RCQ, Br. Batannyuh, Batannyuh, Kec. Marga, Kabupaten Tabanan, Bali 82181"
      },
      "geometry": {
        "type": "Point",
        "coordinates": [
          115.1686069,
          -8.5054173
        ]
      }
    },
    {
      "type": "Feature",
      "properties": {
        "name": "SD N 1 PEREAN TENGAH",
        "category": "sekolah_dasar",
        "region": "Tabanan Regency",
        "confidence": 0.84,
        "source_file": "M7E1PVJI.xlsx",
        "address": "H59X+XGQ, Central Perean, Baturiti, Tabanan Regency, Bali 82191"
      },
      "geometry": {
        "type": "Point",
        "coordinates": [
          115.1988558,
          -8.4300284
        ]
      }
    },
    {
      "type": "Feature",
      "properties": {
        "name": "SD N 1 PETIGA",
        "category": "sekolah_dasar",
        "region": "Tabanan Regency",
        "confidence": 0.84,
        "source_file": "M7E1PVJI.xlsx",
        "address": "H57G+WVV, Petiga, Marga, Tabanan Regency, Bali 82181"
      },
      "geometry": {
        "type": "Point",
        "coordinates": [
          115.1771792,
          -8.4351433
        ]
      }
    },
    {
      "type": "Feature",
      "properties": {
        "name": "SD N 1 Perean Kangin",
        "category": "sekolah_dasar",
        "region": "Tabanan Regency",
        "confidence": 0.84,
        "source_file": "M7E1PVJI.xlsx",
        "address": "H6J4+6CQ, Perean Kangin, Baturiti, Tabanan Regency, Bali 82191"
      },
      "geometry": {
        "type": "Point",
        "coordinates": [
          115.2061154,
          -8.4194093
        ]
      }
    },
    {
      "type": "Feature",
      "properties": {
        "name": "SD N 1 TUNJUK",
        "category": "sekolah_menengah",
        "region": "Tabanan Regency",
        "confidence": 0.84,
        "source_file": "M7E1PVJI.xlsx",
        "address": "G5M2+GP6, Tunjuk, Tabanan, Tabanan Regency, Bali 82181"
      },
      "geometry": {
        "type": "Point",
        "coordinates": [
          115.1517681,
          -8.4662076
        ]
      }
    },
    {
      "type": "Feature",
      "properties": {
        "name": "SD N 1 Tegallinggah",
        "category": "sekolah_dasar",
        "region": "Tabanan Regency",
        "confidence": 0.84,
        "source_file": "M7E1PVJI.xlsx",
        "address": "H438+VQV, Tegallinggah, Penebel, Tabanan Regency, Bali 82152"
      },
      "geometry": {
        "type": "Point",
        "coordinates": [
          115.1169171,
          -8.4452739
        ]
      }
    },
    {
      "type": "Feature",
      "properties": {
        "name": "SD N 2 PETIGA",
        "category": "sekolah_dasar",
        "region": "Tabanan Regency",
        "confidence": 0.84,
        "source_file": "M7E1PVJI.xlsx",
        "address": "H57H+XCM, Banjar Seminggan, Petiga, Kec. Marga, Kabupaten Tabanan, Bali"
      },
      "geometry": {
        "type": "Point",
        "coordinates": [
          115.1785525,
          -8.4350423
        ]
      }
    },
    {
      "type": "Feature",
      "properties": {
        "name": "SD N 2 Panji Anom",
        "category": "sekolah_dasar",
        "region": "Tabanan Regency",
        "confidence": 0.84,
        "source_file": "M7E1PVJI.xlsx",
        "address": "H5RQ+5HV, Tua, Marga, Tabanan Regency, Bali 82191"
      },
      "geometry": {
        "type": "Point",
        "coordinates": [
          115.188916,
          -8.4095178
        ]
      }
    },
    {
      "type": "Feature",
      "properties": {
        "name": "SD N 2 Perean Tengah",
        "category": "elementary_school",
        "region": "Tabanan Regency",
        "confidence": 0.84,
        "source_file": "LZIT5G8W.xlsx, M7E1PVJI.xlsx",
        "address": "No., Jl. Raya Denpasar No.102, Perean Tengah, Kec. Baturiti, Kabupaten Tabanan, Bali 82191"
      },
      "geometry": {
        "type": "Point",
        "coordinates": [
          115.2006166,
          -8.4306093
        ]
      }
    },
    {
      "type": "Feature",
      "properties": {
        "name": "SD N 3 Denbantas",
        "category": "sekolah_dasar",
        "region": "Tabanan Regency",
        "confidence": 0.84,
        "source_file": "M7E1PVJI.xlsx",
        "address": "F4WQ+QMR, Jl. Celagi, Denbantas, Kec. Tabanan, Kabupaten Tabanan, Bali 82181"
      },
      "geometry": {
        "type": "Point",
        "coordinates": [
          115.1391759,
          -8.5030676
        ]
      }
    },
    {
      "type": "Feature",
      "properties": {
        "name": "SD N 3 KUKUH MARGA",
        "category": "school",
        "region": "Tabanan Regency",
        "confidence": 0.84,
        "source_file": "M7E1PVJI.xlsx",
        "address": "F5V5+6GC, Kukuh, Marga, Tabanan Regency, Bali"
      },
      "geometry": {
        "type": "Point",
        "coordinates": [
          115.1587695,
          -8.5069266
        ]
      }
    },
    {
      "type": "Feature",
      "properties": {
        "name": "SD NEGERI 1 Cau Belayu",
        "category": "sekolah_dasar",
        "region": "Tabanan Regency",
        "confidence": 0.84,
        "source_file": "LZIT5G8W.xlsx, M7E1PVJI.xlsx",
        "address": "G6V3+CFQ, Cau Belayu, Kec. Marga, Kabupaten Tabanan, Bali"
      },
      "geometry": {
        "type": "Point",
        "coordinates": [
          115.203737,
          -8.4564042
        ]
      }
    },
    {
      "type": "Feature",
      "properties": {
        "name": "SD NEGERI 1 KUKUH MARGA",
        "category": "sekolah_dasar",
        "region": "Tabanan Regency",
        "confidence": 0.84,
        "source_file": "LZIT5G8W.xlsx, M7E1PVJI.xlsx",
        "address": "F5J3+W7H, Kukuh, Kec. Marga, Kabupaten Tabanan, Bali 82181"
      },
      "geometry": {
        "type": "Point",
        "coordinates": [
          115.1532222,
          -8.517676
        ]
      }
    },
    {
      "type": "Feature",
      "properties": {
        "name": "SD NEGERI 1 MARGA",
        "category": "elementary_school",
        "region": "Tabanan Regency",
        "confidence": 0.84,
        "source_file": "LZIT5G8W.xlsx, M7E1PVJI.xlsx",
        "address": "Jl. Wisnu Marga No.39, Kuwum, Kec. Marga, Kabupaten Tabanan, Bali 82181"
      },
      "geometry": {
        "type": "Point",
        "coordinates": [
          115.170239,
          -8.4752205
        ]
      }
    },
    {
      "type": "Feature",
      "properties": {
        "name": "SD NEGERI 1 SENGANAN",
        "category": "sekolah_dasar",
        "region": "Tabanan Regency",
        "confidence": 0.84,
        "source_file": "LZIT5G8W.xlsx",
        "address": "J5G4+PP7, Br, Senganan, Kec. Penebel, Kabupaten Tabanan, Bali 82191"
      },
      "geometry": {
        "type": "Point",
        "coordinates": [
          115.1567868,
          -8.3732088
        ]
      }
    },
    {
      "type": "Feature",
      "properties": {
        "name": "SD NEGERI 2 LUWUS",
        "category": "sekolah_dasar",
        "region": "Tabanan Regency",
        "confidence": 0.84,
        "source_file": "LZIT5G8W.xlsx, M7E1PVJI.xlsx",
        "address": "Jl. Petang No.551, Luwus, Kec. Baturiti, Kabupaten Tabanan, Bali 82191"
      },
      "geometry": {
        "type": "Point",
        "coordinates": [
          115.2022505,
          -8.3961512
        ]
      }
    },
    {
      "type": "Feature",
      "properties": {
        "name": "SD NEGERI 2 PENEBEL",
        "category": "sekolah_dasar",
        "region": "Tabanan Regency",
        "confidence": 0.84,
        "source_file": "LZIT5G8W.xlsx, M7E1PVJI.xlsx",
        "address": "JL. KRESNA No.115, Penebel, Kec. Penebel, Kabupaten Tabanan, Bali"
      },
      "geometry": {
        "type": "Point",
        "coordinates": [
          115.1447734,
          -8.4218119
        ]
      }
    },
    {
      "type": "Feature",
      "properties": {
        "name": "SD NEGERI 2 PITERA",
        "category": "elementary_school",
        "region": "Tabanan Regency",
        "confidence": 0.84,
        "source_file": "LZIT5G8W.xlsx, M7E1PVJI.xlsx",
        "address": "H49Q+55F, Pitra, Kec. Penebel, Kabupaten Tabanan, Bali 82181"
      },
      "geometry": {
        "type": "Point",
        "coordinates": [
          115.137931,
          -8.4320621
        ]
      }
    },
    {
      "type": "Feature",
      "properties": {
        "name": "SD NEGERI 3 LUWUS",
        "category": "sekolah_dasar",
        "region": "Tabanan Regency",
        "confidence": 0.84,
        "source_file": "M7E1PVJI.xlsx",
        "address": "Jl. Mekarsari - Baturiti Bedugul No.16, Luwus, Kec. Baturiti, Kabupaten Tabanan, Bali 82191"
      },
      "geometry": {
        "type": "Point",
        "coordinates": [
          115.1947219,
          -8.3872868
        ]
      }
    },
    {
      "type": "Feature",
      "properties": {
        "name": "SD NEGERI 3 RIANG GEDE",
        "category": "sekolah_dasar",
        "region": "Tabanan Regency",
        "confidence": 0.84,
        "source_file": "LZIT5G8W.xlsx, M7E1PVJI.xlsx",
        "address": "G4RP+RQ6, Br. Dinas Darma Kelod Desa Riang Gede, Tajen, Kec. Penebel, Kabupaten Tabanan, Bali 82181"
      },
      "geometry": {
        "type": "Point",
        "coordinates": [
          115.1368866,
          -8.4579579
        ]
      }
    },
    {
      "type": "Feature",
      "properties": {
        "name": "SD NEGERI 4 ANGSERI",
        "category": "sekolah_dasar",
        "region": "Tabanan Regency",
        "confidence": 0.84,
        "source_file": "LZIT5G8W.xlsx",
        "address": "J5W3+GM4, Br. Dinas Munduk Lumbang, Angseri, Kec. Baturiti, Kabupaten Tabanan, Bali 82161"
      },
      "geometry": {
        "type": "Point",
        "coordinates": [
          115.1541949,
          -8.3537305
        ]
      }
    },
    {
      "type": "Feature",
      "properties": {
        "name": "SD NEGERI 4 BANJAR ANYAR",
        "category": "sekolah_dasar",
        "region": "Tabanan Regency",
        "confidence": 0.84,
        "source_file": "LZIT5G8W.xlsx, M7E1PVJI.xlsx",
        "address": "F563+VQC, Dusun Jl. Raya Senapahan, Banjar Anyar, Kec. Kediri, Kabupaten Tabanan, Bali 82121"
      },
      "geometry": {
        "type": "Point",
        "coordinates": [
          115.1543866,
          -8.5378026
        ]
      }
    },
    {
      "type": "Feature",
      "properties": {
        "name": "SD NEGERI 4 LUWUS",
        "category": "sekolah_dasar",
        "region": "Tabanan Regency",
        "confidence": 0.84,
        "source_file": "LZIT5G8W.xlsx, M7E1PVJI.xlsx",
        "address": "H5WV+MQ2, Br. Palian, Luwus, Kec. Baturiti, Kabupaten Tabanan, Bali 82191"
      },
      "geometry": {
        "type": "Point",
        "coordinates": [
          115.1943787,
          -8.4033689
        ]
      }
    },
    {
      "type": "Feature",
      "properties": {
        "name": "SD NEGERI 4 MARGA",
        "category": "sekolah_dasar",
        "region": "Tabanan Regency",
        "confidence": 0.84,
        "source_file": "LZIT5G8W.xlsx, M7E1PVJI.xlsx",
        "address": "G5PC+MX4, Jl. Kenyeri, Marga Dajan Puri, Kec. Marga, Kabupaten Tabanan, Bali 82181"
      },
      "geometry": {
        "type": "Point",
        "coordinates": [
          115.1724467,
          -8.4633581
        ]
      }
    },
    {
      "type": "Feature",
      "properties": {
        "name": "SD NEGERI 5 MARGA",
        "category": "sekolah_dasar",
        "region": "Tabanan Regency",
        "confidence": 0.84,
        "source_file": "LZIT5G8W.xlsx, M7E1PVJI.xlsx",
        "address": "G5J8+6GW, Jl. Tunjuk Marga, Marga, Kec. Marga, Kabupaten Tabanan, Bali 82181"
      },
      "geometry": {
        "type": "Point",
        "coordinates": [
          115.1663283,
          -8.469388
        ]
      }
    },
    {
      "type": "Feature",
      "properties": {
        "name": "SD NEGERI 6 BANJAR ANYAR",
        "category": "sekolah_dasar",
        "region": "Tabanan Regency",
        "confidence": 0.84,
        "source_file": "LZIT5G8W.xlsx",
        "address": "Jl. Gatot Subroto II No.22, Banjar Anyar, Kec. Kediri, Kabupaten Tabanan, Bali 82121"
      },
      "geometry": {
        "type": "Point",
        "coordinates": [
          115.1374646,
          -8.5478106
        ]
      }
    },
    {
      "type": "Feature",
      "properties": {
        "name": "SD NEGERI 6 MARGA",
        "category": "sekolah_dasar",
        "region": "Tabanan Regency",
        "confidence": 0.84,
        "source_file": "LZIT5G8W.xlsx, M7E1PVJI.xlsx",
        "address": "G5J8+9HP, Unnamed Road, Marga, Kec. Marga, Kabupaten Tabanan, Bali 82181"
      },
      "geometry": {
        "type": "Point",
        "coordinates": [
          115.1664415,
          -8.4690494
        ]
      }
    },
    {
      "type": "Feature",
      "properties": {
        "name": "SD NO.1 Tegaljadi",
        "category": "sekolah_dasar",
        "region": "Tabanan Regency",
        "confidence": 0.84,
        "source_file": "M7E1PVJI.xlsx",
        "address": "G533+HM7, Tegaljadi, Marga, Tabanan Regency, Bali 82181"
      },
      "geometry": {
        "type": "Point",
        "coordinates": [
          115.1541584,
          -8.4960906
        ]
      }
    },
    {
      "type": "Feature",
      "properties": {
        "name": "SD NO.2 SELANBAWAK",
        "category": "school",
        "region": "Tabanan Regency",
        "confidence": 0.84,
        "source_file": "M7E1PVJI.xlsx",
        "address": "G56H+96M, Unnamed Rd, Selanbawak, Kec. Marga, Kabupaten Tabanan, Bali 82181"
      },
      "geometry": {
        "type": "Point",
        "coordinates": [
          115.1780509,
          -8.4890465
        ]
      }
    },
    {
      "type": "Feature",
      "properties": {
        "name": "SD Negeri 1 Abiantuwung",
        "category": "sekolah_dasar",
        "region": "Tabanan Regency",
        "confidence": 0.84,
        "source_file": "LZIT5G8W.xlsx, M7E1PVJI.xlsx",
        "address": "Jl. Raya Denpasar - Gilimanuk No.8, Abian Tuwung, Kec. Kediri, Kabupaten Tabanan, Bali 82121"
      },
      "geometry": {
        "type": "Point",
        "coordinates": [
          115.1525594,
          -8.5590995
        ]
      }
    },
    {
      "type": "Feature",
      "properties": {
        "name": "SD Negeri 1 Apuan",
        "category": "sekolah_dasar",
        "region": "Tabanan Regency",
        "confidence": 0.84,
        "source_file": "LZIT5G8W.xlsx, M7E1PVJI.xlsx",
        "address": "J5MH+4FW, Jl. Raya Apuan Senganan - Baturiti No.552, Apuan, Kec. Baturiti, Kabupaten Tabanan, Bali 82191"
      },
      "geometry": {
        "type": "Point",
        "coordinates": [
          115.178351,
          -8.367238
        ]
      }
    },
    {
      "type": "Feature",
      "properties": {
        "name": "SD Negeri 1 Banjaranyar",
        "category": "sekolah_dasar",
        "region": "Tabanan Regency",
        "confidence": 0.84,
        "source_file": "LZIT5G8W.xlsx",
        "address": "F46W+GPP, Banjar Anyar, Kec. Kediri, Kabupaten Tabanan, Bali 82123"
      },
      "geometry": {
        "type": "Point",
        "coordinates": [
          115.1468158,
          -8.5386586
        ]
      }
    },
    {
      "type": "Feature",
      "properties": {
        "name": "SD Negeri 1 Batuaji",
        "category": "sekolah_dasar",
        "region": "Tabanan Regency",
        "confidence": 0.84,
        "source_file": "LZIT5G8W.xlsx",
        "address": "F4P6+53P, Batuaji, Kec. Kerambitan, Kabupaten Tabanan, Bali 82115"
      },
      "geometry": {
        "type": "Point",
        "coordinates": [
          115.1101885,
          -8.5145338
        ]
      }
    },
    {
      "type": "Feature",
      "properties": {
        "name": "SD Negeri 1 Biaung",
        "category": "sekolah_dasar",
        "region": "Tabanan Regency",
        "confidence": 0.84,
        "source_file": "LZIT5G8W.xlsx, M7E1PVJI.xlsx",
        "address": "H5H6+23M, Biaung, Kec. Penebel, Kabupaten Tabanan, Bali 82181"
      },
      "geometry": {
        "type": "Point",
        "coordinates": [
          115.1601613,
          -8.4224026
        ]
      }
    },
    {
      "type": "Feature",
      "properties": {
        "name": "SD Negeri 1 Buruan",
        "category": "primary_school",
        "region": "Tabanan Regency",
        "confidence": 0.84,
        "source_file": "LZIT5G8W.xlsx, M7E1PVJI.xlsx",
        "address": "Jl. Batukaru No.62-64, Buruan, Kec. Penebel, Kabupaten Tabanan, Bali 82181"
      },
      "geometry": {
        "type": "Point",
        "coordinates": [
          115.1384971,
          -8.4605673
        ]
      }
    },
    {
      "type": "Feature",
      "properties": {
        "name": "SD Negeri 1 Dajan Peken Tabanan",
        "category": "sekolah_dasar",
        "region": "Tabanan Regency",
        "confidence": 0.84,
        "source_file": "LZIT5G8W.xlsx, M7E1PVJI.xlsx",
        "address": "F47J+MWR, Dajan Peken, Kec. Tabanan, Kabupaten Tabanan, Bali 82121"
      },
      "geometry": {
        "type": "Point",
        "coordinates": [
          115.1322542,
          -8.535759
        ]
      }
    },
    {
      "type": "Feature",
      "properties": {
        "name": "SD Negeri 1 Denbantas",
        "category": "elementary_school",
        "region": "Tabanan Regency",
        "confidence": 0.84,
        "source_file": "LZIT5G8W.xlsx, M7E1PVJI.xlsx",
        "address": "Jl. Batukaru No.31, Denbantas, Kec. Tabanan, Kabupaten Tabanan, Bali 82115"
      },
      "geometry": {
        "type": "Point",
        "coordinates": [
          115.1290653,
          -8.5205397
        ]
      }
    },
    {
      "type": "Feature",
      "properties": {
        "name": "SD Negeri 1 Gadungan",
        "category": "sekolah_dasar",
        "region": "Tabanan Regency",
        "confidence": 0.84,
        "source_file": "LZIT5G8W.xlsx",
        "address": "G36G+8J6, Tim., Gadungan, Kec. Selemadeg Tim., Kabupaten Tabanan, Bali 82161"
      },
      "geometry": {
        "type": "Point",
        "coordinates": [
          115.0765028,
          -8.4892038
        ]
      }
    },
    {
      "type": "Feature",
      "properties": {
        "name": "SD Negeri 1 Kediri",
        "category": "sekolah_dasar",
        "region": "Tabanan Regency",
        "confidence": 0.84,
        "source_file": "LZIT5G8W.xlsx",
        "address": "Jl. Ahmad Yani No.43, Kediri, Kec. Kediri, Kabupaten Tabanan, Bali 82121"
      },
      "geometry": {
        "type": "Point",
        "coordinates": [
          115.1414545,
          -8.5551652
        ]
      }
    },
    {
      "type": "Feature",
      "properties": {
        "name": "SD Negeri 1 Kesiut",
        "category": "sekolah_dasar",
        "region": "Tabanan Regency",
        "confidence": 0.84,
        "source_file": "LZIT5G8W.xlsx",
        "address": "G496+Q2V, Kesiut, Kec. Kerambitan, Kabupaten Tabanan, Bali 82152"
      },
      "geometry": {
        "type": "Point",
        "coordinates": [
          115.1100335,
          -8.4805101
        ]
      }
    },
    {
      "type": "Feature",
      "properties": {
        "name": "SD Negeri 1 Kuwum Marga",
        "category": "sekolah_dasar",
        "region": "Tabanan Regency",
        "confidence": 0.84,
        "source_file": "LZIT5G8W.xlsx, M7E1PVJI.xlsx",
        "address": "Jl. Wisnu Marga No.67, Kuwum, Kec. Marga, Kabupaten Tabanan, Bali 82181"
      },
      "geometry": {
        "type": "Point",
        "coordinates": [
          115.1701583,
          -8.4945084
        ]
      }
    },
    {
      "type": "Feature",
      "properties": {
        "name": "SD Negeri 1 Luwus",
        "category": "sekolah_dasar",
        "region": "Tabanan Regency",
        "confidence": 0.84,
        "source_file": "LZIT5G8W.xlsx, M7E1PVJI.xlsx",
        "address": "J52W+7CV, Jl. Mekarsari - Baturiti Bedugul, Luwus, Kec. Baturiti, Kabupaten Tabanan, Bali 82191"
      },
      "geometry": {
        "type": "Point",
        "coordinates": [
          115.1960477,
          -8.3992667
        ]
      }
    },
    {
      "type": "Feature",
      "properties": {
        "name": "SD Negeri 1 Marga Dajan Puri",
        "category": "sekolah_dasar",
        "region": "Tabanan Regency",
        "confidence": 0.84,
        "source_file": "LZIT5G8W.xlsx, M7E1PVJI.xlsx",
        "address": "Jl. Raya Marga-Apuan No.19, Marga Dajan Puri, Kec. Marga, Kabupaten Tabanan, Bali 82181"
      },
      "geometry": {
        "type": "Point",
        "coordinates": [
          115.1693663,
          -8.4663897
        ]
      }
    },
    {
      "type": "Feature",
      "properties": {
        "name": "SD Negeri 1 Marga Dauh Puri",
        "category": "sekolah_dasar",
        "region": "Tabanan Regency",
        "confidence": 0.84,
        "source_file": "LZIT5G8W.xlsx, M7E1PVJI.xlsx",
        "address": "G5J6+VFW, Marga Dauh Puri, Kec. Marga, Kabupaten Tabanan, Bali 82181"
      },
      "geometry": {
        "type": "Point",
        "coordinates": [
          115.1612024,
          -8.4677503
        ]
      }
    },
    {
      "type": "Feature",
      "properties": {
        "name": "SD Negeri 1 Nyambu",
        "category": "sekolah_dasar",
        "region": "Tabanan Regency",
        "confidence": 0.84,
        "source_file": "LZIT5G8W.xlsx",
        "address": "C4GW+98W, Nyambu, Kec. Kediri, Kabupaten Tabanan, Bali 82171"
      },
      "geometry": {
        "type": "Point",
        "coordinates": [
          115.1458152,
          -8.5740064
        ]
      }
    },
    {
      "type": "Feature",
      "properties": {
        "name": "SD Negeri 1 Payangan",
        "category": "sekolah_dasar",
        "region": "Tabanan Regency",
        "confidence": 0.84,
        "source_file": "LZIT5G8W.xlsx, M7E1PVJI.xlsx",
        "address": "H5FF+9PV, Banjar Payangan Kaja, Desa, Payangan, Kec. Marga, Kabupaten Tabanan, Bali 82181"
      },
      "geometry": {
        "type": "Point",
        "coordinates": [
          115.1743093,
          -8.426506
        ]
      }
    },
    {
      "type": "Feature",
      "properties": {
        "name": "SD Negeri 1 Peken Belayu",
        "category": "sekolah_dasar",
        "region": "Tabanan Regency",
        "confidence": 0.84,
        "source_file": "LZIT5G8W.xlsx, M7E1PVJI.xlsx",
        "address": "F5J8+W3W, Banjar, Peken, Kec. Marga, Kabupaten Tabanan, Bali 82181"
      },
      "geometry": {
        "type": "Point",
        "coordinates": [
          115.1652031,
          -8.5176375
        ]
      }
    },
    {
      "type": "Feature",
      "properties": {
        "name": "SD Negeri 1 Penebel",
        "category": "sekolah_dasar",
        "region": "Tabanan Regency",
        "confidence": 0.84,
        "source_file": "LZIT5G8W.xlsx, M7E1PVJI.xlsx",
        "address": "H4HW+827, Penebel, Kec. Penebel, Kabupaten Tabanan, Bali 82181"
      },
      "geometry": {
        "type": "Point",
        "coordinates": [
          115.1450448,
          -8.421701
        ]
      }
    },
    {
      "type": "Feature",
      "properties": {
        "name": "SD Negeri 1 Sesandan",
        "category": "sekolah_dasar",
        "region": "Tabanan Regency",
        "confidence": 0.84,
        "source_file": "LZIT5G8W.xlsx, M7E1PVJI.xlsx",
        "address": "Jl. Batukaru No.23, Sedandan, Kec. Penebel, Kabupaten Tabanan, Bali 82181"
      },
      "geometry": {
        "type": "Point",
        "coordinates": [
          115.1365217,
          -8.476139
        ]
      }
    },
    {
      "type": "Feature",
      "properties": {
        "name": "SD Negeri 1 Tua",
        "category": "sekolah_dasar",
        "region": "Tabanan Regency",
        "confidence": 0.84,
        "source_file": "LZIT5G8W.xlsx, M7E1PVJI.xlsx",
        "address": "H5QJ+C73, Jl. Raya Marga-Apuan, Tua, Kec. Marga, Kabupaten Tabanan, Bali 82191"
      },
      "geometry": {
        "type": "Point",
        "coordinates": [
          115.1806638,
          -8.4114816
        ]
      }
    },
    {
      "type": "Feature",
      "properties": {
        "name": "SD Negeri 1 Wanasari",
        "category": "sekolah_dasar",
        "region": "Tabanan Regency",
        "confidence": 0.84,
        "source_file": "LZIT5G8W.xlsx, M7E1PVJI.xlsx",
        "address": "G47P+X2G, Wanasari, Kec. Tabanan, Kabupaten Tabanan, Bali 82181"
      },
      "geometry": {
        "type": "Point",
        "coordinates": [
          115.1350759,
          -8.4850607
        ]
      }
    },
    {
      "type": "Feature",
      "properties": {
        "name": "SD Negeri 2 Apuan",
        "category": "elementary_school",
        "region": "Tabanan Regency",
        "confidence": 0.84,
        "source_file": "M7E1PVJI.xlsx",
        "address": "J5CC+C3P, Apuan, Baturiti, Tabanan Regency, Bali 82191"
      },
      "geometry": {
        "type": "Point",
        "coordinates": [
          115.170188,
          -8.3789086
        ]
      }
    },
    {
      "type": "Feature",
      "properties": {
        "name": "SD Negeri 2 Batannyuh",
        "category": "elementary_school",
        "region": "Tabanan Regency",
        "confidence": 0.84,
        "source_file": "LZIT5G8W.xlsx, M7E1PVJI.xlsx",
        "address": "F5Q9+484, Batannyuh, Kec. Marga, Kabupaten Tabanan, Bali 82181"
      },
      "geometry": {
        "type": "Point",
        "coordinates": [
          115.1683339,
          -8.5122401
        ]
      }
    },
    {
      "type": "Feature",
      "properties": {
        "name": "SD Negeri 2 Buruan",
        "category": "primary_school",
        "region": "Tabanan Regency",
        "confidence": 0.84,
        "source_file": "M7E1PVJI.xlsx",
        "address": "G4RP+HVC, Tajen, Penebel, Tabanan Regency, Bali 82181"
      },
      "geometry": {
        "type": "Point",
        "coordinates": [
          115.1371452,
          -8.4585518
        ]
      }
    },
    {
      "type": "Feature",
      "properties": {
        "name": "SD Negeri 2 Dajan Peken",
        "category": "elementary_school",
        "region": "Tabanan Regency",
        "confidence": 0.84,
        "source_file": "LZIT5G8W.xlsx, M7E1PVJI.xlsx",
        "address": "Jl. Jalak Putih No.08, Dajan Peken, Kec. Tabanan, Kabupaten Tabanan, Bali 82114"
      },
      "geometry": {
        "type": "Point",
        "coordinates": [
          115.1247577,
          -8.5328806
        ]
      }
    },
    {
      "type": "Feature",
      "properties": {
        "name": "SD Negeri 2 Dauh Peken",
        "category": "sekolah_dasar",
        "region": "Tabanan Regency",
        "confidence": 0.84,
        "source_file": "LZIT5G8W.xlsx",
        "address": "F458+38W, Dauh Peken, Kec. Tabanan, Kabupaten Tabanan, Bali 82111"
      },
      "geometry": {
        "type": "Point",
        "coordinates": [
          115.1158376,
          -8.5422504
        ]
      }
    },
    {
      "type": "Feature",
      "properties": {
        "name": "SD Negeri 2 Denbantas",
        "category": "elementary_school",
        "region": "Tabanan Regency",
        "confidence": 0.84,
        "source_file": "LZIT5G8W.xlsx, M7E1PVJI.xlsx",
        "address": "F4JQ+8GF, Denbantas, Kec. Tabanan, Kabupaten Tabanan, Bali 82123"
      },
      "geometry": {
        "type": "Point",
        "coordinates": [
          115.138811,
          -8.519195
        ]
      }
    },
    {
      "type": "Feature",
      "properties": {
        "name": "SD Negeri 2 Gunung Salak",
        "category": "sekolah_dasar",
        "region": "Tabanan Regency",
        "confidence": 0.84,
        "source_file": "M7E1PVJI.xlsx",
        "address": "H348+26F, Gunung Salak, Selemadeg Timur, Tabanan Regency, Bali 82162"
      },
      "geometry": {
        "type": "Point",
        "coordinates": [
          115.0655514,
          -8.4449419
        ]
      }
    },
    {
      "type": "Feature",
      "properties": {
        "name": "SD Negeri 2 Kaba-Kaba",
        "category": "sekolah_dasar",
        "region": "Tabanan Regency",
        "confidence": 0.84,
        "source_file": "LZIT5G8W.xlsx",
        "address": "C46R+GVG, Jl. Raya Kaba-Kaba, Kaba-Kaba, Kec. Kediri, Kabupaten Tabanan, Bali 82121"
      },
      "geometry": {
        "type": "Point",
        "coordinates": [
          115.1422176,
          -8.5886873
        ]
      }
    },
    {
      "type": "Feature",
      "properties": {
        "name": "SD Negeri 2 Kukuh",
        "category": "sekolah_dasar",
        "region": "Tabanan Regency",
        "confidence": 0.84,
        "source_file": "LZIT5G8W.xlsx",
        "address": "F5M3+3X7, Kukuh, Kec. Marga, Kabupaten Tabanan, Bali"
      },
      "geometry": {
        "type": "Point",
        "coordinates": [
          115.1549216,
          -8.5173356
        ]
      }
    },
    {
      "type": "Feature",
      "properties": {
        "name": "SD Negeri 2 Mengesta",
        "category": "primary_school",
        "region": "Tabanan Regency",
        "confidence": 0.84,
        "source_file": "M7E1PVJI.xlsx",
        "address": "H4RM+2F7, Mengesta, Penebel, Tabanan Regency, Bali 82152"
      },
      "geometry": {
        "type": "Point",
        "coordinates": [
          115.1336849,
          -8.4099687
        ]
      }
    },
    {
      "type": "Feature",
      "properties": {
        "name": "SD Negeri 2 Payangan",
        "category": "sekolah_dasar",
        "region": "Tabanan Regency",
        "confidence": 0.84,
        "source_file": "LZIT5G8W.xlsx, M7E1PVJI.xlsx",
        "address": "H599+Q9J, Payangan, Kec. Marga, Kabupaten Tabanan, Bali 82181"
      },
      "geometry": {
        "type": "Point",
        "coordinates": [
          115.1684032,
          -8.4305321
        ]
      }
    },
    {
      "type": "Feature",
      "properties": {
        "name": "SD Negeri 2 Perean",
        "category": "sekolah_dasar",
        "region": "Tabanan Regency",
        "confidence": 0.84,
        "source_file": "LZIT5G8W.xlsx, M7E1PVJI.xlsx",
        "address": "H5HW+GC9, Perean, Kec. Baturiti, Kabupaten Tabanan, Bali 82191"
      },
      "geometry": {
        "type": "Point",
        "coordinates": [
          115.1958457,
          -8.4207957
        ]
      }
    },
    {
      "type": "Feature",
      "properties": {
        "name": "SD Negeri 2 Tegaljadi",
        "category": "sekolah_dasar",
        "region": "Tabanan Regency",
        "confidence": 0.84,
        "source_file": "LZIT5G8W.xlsx",
        "address": "F5P2+QH5, Tegaljadi, Kec. Marga, Kabupaten Tabanan, Bali 82181"
      },
      "geometry": {
        "type": "Point",
        "coordinates": [
          115.1514972,
          -8.5131109
        ]
      }
    },
    {
      "type": "Feature",
      "properties": {
        "name": "SD Negeri 3 & 5 Delod Peken",
        "category": "sekolah_dasar",
        "region": "Tabanan Regency",
        "confidence": 0.84,
        "source_file": "LZIT5G8W.xlsx",
        "address": "F42F+XJ7, Jl. Mawar, Delod Peken, Kec. Tabanan, Kabupaten Tabanan, Bali 82121"
      },
      "geometry": {
        "type": "Point",
        "coordinates": [
          115.1240438,
          -8.5475771
        ]
      }
    },
    {
      "type": "Feature",
      "properties": {
        "name": "SD Negeri 3 Apuan",
        "category": "sekolah_dasar",
        "region": "Tabanan Regency",
        "confidence": 0.84,
        "source_file": "LZIT5G8W.xlsx",
        "address": "J5CJ+CMG, Jl. Raya Marga-Apuan, Apuan, Kec. Baturiti, Kabupaten Tabanan, Bali"
      },
      "geometry": {
        "type": "Point",
        "coordinates": [
          115.1816916,
          -8.3789498
        ]
      }
    },
    {
      "type": "Feature",
      "properties": {
        "name": "SD Negeri 3 Banjar Anyar",
        "category": "sekolah_dasar",
        "region": "Tabanan Regency",
        "confidence": 0.84,
        "source_file": "M7E1PVJI.xlsx",
        "address": "Jl. Tendean, Banjar Anyar, Kec. Kediri, Kabupaten Tabanan, Bali 82121"
      },
      "geometry": {
        "type": "Point",
        "coordinates": [
          115.1489725,
          -8.5287156
        ]
      }
    },
    {
      "type": "Feature",
      "properties": {
        "name": "SD Negeri 3 Mekarsari",
        "category": "sekolah_dasar",
        "region": "Tabanan Regency",
        "confidence": 0.84,
        "source_file": "LZIT5G8W.xlsx, M7E1PVJI.xlsx",
        "address": "J5CX+4GH, Unnamed Road, Mekarsari, Kec. Baturiti, Kabupaten Tabanan, Bali 82191"
      },
      "geometry": {
        "type": "Point",
        "coordinates": [
          115.1988655,
          -8.3796977
        ]
      }
    },
    {
      "type": "Feature",
      "properties": {
        "name": "SD Negeri 3 Tunjuk",
        "category": "sekolah_dasar",
        "region": "Tabanan Regency",
        "confidence": 0.84,
        "source_file": "LZIT5G8W.xlsx, M7E1PVJI.xlsx",
        "address": "G4CX+PHJ, Jl. Beng Tunjuk, Tunjuk, Kec. Tabanan, Kabupaten Tabanan, Bali 82181"
      },
      "geometry": {
        "type": "Point",
        "coordinates": [
          115.1489014,
          -8.4781577
        ]
      }
    },
    {
      "type": "Feature",
      "properties": {
        "name": "SD Negeri 5 Banjar Anyar",
        "category": "sekolah_dasar",
        "region": "Tabanan Regency",
        "confidence": 0.84,
        "source_file": "LZIT5G8W.xlsx",
        "address": "F4GJ+P93, Denbantas, Kec. Tabanan, Kabupaten Tabanan, Bali 82123"
      },
      "geometry": {
        "type": "Point",
        "coordinates": [
          115.13092,
          -8.52323
        ]
      }
    },
    {
      "type": "Feature",
      "properties": {
        "name": "SD Negeri 5 Kediri Tabanan",
        "category": "sekolah_dasar",
        "region": "Tabanan Regency",
        "confidence": 0.84,
        "source_file": "LZIT5G8W.xlsx",
        "address": "Jl. Melati No.6, Kediri, Kec. Kediri, Kabupaten Tabanan, Bali 82121"
      },
      "geometry": {
        "type": "Point",
        "coordinates": [
          115.1389249,
          -8.5605886
        ]
      }
    },
    {
      "type": "Feature",
      "properties": {
        "name": "SD Negeri 5 Penatahan",
        "category": "sekolah_dasar",
        "region": "Tabanan Regency",
        "confidence": 0.84,
        "source_file": "LZIT5G8W.xlsx, M7E1PVJI.xlsx",
        "address": "H46F+QQM, Penatahan, Kec. Penebel, Kabupaten Tabanan, Bali 82152"
      },
      "geometry": {
        "type": "Point",
        "coordinates": [
          115.1244146,
          -8.4380407
        ]
      }
    },
    {
      "type": "Feature",
      "properties": {
        "name": "SD Negeri 7 Kediri",
        "category": "sekolah_dasar",
        "region": "Tabanan Regency",
        "confidence": 0.84,
        "source_file": "LZIT5G8W.xlsx",
        "address": "Jl. Wagimin No.8, Kediri, Kec. Kediri, Kabupaten Tabanan, Bali 82121"
      },
      "geometry": {
        "type": "Point",
        "coordinates": [
          115.1409731,
          -8.5567085
        ]
      }
    },
    {
      "type": "Feature",
      "properties": {
        "name": "SD Negeri 8 Tabanan",
        "category": "sekolah_dasar",
        "region": "Tabanan Regency",
        "confidence": 0.84,
        "source_file": "LZIT5G8W.xlsx, M7E1PVJI.xlsx",
        "address": "Jl. Majapahit No.18, Dajan Peken, Kec. Tabanan, Kabupaten Tabanan, Bali 82121"
      },
      "geometry": {
        "type": "Point",
        "coordinates": [
          115.134984,
          -8.5307145
        ]
      }
    },
    {
      "type": "Feature",
      "properties": {
        "name": "SD Negeri Ngronggo 2",
        "category": "sekolah_dasar",
        "region": "Tabanan Regency",
        "confidence": 0.84,
        "source_file": "LZIT5G8W.xlsx, M7E1PVJI.xlsx",
        "address": "Jl. Kapten Tendean No.82, Banjar Anyar, Kec. Kediri, Kabupaten Tabanan, Bali 64133"
      },
      "geometry": {
        "type": "Point",
        "coordinates": [
          115.1472039,
          -8.5353505
        ]
      }
    },
    {
      "type": "Feature",
      "properties": {
        "name": "SD Negeri No. 8 Banjar Anyar",
        "category": "sekolah_dasar",
        "region": "Tabanan Regency",
        "confidence": 0.84,
        "source_file": "LZIT5G8W.xlsx",
        "address": "F47Q+9VH, Banjar Anyar, Kec. Kediri, Kabupaten Tabanan, Bali 82123"
      },
      "geometry": {
        "type": "Point",
        "coordinates": [
          115.1397292,
          -8.5365554
        ]
      }
    },
    {
      "type": "Feature",
      "properties": {
        "name": "SD Negeri Semarapura Kaja",
        "category": "sekolah_dasar",
        "region": "Tabanan Regency",
        "confidence": 0.84,
        "source_file": "LZIT5G8W.xlsx, M7E1PVJI.xlsx",
        "address": "Besang Kawan, Tua, Semarapura, Kabupaten Tabanan, Bali 82191"
      },
      "geometry": {
        "type": "Point",
        "coordinates": [
          115.188916,
          -8.4095178
        ]
      }
    },
    {
      "type": "Feature",
      "properties": {
        "name": "SD No. 1 TUA",
        "category": "sekolah_dasar",
        "region": "Tabanan Regency",
        "confidence": 0.84,
        "source_file": "M7E1PVJI.xlsx",
        "address": "H5XJ+7H7, Jl. Cau Apuan, Tua, Kec. Marga, Kabupaten Tabanan, Bali 82191"
      },
      "geometry": {
        "type": "Point",
        "coordinates": [
          115.181416,
          -8.401833
        ]
      }
    },
    {
      "type": "Feature",
      "properties": {
        "name": "SD No. 4 TUA",
        "category": "sekolah_dasar",
        "region": "Tabanan Regency",
        "confidence": 0.84,
        "source_file": "M7E1PVJI.xlsx",
        "address": "-Baturiti, Jl. Raya Apuan -Baturiti No.28, Tua, Kec. Marga, Kabupaten Tabanan, Bali 82191"
      },
      "geometry": {
        "type": "Point",
        "coordinates": [
          115.1819646,
          -8.4016478
        ]
      }
    },
    {
      "type": "Feature",
      "properties": {
        "name": "SD Saraswati Tabanan",
        "category": "elementary_school",
        "region": "Tabanan Regency",
        "confidence": 0.84,
        "source_file": "M7E1PVJI.xlsx",
        "address": "F4GX+R3W, Unnamed Road, Banjar Anyar, Kediri, Tabanan Regency, Bali 82123"
      },
      "geometry": {
        "type": "Point",
        "coordinates": [
          115.1476974,
          -8.5228807
        ]
      }
    },
    {
      "type": "Feature",
      "properties": {
        "name": "SD Saraswati Tabanan",
        "category": "sekolah_dasar",
        "region": "Tabanan Regency",
        "confidence": 0.84,
        "source_file": "M7E1PVJI.xlsx",
        "address": "Jl. Pahlawan No.2, Delod Peken, Kec. Tabanan, Kabupaten Tabanan, Bali 82121"
      },
      "geometry": {
        "type": "Point",
        "coordinates": [
          115.1353385,
          -8.5402166
        ]
      }
    },
    {
      "type": "Feature",
      "properties": {
        "name": "SD no 1 Perean",
        "category": "sekolah_dasar",
        "region": "Tabanan Regency",
        "confidence": 0.84,
        "source_file": "M7E1PVJI.xlsx",
        "address": "H5CR+RP2, Jl. Umadiwang, Perean, Kec. Baturiti, Kabupaten Tabanan, Bali 82191"
      },
      "geometry": {
        "type": "Point",
        "coordinates": [
          115.1921829,
          -8.4279611
        ]
      }
    },
    {
      "type": "Feature",
      "properties": {
        "name": "SD no 2 Perean Tengah",
        "category": "elementary_school",
        "region": "Tabanan Regency",
        "confidence": 0.84,
        "source_file": "M7E1PVJI.xlsx",
        "address": "H58X+2WG, Jl. Pratu Made Gampil, Perean Tengah, Kec. Baturiti, Kabupaten Tabanan, Bali 82181"
      },
      "geometry": {
        "type": "Point",
        "coordinates": [
          115.1998367,
          -8.4349418
        ]
      }
    },
    {
      "type": "Feature",
      "properties": {
        "name": "SD. Negeri 1 Tajen",
        "category": "sekolah_dasar",
        "region": "Tabanan Regency",
        "confidence": 0.84,
        "source_file": "LZIT5G8W.xlsx, M7E1PVJI.xlsx",
        "address": "G4XX+63F Banjar Dinas Cepik, Jl. Merpati, Tajen, Kec. Penebel, Kabupaten Tabanan, Bali 82181"
      },
      "geometry": {
        "type": "Point",
        "coordinates": [
          115.1476793,
          -8.4519358
        ]
      }
    },
    {
      "type": "Feature",
      "properties": {
        "name": "SD.NO 4 .CEPIK BIAUNG",
        "category": "sekolah_dasar",
        "region": "Tabanan Regency",
        "confidence": 0.84,
        "source_file": "M7E1PVJI.xlsx",
        "address": "G4XX+548, Jl. Merpati, cepik, Kec. Penebel, Kabupaten Tabanan, Bali 82181"
      },
      "geometry": {
        "type": "Point",
        "coordinates": [
          115.1478211,
          -8.4520998
        ]
      }
    },
    {
      "type": "Feature",
      "properties": {
        "name": "SDN 2 Peken Belayu",
        "category": "sekolah_dasar",
        "region": "Tabanan Regency",
        "confidence": 0.84,
        "source_file": "LZIT5G8W.xlsx",
        "address": "Jl. Beringkit Abiantuwung No.45, Peken, Kec. Marga, Kabupaten Tabanan, Bali 82181"
      },
      "geometry": {
        "type": "Point",
        "coordinates": [
          115.168,
          -8.51323
        ]
      }
    },
    {
      "type": "Feature",
      "properties": {
        "name": "SDN 4 PENEBEL",
        "category": "sekolah_dasar",
        "region": "Tabanan Regency",
        "confidence": 0.84,
        "source_file": "LZIT5G8W.xlsx",
        "address": "Penebel, Kec. Penebel, Kabupaten Tabanan, Bali"
      },
      "geometry": {
        "type": "Point",
        "coordinates": [
          115.1549953,
          -8.4208737
        ]
      }
    },
    {
      "type": "Feature",
      "properties": {
        "name": "Sd 1 desa tajen",
        "category": "sekolah_dasar",
        "region": "Tabanan Regency",
        "confidence": 0.84,
        "source_file": "M7E1PVJI.xlsx",
        "address": "Jl. Merpati No.61, Tajen, Kec. Penebel, Kabupaten Tabanan, Bali 82181"
      },
      "geometry": {
        "type": "Point",
        "coordinates": [
          115.1497471,
          -8.4521032
        ]
      }
    },
    {
      "type": "Feature",
      "properties": {
        "name": "Sd 2 Marga Dajan Puri",
        "category": "sekolah_dasar",
        "region": "Tabanan Regency",
        "confidence": 0.84,
        "source_file": "M7E1PVJI.xlsx",
        "address": "G5PC+PW3, Marga Dajan Puri, Marga, Tabanan Regency, Bali 82181"
      },
      "geometry": {
        "type": "Point",
        "coordinates": [
          115.1722969,
          -8.4632444
        ]
      }
    },
    {
      "type": "Feature",
      "properties": {
        "name": "Sekolah Dasar Negeri 1",
        "category": "sekolah_dasar",
        "region": "Tabanan Regency",
        "confidence": 0.84,
        "source_file": "LZIT5G8W.xlsx",
        "address": "Jl. Tanah Lot No.47X, Pandak Bandung, Kec. Kediri, Kabupaten Tabanan, Bali 82121"
      },
      "geometry": {
        "type": "Point",
        "coordinates": [
          115.1338636,
          -8.579493
        ]
      }
    },
    {
      "type": "Feature",
      "properties": {
        "name": "Sekolah Dasar Negeri 1 Pesagi",
        "category": "sekolah_dasar",
        "region": "Tabanan Regency",
        "confidence": 0.84,
        "source_file": "LZIT5G8W.xlsx",
        "address": "H422+7F2, Desa, Pesagi, Kec. Penebel, Kabupaten Tabanan, Bali 82152"
      },
      "geometry": {
        "type": "Point",
        "coordinates": [
          115.1011252,
          -8.4493524
        ]
      }
    },
    {
      "type": "Feature",
      "properties": {
        "name": "Sekolah Dasar Negeri No. 3 Mengesta",
        "category": "sekolah_dasar",
        "region": "Tabanan Regency",
        "confidence": 0.84,
        "source_file": "LZIT5G8W.xlsx",
        "address": "J43R+RQ3, Mengesta, Kec. Penebel, Kabupaten Tabanan, Bali 82152"
      },
      "geometry": {
        "type": "Point",
        "coordinates": [
          115.1419365,
          -8.3954836
        ]
      }
    },
    {
      "type": "Feature",
      "properties": {
        "name": "Sekolah Dasar Negeri No. 4 Babahan",
        "category": "sekolah_dasar",
        "region": "Tabanan Regency",
        "confidence": 0.84,
        "source_file": "LZIT5G8W.xlsx",
        "address": "J592+Q3J, Babahan, Kec. Penebel, Kabupaten Tabanan, Bali 82152"
      },
      "geometry": {
        "type": "Point",
        "coordinates": [
          115.1501402,
          -8.3805266
        ]
      }
    },
    {
      "type": "Feature",
      "properties": {
        "name": "Sekolah Dasar Negeri No.4 Senganan",
        "category": "sekolah_dasar",
        "region": "Tabanan Regency",
        "confidence": 0.84,
        "source_file": "LZIT5G8W.xlsx",
        "address": "J5J6+2HV, Jl. Batu Luwih Kawan, Senganan, Kec. Penebel, Kabupaten Tabanan, Bali 82191"
      },
      "geometry": {
        "type": "Point",
        "coordinates": [
          115.1614246,
          -8.3698866
        ]
      }
    },
    {
      "type": "Feature",
      "properties": {
        "name": "WARUNG Perempatan",
        "category": "coffee_shops",
        "region": "Tabanan Regency",
        "confidence": 0.87,
        "source_file": "JQLVN4D2.xlsx",
        "address": "C3VX+QMG, Jl. Yeh Gangga I, Gubug, Kec. Tabanan, Kabupaten Tabanan, Bali 80115"
      },
      "geometry": {
        "type": "Point",
        "coordinates": [
          115.0992013,
          -8.5555725
        ]
      }
    },
    {
      "type": "Feature",
      "properties": {
        "name": "Warung Pertigaan Men Nanda",
        "category": "restaurants",
        "region": "Tabanan Regency",
        "confidence": 0.87,
        "source_file": "ZDNRHRHP.xlsx",
        "address": "Jl. Tanah Lot No.85, Pandak Gede, Kec. Kediri, Kabupaten Tabanan, Bali 82121"
      },
      "geometry": {
        "type": "Point",
        "coordinates": [
          115.1205649,
          -8.5933561
        ]
      }
    },
    {
      "type": "Feature",
      "properties": {
        "name": "Wisata Mini rafting & Penglukatan Yeh Sungi Belayu",
        "category": "attractions",
        "region": "Tabanan Regency",
        "confidence": 0.9,
        "source_file": "wisata.xlsx, XLU5DC2A.xlsx",
        "address": "Jl. Beji, Batannyuh, Kec. Marga, Kabupaten Tabanan, Bali 82181"
      },
      "geometry": {
        "type": "Point",
        "coordinates": [
          115.1697605,
          -8.5120041
        ]
      }
    },
    {
      "type": "Feature",
      "properties": {
        "name": "Wisata Spiritual Tirtha Nadi",
        "category": "attractions",
        "region": "Tabanan Regency",
        "confidence": 0.9,
        "source_file": "wisata.xlsx, XLU5DC2A.xlsx",
        "address": "Kaja, Desa, Selanbawak, Kec. Marga, Kabupaten Tabanan, Bali 82181"
      },
      "geometry": {
        "type": "Point",
        "coordinates": [
          115.174746,
          -8.4687502
        ]
      }
    },
    {
      "type": "Feature",
      "properties": {
        "name": "balai banjar",
        "category": "event_venue",
        "region": "Tabanan Regency",
        "confidence": 0.87,
        "source_file": "4ZDU3D7D.xlsx, 20F8ADAH.xlsx, D7RSP2LU.xlsx, F5265UR2.xlsx, MKMOSR5C.xlsx, S33E300D.xlsx",
        "address": "H3P7+RQC, Wanagiri, Kec. Selemadeg, Kabupaten Tabanan, Bali 82162"
      },
      "geometry": {
        "type": "Point",
        "coordinates": [
          115.0643921,
          -8.412926
        ]
      }
    }
  ]
}
